55.00 59.50 52.25 55.00 64.75 85.75 63.00 73.25 78.25 89.25 86.50 122.25 111.75 75.75 78.00 84.50 88.25 129.00 72.75 91.50 104.75 62.00 76.25 90.75 100.00 125.00 164.50 78.50 159.00 72.50 49.75 27.50 26.75 70.25 69.75 61.25 30.00 34.25 43.75 84.25 97.75 108.00 104.75 102.25 107.00 118.25 77.00 79.25 72.00 75.50 108.75 128.25 129.75 120.50 90.25 92.50 210.50 139.75 83.25 137.75 183.75 112.00 87.25 69.50 110.50 125.25 104.25 161.00 104.25 124.50 109.75 114.25 69.25 80.50 99.25 100.75 147.00 124.75 190.50 75.75 76.25 77.50 95.75 59.50 96.00 85.75 131.00 105.50 183.50 142.50 89.50 107.25 142.75 133.75 97.75 113.00 135.25 156.25 108.50 127.00 104.25 87.50 108.00 130.00 107.75 110.25 176.75 102.75 74.25 83.25 46.50 59.00 58.25 124.00 80.00 106.75 103.75 105.75 64.50 63.75 42.50 53.75 51.00 94.75 105.25 108.25 95.50 65.50 66.25 73.00 74.75 91.25 67.00 104.00 122.00 136.50 117.50 102.25 97.00 51.75 87.75 47.25 68.75 103.25 100.75 62.25 108.50 78.25 73.75 65.75 79.50 61.75 90.75 88.75 87.75 70.50 66.50 74.00 63.50 54.50 86.75 70.00 100.50 86.75 82.75 64.25 49.00 72.25 61.50 67.25 70.75 41.25 38.00 44.50 29.25 38.25 92.50 99.00 104.50 83.50 70.50 80.25 86.75 81.75 88.50 79.50 108.25 114.00 65.00 87.25 104.50 86.75 73.50 78.75 59.00 63.00 41.00 66.75 84.00 91.50 119.50 103.00 86.75 96.75 82.00 63.25 102.75 99.25 79.00 72.00 53.50 42.50 72.25 120.25 81.75 88.00 59.75 82.25 71.75 101.75 65.75 57.25 70.50 53.25 74.50 56.75 63.75 35.50 37.25 40.00 53.50 99.50 99.75 87.00 97.25 111.50 95.75 116.75 105.00 98.00 56.75 66.00 50.00 64.00 109.00 63.00 80.75 130.00 197.75 123.50 161.00 239.50 206.75 192.75 186.75 170.00 142.50 146.50 166.00 131.25 162.25 178.25 155.75 177.00 146.75 155.50 142.00 119.75 106.75 87.50 126.50 75.75 61.75 82.50 73.50 143.50 97.25 115.75 116.25 83.75 86.25 106.50 94.75 112.25 242.75 147.25 151.25 133.75 116.00 124.00 142.25 198.00 248.50 241.75 167.00 95.50 73.75 122.00 95.50 202.75
57.00 34.00 43.25 62.75 57.50 70.75 73.25 79.25 76.50 70.75 123.75 117.75 68.25 62.00 73.50 90.25 96.75 123.75 76.50 129.00 81.75 53.25 53.25 81.25 157.50 112.75 114.00 84.25 52.75 41.50 43.25 44.50 31.00 73.50 90.75 28.50 53.75 91.75 81.25 77.25 108.50 114.00 93.75 117.50 106.50 84.00 61.75 95.75 97.25 84.25 119.50 176.75 102.50 66.50 71.75 70.00 108.75 214.25 187.00 82.75 77.50 90.75 60.75 59.25 79.50 86.25 105.50 175.50 122.75 115.50 95.00 75.25 60.50 56.75 101.75 61.50 139.75 124.25 188.50 107.25 90.00 123.50 109.50 102.75 63.00 92.75 123.00 90.25 106.50 189.25 116.25 112.50 143.00 114.75 138.75 110.25 97.50 80.25 111.50 117.50 96.75 58.25 78.25 75.50 73.25 168.50 164.25 117.75 135.00 144.75 90.75 85.25 66.50 71.00 46.50 59.50 99.75 57.50 47.25 41.00 43.50 42.00 38.25 115.25 119.00 74.25 88.50 87.25 88.50 67.75 103.50 124.75 136.25 113.50 105.50 121.50 128.25 126.50 132.00 87.50 105.25 68.50 66.00 89.50 84.75 65.00 82.00 60.00 90.75 82.50 96.00 78.50 61.00 86.50 82.50 80.25 64.50 73.00 71.25 73.00 90.25 65.50 78.50 101.00 91.75 72.50 48.50 50.50 36.50 66.00 56.00 65.75 77.50 59.00 44.25 33.75 34.25 55.25 81.50 110.75 90.50 88.75 73.75 83.75 112.25 125.00 103.25 61.00 95.00 68.00 72.00 97.25 65.50 65.25 63.75 53.25 60.50 87.25 74.50 90.50 97.75 83.50 88.75 81.00 76.50 88.25 81.50 73.50 99.50 76.50 57.75 49.75 68.50 66.25 76.50 87.50 68.75 94.75 57.50 85.50 105.50 59.00 78.50 74.75 62.75 63.00 66.00 59.25 49.50 38.75 46.75 64.75 93.75 90.75 94.00 89.00 81.25 117.25 118.75 104.50 85.50 73.75 75.25 88.25 114.75 118.75 98.00 101.75 102.75 105.75 119.50 158.00 164.75 160.75 149.75 172.25 154.00 162.75 143.25 166.25 156.25 164.50 191.25 123.50 133.25 118.50 103.00 106.25 95.50 122.75 133.25 72.00 70.00 75.25 51.75 69.50 60.50 74.75 91.25 62.00 85.25 112.25 103.75 139.50 231.75 224.75 234.75 127.75 117.00 102.50 111.00 141.75 239.25 193.75 126.25 74.25 51.50 94.75 92.50 173.25
51.25 52.25 65.25 64.75 52.25 62.25 56.25 87.50 79.00 101.00 133.00 104.50 62.75 69.75 119.00 121.50 81.00 110.00 66.25 106.25 66.25 61.75 109.75 99.00 77.25 117.50 66.50 59.75 41.75 61.75 37.00 35.75 38.75 81.50 108.00 75.75 103.25 87.00 72.50 94.25 105.00 107.25 109.25 85.25 61.25 56.50 55.75 109.00 120.50 126.00 180.50 124.75 93.50 101.50 73.75 64.50 76.00 70.25 86.25 105.25 101.50 82.75 68.75 80.75 100.25 131.50 73.25 155.25 95.25 84.50 81.00 56.00 63.75 85.25 89.25 81.25 134.75 163.50 188.25 121.00 130.00 110.50 131.75 106.50 78.75 100.25 92.50 112.50 89.50 188.00 145.00 101.25 108.50 108.25 85.75 95.00 80.00 80.50 82.25 96.75 102.50 72.75 49.00 56.50 86.75 140.00 199.75 181.75 140.50 121.25 102.50 72.50 57.75 48.50 41.50 44.25 51.25 38.75 39.25 36.00 52.00 51.50 100.00 151.00 70.75 60.75 86.75 83.00 67.75 104.00 123.50 164.00 177.25 134.25 123.00 188.00 168.50 185.50 122.50 109.00 107.75 105.50 58.00 75.75 90.25 59.50 57.25 69.00 72.25 67.25 85.75 72.25 90.75 71.50 63.50 67.50 74.50 70.25 60.00 62.00 92.25 83.00 63.75 57.50 93.75 50.75 50.25 43.25 77.50 50.25 59.00 69.75 73.75 76.25 77.75 52.25 30.75 44.25 69.50 54.25 82.75 111.00 102.75 91.75 83.75 86.25 55.25 76.00 71.00 45.25 33.75 51.00 44.50 51.50 76.75 80.25 66.75 47.00 44.50 49.00 42.50 24.75 46.75 50.75 72.00 75.25 79.50 78.75 77.25 98.00 59.00 60.00 50.50 73.25 73.25 78.50 69.75 64.75 95.75 63.25 85.75 84.75 64.50 56.75 56.25 66.00 56.25 87.75 88.00 73.00 60.50 54.25 91.75 101.25 107.50 95.50 112.50 134.00 131.00 109.00 98.25 96.50 98.50 86.25 94.50 89.25 100.00 92.50 93.75 74.75 94.25 112.25 124.25 209.75 180.75 119.75 161.75 139.25 147.25 104.50 130.00 112.25 140.00 97.00 120.75 103.25 115.50 121.50 114.75 91.00 155.00 129.25 87.25 61.75 52.00 55.50 49.50 46.75 52.00 41.50 69.50 88.50 81.50 112.50 191.50 233.25 154.75 134.25 99.25 96.00 80.50 115.25 230.75 146.75 78.75 58.25 53.25 43.25 57.25 101.25
71.00 65.25 56.75 67.00 76.50 74.00 66.50 61.00 83.00 69.75 63.50 57.50 61.75 100.75 114.50 129.50 91.00 74.75 82.00 69.75 66.00 93.50 85.25 79.50 91.75 71.00 51.25 81.25 104.25 101.25 126.75 105.25 40.25 61.00 104.00 79.75 55.00 62.50 73.75 123.00 80.50 65.50 81.00 71.50 87.50 101.50 154.50 100.75 118.75 119.75 97.00 90.75 60.50 79.50 102.75 72.50 51.25 96.50 104.25 83.75 57.50 38.50 50.25 73.25 128.00 114.25 127.50 126.00 109.00 68.50 65.00 68.00 49.50 82.75 102.75 79.75 88.00 102.25 162.00 134.25 137.00 106.75 104.00 119.25 131.75 112.25 91.50 77.50 90.75 79.25 126.50 100.75 96.75 115.75 67.75 72.50 79.25 70.75 96.75 128.00 129.50 127.00 85.75 63.50 58.00 97.25 143.75 232.00 190.25 71.75 86.75 47.50 78.75 72.25 61.00 87.75 50.75 48.25 68.75 60.00 112.00 112.75 118.00 85.50 84.25 91.00 82.00 90.75 75.25 97.25 129.75 133.50 108.00 125.00 89.75 80.00 67.50 132.25 79.75 100.75 147.00 112.75 47.50 100.25 92.00 112.50 117.50 88.75 90.75 81.00 92.75 73.75 60.75 82.50 71.50 76.25 66.25 62.75 61.25 74.50 78.75 67.75 65.75 75.75 62.25 52.25 43.50 48.75 95.50 97.50 62.00 62.75 51.75 67.75 76.75 70.50 46.00 42.50 43.50 47.50 56.00 73.00 91.00 95.00 58.00 51.75 63.25 61.25 51.50 48.25 32.50 31.75 60.50 48.50 44.00 47.00 42.75 58.50 57.00 78.75 103.00 87.75 83.00 69.00 40.75 58.00 61.00 67.00 69.50 93.25 60.25 56.00 59.75 70.25 56.75 77.00 70.25 62.50 80.00 71.75 63.75 106.00 82.00 59.25 70.00 60.50 71.50 58.75 77.00 80.00 58.75 55.25 66.50 81.25 94.75 86.75 102.25 101.50 98.50 86.75 96.25 95.25 76.50 57.00 60.75 57.25 67.50 47.50 40.25 57.75 102.00 120.25 95.00 142.00 126.25 110.50 140.75 137.00 105.75 107.00 110.75 109.25 123.25 124.50 129.00 135.75 98.50 150.00 102.50 133.50 168.50 186.00 119.00 106.25 101.50 53.25 39.50 57.50 46.50 37.00 54.75 65.50 127.25 80.25 149.25 211.25 117.75 89.00 44.25 39.50 44.75 73.75 157.75 139.00 90.25 40.00 37.50 45.00 37.75 78.50
52.00 48.25 60.25 69.25 65.25 79.50 78.00 76.25 60.50 62.00 41.00 50.00 54.75 73.25 72.75 77.75 88.00 94.25 108.25 84.75 133.00 89.00 58.50 70.25 46.00 41.75 48.00 99.75 126.00 95.25 105.75 94.25 63.50 72.75 56.50 63.75 76.50 108.25 85.75 79.50 104.25 67.50 89.50 111.00 143.00 187.50 148.00 118.50 81.00 87.75 99.25 122.25 94.50 97.50 98.00 68.25 115.75 116.75 108.75 90.00 101.75 56.50 78.75 84.00 86.00 58.75 58.50 84.75 137.75 75.00 112.75 87.25 68.25 97.75 111.50 81.50 76.00 92.25 81.75 108.50 108.25 100.75 95.75 116.75 124.00 125.50 102.50 37.25 66.25 91.00 119.25 106.25 123.25 105.50 99.00 92.25 86.00 66.25 75.50 111.50 102.75 117.00 97.50 75.75 57.00 142.75 144.00 133.50 179.75 127.50 112.75 68.25 71.75 117.50 130.25 111.50 92.75 35.75 84.75 87.75 127.25 136.75 130.50 143.50 137.00 90.50 72.50 107.00 129.25 149.00 83.75 128.50 115.75 101.00 67.75 151.50 114.50 122.00 73.00 73.50 91.25 93.25 63.75 72.75 96.25 87.75 79.50 74.50 87.00 66.50 65.00 71.50 61.25 56.00 78.25 74.25 69.00 66.00 76.00 98.50 71.25 81.25 77.75 81.00 79.50 90.75 66.75 88.75 96.75 78.25 82.75 78.00 57.25 61.25 53.50 71.25 83.25 90.50 69.25 39.75 49.25 36.75 55.75 66.25 78.00 47.75 60.50 67.50 76.25 74.50 32.25 37.00 45.00 42.75 61.50 123.75 68.00 71.50 66.00 84.50 84.00 92.25 90.25 106.75 80.75 79.75 65.75 39.50 66.25 85.50 85.50 47.50 64.25 55.50 41.75 68.50 105.00 56.75 59.75 80.00 52.75 100.50 85.50 59.00 57.25 68.75 64.00 65.50 61.25 81.75 59.75 29.00 48.00 77.25 75.50 66.00 94.50 63.50 98.25 101.75 94.25 90.00 68.75 46.50 50.50 54.50 63.00 60.25 60.00 41.75 83.75 101.00 125.25 108.75 112.50 107.25 89.00 110.50 141.25 135.00 108.00 110.25 128.50 153.75 166.75 141.50 113.50 119.25 122.75 94.75 140.25 191.00 149.50 109.75 110.00 78.00 57.75 58.25 52.25 48.75 47.50 109.75 57.25 60.25 84.25 190.00 114.50 63.00 53.00 52.50 36.25 45.25 156.00 170.00 111.25 57.25 36.25 36.00 44.25 60.25
58.75 47.50 45.50 42.25 54.00 56.25 74.00 133.75 90.25 118.75 81.50 53.00 67.00 67.75 39.75 55.75 94.00 97.25 126.50 96.75 124.00 134.25 71.75 37.50 32.00 49.25 98.75 94.25 79.25 82.25 94.50 122.00 80.00 58.00 67.00 72.25 119.50 88.00 109.50 93.25 76.75 82.00 121.50 139.00 137.00 115.25 88.00 108.00 115.50 90.00 106.25 154.75 144.25 87.75 65.50 47.25 68.50 89.00 93.00 129.25 83.00 107.75 180.00 126.75 91.75 101.00 75.50 95.75 111.50 90.00 115.50 123.75 96.25 65.50 76.50 80.75 85.00 169.00 200.25 187.75 128.50 95.00 95.00 124.50 84.50 102.25 77.50 42.50 56.25 144.75 110.25 118.25 83.50 76.25 76.50 90.25 88.00 73.75 112.75 87.75 74.25 110.00 117.75 137.75 104.75 57.00 81.25 54.75 121.00 93.50 90.25 120.50 124.50 113.25 105.75 67.75 60.25 46.00 44.75 114.25 135.50 153.50 129.25 142.75 122.25 94.50 88.75 111.75 86.50 89.50 90.25 85.50 111.00 124.00 103.00 129.50 181.00 145.50 103.25 111.75 96.25 113.00 56.50 105.00 131.00 98.75 86.25 77.50 62.50 77.25 65.75 67.50 64.00 70.00 81.00 82.50 83.25 75.50 82.25 70.25 63.50 63.25 88.00 94.50 74.00 87.00 107.25 97.25 115.25 62.25 84.75 94.50 54.50 51.75 70.50 54.75 48.00 55.00 51.50 35.25 36.00 28.75 28.00 39.00 50.75 53.25 84.50 73.50 58.50 55.00 46.75 42.25 72.50 48.00 83.00 79.50 84.00 78.50 75.75 72.00 76.25 98.75 71.25 59.75 60.75 72.50 66.75 56.75 44.25 59.00 100.25 69.00 74.50 69.50 60.25 43.00 85.00 90.00 54.25 69.00 83.50 64.25 94.25 71.25 70.25 51.50 47.25 67.75 53.75 76.50 64.25 45.25 33.50 52.00 84.50 80.25 95.75 47.00 93.00 95.00 92.25 49.25 54.00 58.00 50.75 69.00 77.25 91.25 149.00 113.50 74.25 119.75 115.25 104.50 113.25 145.50 135.00 145.75 132.75 120.75 100.25 96.50 84.50 96.00 75.00 91.75 75.25 43.50 58.00 51.00 120.75 186.75 103.50 70.50 77.25 48.25 54.25 40.25 24.25 33.25 23.75 66.25 31.50 45.00 65.00 219.75 173.50 68.50 43.00 39.50 37.50 58.50 135.25 158.00 77.75 39.50 36.50 31.25 46.00 42.75
52.75 48.25 51.50 48.50 52.00 78.75 89.75 100.50 94.50 86.25 101.75 103.25 87.00 63.50 38.25 50.00 50.00 73.75 135.75 112.25 124.75 118.50 41.00 51.25 64.50 105.25 89.50 124.50 85.75 45.75 72.50 63.00 46.75 55.00 75.25 116.50 86.50 90.00 85.00 78.50 80.00 140.75 176.50 100.25 83.00 75.75 93.75 113.00 103.75 101.75 90.25 111.00 107.25 74.00 38.50 50.25 61.00 63.50 58.00 81.25 104.50 94.25 116.50 94.50 93.25 90.75 90.25 108.75 153.25 109.00 111.00 93.00 78.00 57.50 79.75 107.00 65.75 96.75 113.25 93.75 84.50 84.25 78.00 83.00 91.25 60.00 50.75 80.75 111.50 84.75 99.75 143.75 100.00 66.50 73.75 74.50 93.00 99.50 65.50 70.00 77.50 78.50 94.75 96.00 83.50 34.00 50.50 47.00 62.75 103.00 119.75 131.00 141.00 103.25 71.00 59.75 32.00 81.25 114.75 154.00 138.75 112.75 121.25 127.25 126.25 122.75 131.25 84.75 90.50 96.25 155.00 123.75 103.25 112.00 62.00 85.50 155.25 144.25 127.50 96.25 82.00 112.00 127.75 99.50 120.75 100.75 97.25 102.50 77.75 71.50 54.00 85.50 78.00 62.50 68.25 84.00 78.00 64.00 78.00 81.75 80.25 74.75 69.00 70.50 68.25 88.50 116.50 128.25 86.00 75.25 115.25 91.75 92.50 74.00 91.50 59.25 52.25 43.25 38.50 20.00 47.50 35.75 23.00 22.00 27.25 52.00 47.75 45.00 71.00 101.50 90.25 64.75 55.00 89.00 58.00 89.75 88.50 73.25 82.50 106.00 93.25 82.00 60.25 74.25 91.75 87.75 108.50 81.25 75.00 52.75 69.25 56.25 60.50 55.75 69.50 68.00 64.50 78.75 63.50 49.50 92.75 69.75 76.00 90.00 56.50 52.75 54.25 52.25 66.75 61.25 49.25 58.00 26.50 27.25 79.25 70.00 60.75 68.00 76.75 70.00 95.50 64.50 75.75 63.00 55.75 105.25 61.00 84.00 116.50 147.75 127.50 131.00 185.25 124.25 102.50 91.50 63.25 76.50 59.50 56.25 57.00 63.00 50.75 36.50 49.00 36.75 32.50 30.75 44.00 46.75 97.50 160.25 183.50 141.50 86.25 61.75 52.50 47.00 32.75 50.25 88.00 43.50 41.25 38.50 53.25 169.75 95.25 68.75 40.50 43.50 47.25 53.25 96.50 121.75 61.00 50.25 33.75 34.25 58.25 61.25
41.00 43.50 53.75 52.75 67.75 70.00 73.50 50.75 72.75 74.00 87.00 87.75 101.25 60.50 67.75 63.50 47.50 66.00 49.25 67.50 87.25 84.25 66.75 35.75 62.75 104.75 94.75 108.25 55.50 35.75 44.75 61.50 86.75 77.50 75.25 100.25 122.75 116.50 74.75 137.75 151.00 139.00 116.75 112.50 98.75 106.75 116.25 75.50 65.75 60.25 85.00 78.00 111.00 115.25 150.25 138.50 95.25 56.75 73.50 91.25 76.25 54.25 175.50 177.00 120.00 150.75 148.25 130.75 181.50 108.00 83.50 82.75 76.75 58.25 40.75 55.50 48.25 92.25 102.50 98.75 105.00 70.00 85.75 64.25 95.00 91.25 88.75 106.25 83.25 109.00 102.25 101.50 106.50 73.00 54.25 65.25 106.00 89.25 53.50 50.25 85.75 108.25 93.25 53.75 45.75 48.00 59.50 87.75 109.75 126.75 145.25 128.50 118.25 60.00 58.75 65.25 74.00 100.50 126.25 111.25 99.00 101.75 130.25 102.25 90.75 105.25 116.00 111.75 109.00 89.50 119.75 85.50 90.25 81.50 57.50 88.25 140.25 141.25 139.75 96.50 134.75 113.75 143.50 143.00 94.00 117.25 100.50 87.25 76.50 70.25 59.50 78.00 74.50 58.00 83.00 92.25 79.50 69.00 61.75 67.25 73.75 70.75 91.50 81.75 91.00 89.50 100.25 83.50 102.25 58.50 91.00 112.00 89.00 64.25 69.00 57.75 51.00 50.50 56.00 32.50 48.75 34.50 40.25 32.00 36.50 36.00 26.25 29.75 48.75 72.50 88.25 48.75 60.50 63.75 75.50 87.75 78.25 89.25 83.50 94.25 98.00 98.75 96.00 79.25 75.75 69.50 68.00 95.50 94.75 59.75 49.00 89.25 73.00 62.00 55.50 54.75 32.00 82.25 100.75 64.50 74.75 77.25 56.25 83.75 97.25 71.75 66.25 65.00 65.50 62.75 60.50 80.50 45.00 39.00 24.00 52.25 85.75 92.00 88.25 97.50 93.50 58.00 113.50 52.25 53.00 45.50 45.75 40.75 60.75 80.00 67.50 109.25 74.25 55.50 52.75 61.75 46.75 48.75 36.00 27.25 35.50 19.75 22.25 10.25 15.00 9.50 15.25 13.00 44.75 67.50 106.75 178.25 173.25 117.25 77.00 62.00 40.50 52.25 34.25 42.00 39.00 56.75 31.25 38.00 65.75 161.25 66.25 53.50 62.00 47.25 44.75 48.50 62.75 171.75 58.50 55.75 44.00 38.00 37.50 47.75
52.50 59.25 61.00 66.25 57.00 76.50 78.50 73.00 70.00 105.75 72.25 94.75 78.50 91.75 98.25 98.00 63.50 71.75 51.75 58.75 47.75 41.00 38.00 36.00 67.00 92.00 83.50 45.25 51.00 27.50 79.50 92.25 98.75 73.75 92.25 117.25 126.00 138.25 169.25 133.00 116.50 124.25 97.25 79.25 60.50 93.50 193.75 107.00 92.50 110.25 67.00 57.75 87.50 151.50 129.00 153.25 119.50 71.75 45.25 79.50 113.75 90.75 111.75 111.00 177.50 142.50 102.75 106.00 154.25 102.50 60.25 71.75 54.25 40.75 61.75 59.50 97.00 72.00 102.25 66.25 110.50 79.00 104.25 115.25 121.00 92.75 71.25 84.25 85.25 122.00 210.75 181.50 180.75 128.25 60.25 65.25 102.50 85.00 83.25 71.50 69.25 72.00 76.25 43.25 67.50 115.00 106.50 108.50 119.75 100.75 117.00 82.25 55.75 70.00 69.25 65.25 112.25 118.25 108.25 87.00 118.75 131.25 143.00 109.25 136.25 182.50 128.75 158.50 154.75 140.25 151.25 90.50 65.50 94.50 98.50 127.25 185.00 192.25 160.00 143.50 114.00 119.25 116.50 107.00 106.00 73.75 101.00 73.00 81.00 69.50 64.25 71.75 106.25 77.75 66.75 84.50 112.50 102.00 96.00 100.00 106.75 109.00 109.00 125.75 71.00 117.00 75.25 55.75 100.75 70.75 48.25 63.25 63.00 72.50 107.75 112.25 62.75 94.00 117.00 44.25 43.50 48.75 42.00 26.25 38.50 34.25 31.50 32.50 34.75 55.50 64.50 53.25 55.25 48.75 73.00 71.75 93.25 78.25 58.25 59.00 94.00 81.25 94.75 82.50 61.25 97.75 96.50 93.50 98.00 92.50 54.25 61.75 68.50 55.75 49.75 66.50 43.50 42.25 88.75 74.75 52.00 56.00 55.25 72.75 101.00 80.00 54.00 50.00 58.75 47.50 59.75 57.00 48.00 35.75 30.50 48.00 89.50 88.00 81.75 94.25 91.50 73.75 100.75 68.25 57.75 70.50 87.25 36.50 28.75 90.50 43.75 77.00 55.25 34.25 23.00 17.25 19.50 9.00 4.25 6.00 2.00 2.00 2.00 2.00 1.00 1.00 1.00 1.00 24.00 23.50 39.75 95.75 105.25 62.75 68.50 64.00 55.00 51.75 30.75 86.25 39.50 34.75 27.25 40.50 55.25 82.25 80.75 76.00 23.50 38.25 31.50 48.50 53.75 112.50 51.00 27.00 33.50 23.25 21.75 29.75
71.25 48.75 79.25 85.75 77.25 96.50 116.50 93.25 101.25 116.50 79.00 105.75 122.50 96.75 89.00 45.50 63.25 61.50 41.00 45.25 30.25 48.25 75.00 66.00 56.00 46.25 38.50 46.00 48.75 71.75 65.25 53.00 70.75 107.75 123.00 103.75 120.25 168.75 166.00 153.75 84.50 126.75 75.00 87.00 56.25 49.50 79.75 57.75 88.50 92.25 55.25 47.50 47.00 81.50 91.75 112.00 140.25 99.50 72.75 100.50 74.75 59.00 44.50 57.00 84.75 70.00 50.25 57.25 154.00 122.75 64.25 52.50 57.75 56.00 67.75 87.50 135.25 75.25 100.00 79.25 95.00 155.75 66.00 97.25 96.00 91.25 132.25 140.00 119.25 110.25 157.00 144.00 140.25 137.00 71.50 87.50 110.25 129.25 130.25 108.75 76.75 39.25 61.00 59.50 80.75 97.00 114.25 111.75 134.75 113.00 75.50 70.50 50.25 81.00 83.50 89.75 113.00 96.50 115.75 96.50 95.50 118.75 115.50 129.00 144.50 117.00 176.00 118.00 168.25 114.75 107.00 113.75 96.25 78.75 113.25 168.25 198.00 174.75 128.00 96.50 90.25 112.25 110.75 98.75 107.00 83.25 58.25 71.00 75.00 86.25 84.25 95.00 125.25 106.00 114.00 115.25 112.50 110.25 77.50 114.75 86.00 98.50 65.25 72.00 74.75 44.00 63.00 44.25 43.50 54.00 83.75 51.75 67.50 56.25 104.50 90.50 109.75 104.50 84.00 124.25 58.00 45.00 38.25 41.75 53.75 95.00 93.50 50.50 51.00 49.00 35.00 38.75 41.00 56.00 90.25 58.00 82.50 77.75 67.75 62.00 45.00 45.75 48.50 95.75 78.50 72.75 105.50 96.00 79.25 85.50 67.25 48.00 63.25 67.50 46.75 59.25 72.00 34.75 75.50 100.75 87.75 58.50 95.75 72.25 69.50 101.75 73.25 58.50 46.50 39.50 56.75 68.75 67.00 54.00 30.25 35.50 67.50 91.75 96.75 93.75 74.50 96.00 71.25 54.00 48.50 63.25 127.00 51.25 34.00 74.25 110.75 42.50 40.00 33.00 23.75 13.25 12.25 6.00 2.50 3.75 2.00 2.00 2.00 2.00 1.00 1.00 1.00 1.00 7.00 6.50 33.75 59.25 45.50 41.25 74.50 119.75 76.00 50.00 36.00 66.50 36.75 21.75 19.00 38.25 43.25 62.25 53.75 34.50 18.50 12.50 10.00 20.00 35.75 90.00 42.25 19.25 7.00 21.25 24.25 14.50
110.75 88.00 68.00 103.00 133.75 97.00 60.50 78.25 109.50 71.50 69.75 84.25 142.25 115.00 74.25 123.50 89.75 85.00 60.00 45.50 35.50 29.75 41.75 53.25 41.75 27.25 53.50 81.75 96.25 95.25 115.00 80.00 107.75 111.75 121.00 158.50 114.75 114.00 184.25 138.00 84.25 93.00 56.00 41.25 35.00 40.00 23.25 52.25 48.75 61.00 100.00 109.50 70.75 72.75 77.00 56.25 70.50 63.75 40.00 38.75 35.50 37.00 36.50 50.00 91.25 121.75 61.25 65.50 91.75 83.75 69.50 47.00 49.25 39.50 75.00 100.50 111.00 45.50 79.00 109.00 150.75 115.25 85.50 64.75 99.75 120.00 146.50 159.25 135.00 155.50 130.00 122.75 123.50 93.75 151.00 106.25 96.00 110.75 95.00 86.00 61.00 44.00 74.50 112.75 113.50 95.25 55.00 73.25 91.25 108.75 116.50 85.00 80.25 71.50 90.50 142.50 121.00 126.75 117.25 91.75 101.25 77.25 104.50 127.00 109.25 94.00 146.25 101.25 104.50 85.50 78.75 103.00 69.25 86.00 125.25 159.00 117.25 98.50 76.75 92.00 88.25 82.25 91.00 87.00 86.00 102.25 82.50 62.50 62.25 97.25 99.25 75.50 93.50 74.00 78.25 74.75 68.00 63.75 56.50 64.50 54.25 66.50 55.50 60.00 40.00 37.50 44.75 48.75 47.50 67.00 115.25 85.50 54.25 48.50 85.75 102.00 137.50 111.75 83.25 82.00 95.00 61.00 33.75 29.25 44.50 49.00 93.00 151.00 98.75 46.00 45.50 52.25 40.50 42.50 62.25 88.75 95.00 59.00 82.50 89.50 47.00 63.25 62.00 89.00 99.75 92.75 52.25 95.25 77.00 80.50 92.75 52.50 38.75 82.00 55.50 71.50 55.25 53.25 51.75 97.00 97.50 68.75 64.75 99.50 54.25 73.25 89.00 68.00 62.25 64.25 64.25 57.25 78.50 71.00 54.25 30.25 45.00 80.00 85.00 110.00 74.00 83.75 91.25 112.75 64.00 61.50 137.50 95.75 51.75 26.25 57.50 36.75 13.75 16.50 10.00 3.00 4.00 2.75 1.50 1.50 2.00 2.00 2.00 2.00 1.00 1.00 1.00 1.00 4.50 0.25 14.50 11.25 25.50 22.00 46.00 43.25 47.25 50.25 49.75 37.75 25.00 15.00 14.75 16.50 26.00 31.50 26.75 11.75 7.25 4.25 5.75 19.00 29.00 74.00 41.50 16.00 13.25 14.75 14.50 13.00
120.50 128.75 69.00 83.50 124.00 116.75 48.50 127.75 114.00 92.25 99.75 101.00 116.25 86.00 80.50 95.00 102.50 75.00 48.25 45.25 54.25 41.25 86.50 60.00 95.75 51.75 76.25 74.00 92.00 102.25 102.75 90.25 124.25 154.75 129.25 114.50 139.00 101.00 146.25 77.75 75.50 49.75 112.25 58.25 52.25 43.00 59.00 69.00 79.00 113.75 104.25 69.50 69.75 44.50 37.00 14.50 17.00 34.00 34.75 43.25 59.00 72.50 62.50 121.00 152.50 145.50 137.50 114.75 120.25 139.00 55.25 98.00 62.50 55.00 67.75 105.25 75.50 50.25 77.75 116.25 111.75 86.50 105.50 104.75 106.25 117.00 130.25 132.25 122.25 123.00 119.00 122.25 116.75 114.25 161.75 134.00 72.25 96.25 83.25 91.50 93.00 79.75 56.25 116.00 93.50 70.00 84.25 69.75 59.00 67.50 127.75 147.50 102.75 101.25 120.00 119.00 76.75 113.50 91.50 93.50 84.75 55.50 101.50 100.00 144.00 121.75 112.00 74.00 95.00 82.25 58.00 64.25 44.75 74.50 113.75 70.00 38.75 56.00 40.75 74.75 82.50 87.50 59.25 73.75 70.75 48.25 83.25 56.50 81.00 64.50 69.25 56.50 48.25 55.50 55.50 53.00 43.75 33.50 38.00 38.25 53.50 61.50 55.25 117.50 122.25 80.50 66.50 54.25 80.00 82.25 120.50 150.50 103.75 71.50 82.50 73.50 58.00 130.25 161.25 80.00 82.00 67.00 53.75 50.75 54.50 37.00 44.50 72.25 106.00 47.50 47.50 85.75 68.25 36.00 45.50 67.25 70.25 77.00 87.75 92.25 63.75 67.75 87.75 67.50 100.00 90.25 54.75 74.25 101.75 109.00 93.75 101.50 58.25 52.75 53.50 53.50 47.00 53.75 33.25 53.50 94.00 80.00 65.50 79.75 93.00 65.50 82.25 87.75 57.75 63.25 67.00 73.75 65.00 66.75 76.50 24.50 30.25 47.75 98.00 64.25 69.50 76.75 67.25 57.75 42.50 76.75 122.25 90.50 43.25 29.00 26.00 17.75 5.75 8.25 5.00 5.75 0.25 2.50 3.25 2.00 2.00 2.00 2.00 2.00 1.00 1.00 1.00 1.00 5.25 3.75 5.50 2.50 2.25 25.50 47.00 57.75 54.50 54.75 61.00 72.00 36.75 12.00 9.50 12.25 17.75 43.25 52.25 23.00 3.25 13.50 2.75 16.50 25.25 61.50 36.00 7.00 7.00 5.75 10.50 18.25
117.00 118.50 106.25 87.75 70.25 72.75 81.75 75.50 72.25 115.00 132.75 109.25 127.25 98.50 93.50 103.75 106.75 96.25 95.50 53.50 63.00 68.50 39.50 51.75 67.75 60.75 48.00 71.75 158.25 152.50 90.00 155.25 168.00 112.00 85.25 55.00 72.50 101.00 86.25 49.75 128.00 107.25 131.00 94.75 72.00 125.50 88.75 75.50 76.25 90.00 95.75 54.50 65.25 86.25 60.25 45.75 49.50 117.00 115.00 140.25 178.50 152.75 136.25 193.50 85.75 96.00 111.50 103.50 114.75 177.50 72.00 86.25 100.75 57.25 65.50 116.25 113.75 80.50 192.25 207.25 138.50 111.75 151.00 155.75 103.25 99.00 96.50 125.50 107.75 112.00 105.25 86.50 124.25 153.25 115.00 184.75 120.25 106.25 112.75 120.50 123.25 113.25 100.25 99.75 97.75 107.00 90.75 105.00 47.00 68.75 60.50 109.50 139.25 141.25 129.00 118.25 118.25 108.75 108.25 79.00 67.50 68.25 121.00 134.75 121.25 141.00 90.75 46.25 102.75 139.75 47.75 79.25 47.25 69.25 75.25 36.50 41.50 35.00 28.75 33.25 32.50 51.50 48.00 49.75 55.25 58.50 56.00 100.25 103.75 89.25 50.75 57.50 70.75 53.00 70.75 96.25 68.00 71.50 90.75 70.50 84.25 71.50 87.25 83.25 113.50 128.50 113.75 151.50 149.00 145.25 126.75 133.25 162.00 188.00 126.25 81.00 90.50 77.50 102.50 134.50 104.50 67.50 44.25 30.50 68.00 100.50 61.50 41.00 60.25 52.25 73.75 116.75 68.00 46.00 49.25 36.25 38.25 61.50 69.75 70.25 77.75 65.75 75.25 62.00 67.50 88.75 72.75 72.50 77.00 54.75 81.75 117.50 54.75 63.00 88.50 60.75 48.50 45.50 38.50 33.00 55.50 98.25 82.25 52.25 61.50 64.50 71.50 104.00 90.00 55.25 72.50 77.75 64.50 53.25 36.75 42.75 26.75 50.00 62.25 75.50 64.25 72.75 79.00 52.00 52.00 61.50 73.25 40.75 15.50 19.50 17.25 10.00 11.50 28.75 12.75 6.25 3.75 5.00 1.50 1.25 2.75 7.75 16.00 13.00 8.00 3.75 1.50 1.50 0.75 2.50 16.75 28.75 55.75 56.50 76.00 72.75 48.00 73.00 62.75 59.25 42.25 14.00 11.75 6.25 24.50 24.00 46.00 18.75 7.00 6.75 4.25 19.50 20.00 37.50 36.50 14.50 11.25 8.00 23.75 7.75
133.25 106.75 96.00 144.00 90.50 123.25 132.75 119.25 90.75 125.75 126.75 120.00 76.50 120.75 92.25 97.25 90.25 121.50 133.25 103.00 67.00 64.25 54.75 69.00 92.25 92.25 87.50 80.75 101.75 145.75 174.25 156.50 126.50 126.25 135.75 66.50 82.75 69.75 48.50 78.25 105.25 115.00 53.00 85.25 86.50 105.75 83.00 61.25 50.25 43.75 62.75 60.00 102.00 101.50 82.25 58.75 40.50 84.75 91.25 127.50 146.00 142.25 81.50 77.25 80.00 85.50 100.00 67.50 92.00 152.25 136.75 84.50 94.25 58.75 110.75 111.25 136.50 131.00 191.00 222.25 113.50 87.00 111.50 139.00 91.25 87.75 130.25 109.00 123.50 129.50 96.00 72.25 97.75 114.50 144.25 138.25 134.00 84.00 101.25 98.00 105.50 105.75 75.75 74.25 101.50 129.75 130.75 103.25 51.75 63.00 66.75 98.50 150.25 133.75 63.25 124.25 118.25 104.75 87.25 60.00 65.75 69.00 114.75 93.50 100.75 104.00 47.25 45.75 61.50 98.75 48.75 43.75 36.50 58.75 51.25 39.25 69.25 35.75 32.25 69.75 66.00 33.50 42.75 45.25 59.00 64.00 86.00 107.00 98.50 103.00 71.75 93.25 92.25 73.75 110.00 92.75 127.75 146.50 127.75 127.25 109.25 110.75 90.75 127.75 172.75 127.75 192.00 157.25 131.00 117.75 97.50 75.75 113.25 62.00 80.75 124.25 106.75 70.75 60.00 126.00 85.75 86.00 44.25 91.75 86.25 71.50 91.25 57.25 48.00 39.75 51.25 47.50 77.50 48.00 64.00 53.50 50.25 35.50 61.00 78.25 97.75 123.00 87.00 74.00 64.00 85.00 83.00 82.75 82.00 46.50 82.50 86.25 109.25 41.25 71.00 58.75 52.25 52.25 49.25 45.00 41.75 64.00 87.75 56.25 44.50 89.25 62.50 92.50 96.25 55.50 48.00 57.50 54.75 84.50 74.00 57.25 31.50 35.75 42.50 56.00 77.50 76.25 78.75 67.50 48.75 47.50 42.50 20.50 7.50 2.00 6.25 18.75 18.75 42.50 29.50 7.50 12.00 11.25 3.75 1.00 2.75 2.75 4.00 2.25 7.00 4.50 4.00 6.50 23.50 36.75 41.50 56.00 85.75 150.50 135.25 86.75 77.50 58.75 60.75 74.25 105.25 40.75 22.00 29.00 22.25 13.50 5.50 11.75 1.25 0.50 0.25 13.25 17.00 33.25 46.25 10.75 9.75 10.00 9.50 12.75
123.00 103.75 97.75 97.00 53.00 70.50 78.00 78.00 97.25 127.25 122.75 129.25 81.00 86.00 74.00 106.75 85.00 113.75 126.00 96.75 113.75 67.25 55.00 60.25 94.75 126.25 121.00 132.00 108.50 115.25 124.50 135.75 89.50 95.25 83.25 76.25 100.75 129.25 92.25 107.75 68.00 65.50 66.00 65.50 56.75 48.50 48.25 41.75 59.25 81.00 107.75 89.00 139.25 142.50 121.00 106.00 99.50 162.00 184.00 130.50 154.50 127.25 103.25 109.00 78.25 70.00 52.50 91.75 109.50 160.00 142.00 68.75 78.75 47.00 90.00 124.75 120.00 119.75 99.00 149.75 132.25 154.25 137.50 92.25 110.25 112.00 129.75 85.25 81.75 106.25 88.75 68.00 83.00 68.50 104.25 104.25 145.25 118.50 83.50 88.25 85.25 84.00 57.25 62.25 91.25 98.50 96.50 69.75 52.00 66.25 71.25 69.75 77.25 76.75 80.25 98.50 103.00 113.00 96.50 78.25 101.00 53.25 62.25 56.75 60.75 58.00 32.50 31.75 37.50 49.50 22.00 29.75 29.50 41.25 52.00 92.75 129.25 57.00 61.50 97.50 89.75 67.00 68.75 52.25 60.50 90.00 144.75 105.00 77.00 102.50 101.25 77.75 88.00 94.75 117.00 104.50 107.00 111.75 109.00 144.25 130.50 86.75 109.50 101.50 114.75 95.25 80.25 89.75 93.50 96.50 93.00 80.50 92.75 76.25 71.75 97.50 131.25 107.00 31.00 85.75 129.00 95.75 45.50 64.75 94.25 84.50 70.00 89.00 79.00 52.50 45.75 33.75 37.50 62.75 97.00 74.25 73.00 39.50 50.25 49.00 53.25 87.25 68.25 71.00 67.00 64.50 96.75 86.25 83.25 87.25 82.50 55.75 74.00 77.00 67.50 60.00 60.75 64.50 47.25 69.00 39.75 39.25 105.00 89.75 47.50 72.75 105.75 66.50 81.25 93.75 56.25 69.75 50.50 63.00 26.50 58.75 64.25 29.50 33.50 66.25 81.25 84.50 76.25 61.00 77.25 34.25 37.75 4.50 0.25 3.00 5.00 4.25 4.50 8.50 5.25 0.25 0.75 2.75 1.00 1.50 2.25 3.00 4.75 7.75 2.25 1.50 1.75 3.25 9.50 25.25 43.75 68.00 119.25 128.25 83.50 97.75 79.00 59.75 62.25 60.75 85.75 25.00 25.25 20.75 18.25 12.25 0.25 6.00 5.50 4.75 2.25 17.00 23.25 32.00 39.00 53.25 41.00 106.00 122.50 114.50
78.25 119.00 108.50 75.75 70.25 63.50 62.75 54.75 95.75 125.00 104.75 80.75 65.50 69.75 64.00 99.50 89.25 100.25 70.50 102.50 132.50 78.00 106.25 141.50 107.75 127.75 144.00 161.00 163.25 87.50 88.50 75.25 93.25 73.00 49.50 85.25 96.50 107.75 99.50 69.00 89.50 129.00 143.50 137.00 107.50 97.25 117.25 80.25 68.00 63.00 152.00 109.75 106.75 118.50 91.50 124.50 113.00 139.00 170.25 141.00 104.50 126.50 116.00 114.50 112.75 68.50 43.25 81.00 133.50 103.00 131.25 76.25 103.50 64.50 72.25 95.75 111.25 115.50 175.50 136.50 136.50 143.00 195.25 128.25 114.00 149.25 180.25 117.25 121.00 107.75 94.50 84.00 71.00 111.75 120.75 168.00 188.00 156.75 109.00 106.75 87.25 94.00 74.75 48.50 53.75 57.00 68.50 86.75 75.00 71.25 66.50 66.75 86.25 57.50 114.00 58.00 68.25 75.25 62.00 74.50 57.00 50.25 59.00 57.50 24.00 64.25 39.00 31.75 48.00 72.75 55.50 39.25 44.25 47.75 63.25 96.00 128.25 137.00 113.50 98.75 66.25 94.25 98.25 102.25 70.75 92.25 99.00 80.25 61.50 60.25 59.50 87.25 120.00 110.75 120.75 104.75 115.50 82.00 90.25 90.50 72.25 75.00 68.00 79.25 96.75 92.75 66.25 76.25 80.00 86.50 70.75 70.75 70.00 92.50 83.00 95.25 96.25 78.00 45.25 81.25 144.75 76.00 46.75 76.25 130.00 78.50 64.00 75.50 70.00 81.50 72.00 52.25 39.50 29.75 29.25 35.75 86.50 82.00 79.25 52.00 37.50 25.75 47.25 51.00 60.25 69.50 85.00 86.75 79.75 96.50 91.00 59.00 40.25 82.75 38.50 53.25 71.00 69.50 73.25 60.25 58.50 35.50 51.75 114.50 60.25 58.25 114.25 84.75 81.75 95.00 70.50 67.00 60.75 65.25 52.50 66.75 73.00 65.00 70.25 67.00 92.75 90.75 86.00 91.25 106.00 53.00 39.50 15.25 9.75 10.00 9.00 6.75 1.25 2.25 8.25 7.75 8.50 8.50 3.00 1.00 2.00 8.75 19.50 34.75 12.00 8.75 8.50 10.25 13.25 2.50 18.50 32.25 46.50 77.50 60.75 92.00 60.00 64.00 69.50 70.50 53.25 45.25 44.50 88.25 97.75 87.25 67.25 29.75 15.00 14.25 11.75 27.00 34.25 40.75 61.50 62.00 77.75 142.00 132.00 135.75
69.00 111.25 101.00 57.50 69.00 89.00 72.25 76.75 123.50 128.50 81.00 57.75 78.50 84.25 77.25 76.00 99.50 114.25 125.25 118.25 113.75 112.75 96.50 130.00 111.50 161.75 168.50 126.50 76.25 76.25 91.75 51.25 48.00 34.75 36.50 66.00 72.00 49.75 109.75 69.25 101.75 112.75 121.25 141.00 142.75 124.25 112.75 114.75 102.25 120.50 93.00 95.00 77.75 136.50 99.50 88.00 107.75 105.00 112.75 104.75 57.25 103.50 111.00 96.25 102.50 75.00 119.75 110.75 62.50 49.00 149.25 85.25 108.75 92.25 96.00 96.50 118.25 91.00 125.50 143.50 189.25 130.00 127.25 143.50 155.25 124.50 127.25 72.50 86.25 59.75 44.25 56.00 65.50 72.00 49.75 66.50 87.25 105.50 76.75 72.75 74.75 90.50 73.50 61.00 44.75 51.50 57.25 66.00 73.75 83.25 125.25 123.50 185.00 91.00 84.50 60.25 48.00 28.75 47.25 47.75 53.00 57.00 40.75 46.50 34.00 51.00 72.25 62.75 94.00 113.25 133.75 111.50 100.50 113.00 101.75 90.00 90.25 75.75 63.50 56.50 58.75 69.25 64.25 106.25 68.75 71.75 75.25 82.75 56.50 59.25 88.75 94.00 80.50 73.00 85.50 84.00 76.50 80.75 65.50 84.00 84.25 79.25 77.75 76.25 83.25 67.50 58.75 67.00 59.25 69.75 47.25 66.50 59.00 75.75 86.25 98.50 112.75 97.00 75.50 97.75 98.00 115.75 67.50 77.50 91.50 93.50 108.00 76.50 56.00 80.00 70.75 90.00 76.25 40.00 35.75 53.75 37.25 69.50 58.00 89.50 79.75 42.25 37.00 46.50 52.50 54.25 63.50 82.25 88.50 92.25 87.50 82.50 84.25 109.50 74.00 48.00 58.25 82.75 93.50 56.00 62.25 42.25 42.50 50.00 67.50 59.25 71.75 62.00 71.00 66.25 94.00 77.00 51.00 75.50 54.75 69.25 90.25 101.75 65.00 66.75 100.75 67.75 90.00 86.00 110.00 54.00 29.00 20.75 8.25 20.50 19.50 12.25 20.25 10.75 31.75 27.00 73.75 97.75 69.50 33.00 35.00 42.75 64.25 95.25 62.50 36.00 28.50 32.25 26.50 1.00 19.25 16.50 26.00 31.50 51.75 52.00 58.00 57.00 66.50 55.00 57.25 55.50 97.75 111.75 123.00 115.50 113.50 104.75 107.75 62.75 60.50 83.50 66.75 82.50 71.00 57.25 81.00 141.75 122.25 114.50
89.75 165.00 182.25 131.25 95.25 103.50 89.50 73.50 83.00 64.75 58.25 58.50 63.25 85.25 85.75 77.25 105.50 73.25 53.25 107.00 107.00 95.25 72.00 95.50 138.75 172.50 206.25 175.25 114.00 166.25 99.75 69.25 50.50 48.75 58.75 69.75 88.75 79.25 96.50 132.50 125.25 127.50 123.75 122.50 127.75 100.00 79.50 137.25 113.25 109.25 95.00 94.00 81.50 99.25 92.75 59.00 57.00 94.25 119.25 105.25 56.25 97.00 55.75 63.50 81.75 130.75 153.75 210.00 173.00 94.00 143.75 181.75 121.25 114.00 81.50 77.25 93.00 85.75 89.75 164.25 140.50 116.25 72.25 57.75 104.25 90.75 58.75 53.00 37.00 57.25 48.25 57.25 79.75 80.75 35.25 69.50 66.50 68.50 84.00 65.50 50.75 41.25 46.25 46.25 39.25 43.50 31.50 39.50 48.25 58.00 67.00 43.75 81.25 54.00 58.00 50.75 37.75 36.25 65.00 87.25 79.50 73.50 57.00 66.50 62.00 61.25 113.00 106.00 114.00 126.25 128.75 114.50 142.75 136.75 175.00 113.50 88.25 94.75 87.75 88.00 82.50 95.75 101.50 167.00 97.25 78.50 97.50 113.25 75.25 97.00 91.50 90.50 54.75 78.75 78.75 97.25 62.25 72.25 51.00 57.00 58.75 69.50 91.50 49.50 69.00 53.00 63.50 53.25 47.25 52.25 37.75 74.00 70.75 68.00 85.50 93.50 103.25 86.00 92.00 96.50 70.50 75.50 51.25 128.75 122.75 149.25 133.00 73.25 79.75 79.50 75.75 70.00 87.50 74.50 69.50 51.00 41.75 39.50 36.25 79.25 104.00 98.25 56.00 40.00 37.75 44.25 67.00 88.50 94.00 97.00 92.25 79.75 74.25 83.50 102.00 78.75 68.50 84.00 64.00 73.25 51.50 63.75 89.75 102.25 79.00 67.75 84.75 74.75 71.25 81.25 69.25 91.25 64.25 75.50 70.75 88.25 84.50 76.50 83.00 73.75 97.50 86.50 86.50 85.75 72.25 49.75 35.50 41.75 28.50 30.00 55.00 105.00 87.50 45.25 91.25 53.25 75.25 85.50 96.25 59.75 38.25 27.00 48.50 64.50 47.25 14.00 9.75 12.50 12.25 5.75 16.25 30.00 53.75 63.75 65.00 32.25 45.75 53.75 50.25 59.25 63.25 72.75 123.75 115.00 120.00 135.25 97.00 69.50 68.00 58.00 55.75 54.00 65.00 124.00 75.75 61.00 76.00 90.75 98.25 99.00
61.50 83.25 81.50 91.25 90.00 90.00 103.75 86.25 61.25 39.50 34.75 58.75 70.50 90.75 73.50 92.00 73.75 55.00 74.00 102.75 103.25 108.75 91.25 89.75 124.75 181.00 138.75 132.75 157.00 116.25 161.00 192.50 98.25 117.00 50.25 52.25 66.50 55.25 82.75 149.75 150.75 107.25 90.00 114.75 113.50 102.50 132.25 126.25 110.25 94.50 106.75 138.25 143.00 96.75 89.75 110.00 94.75 89.25 80.75 80.00 102.50 83.50 92.00 109.50 104.25 110.50 94.25 115.75 118.00 92.25 112.50 185.50 94.75 113.25 68.00 51.50 88.00 54.50 49.50 48.75 64.25 33.50 38.50 44.25 27.25 42.75 43.75 22.50 36.75 45.75 47.25 82.00 77.25 71.50 35.00 55.75 46.50 32.25 30.50 22.75 29.25 28.75 37.25 18.75 22.25 50.50 33.75 44.50 52.25 76.00 125.50 80.50 87.50 80.50 68.25 67.00 69.00 63.75 105.75 132.25 113.25 137.00 65.25 104.50 101.75 126.00 122.25 125.25 86.00 109.00 115.50 90.75 111.75 78.25 94.75 80.75 55.75 70.50 71.50 110.75 115.25 163.50 151.75 124.25 126.75 74.50 65.75 126.25 121.25 121.25 130.50 116.25 102.25 74.75 58.50 54.50 58.50 66.75 39.00 36.25 54.00 91.50 89.50 53.75 37.25 35.50 37.75 35.00 51.00 49.00 53.00 74.75 78.25 89.50 89.00 89.00 75.00 88.75 91.75 79.25 84.00 99.75 74.00 138.50 76.75 156.75 169.50 78.00 74.75 71.00 81.00 64.75 74.00 77.50 102.50 93.25 77.75 44.50 37.00 54.75 51.00 75.50 102.00 86.75 69.75 40.50 40.00 47.75 74.00 90.75 97.75 83.75 98.75 93.25 91.25 103.50 63.50 44.00 73.50 106.25 144.25 120.25 95.50 72.00 74.75 83.25 98.00 47.75 84.00 104.75 63.00 67.25 87.75 77.75 102.00 84.75 109.75 70.25 79.50 73.50 87.25 89.00 79.00 84.25 63.00 52.50 50.25 61.50 42.75 33.50 75.50 78.50 122.25 66.25 93.75 42.50 52.00 83.25 76.50 44.00 29.75 10.50 8.25 4.25 2.00 4.00 3.00 5.00 8.50 27.25 42.00 62.25 133.25 117.75 60.25 68.25 59.50 59.25 62.50 55.25 50.25 58.25 94.50 83.25 120.75 79.25 64.50 60.50 68.25 73.00 75.00 81.00 73.75 80.75 87.75 85.50 73.25 70.50 100.00 96.75
61.50 53.00 77.00 71.25 90.75 69.50 90.75 70.50 45.75 27.75 64.50 84.25 80.75 77.00 77.50 75.25 73.50 41.75 67.25 108.50 94.50 94.00 77.00 70.25 107.75 76.00 123.50 110.75 85.75 58.50 101.75 159.00 110.00 70.50 67.00 62.00 70.00 68.25 87.75 146.75 119.25 96.75 91.75 125.75 155.00 140.00 129.75 129.75 115.75 131.75 127.75 128.50 110.75 105.50 172.75 149.00 194.25 104.25 110.25 88.50 125.50 102.25 104.00 64.00 88.00 84.75 126.50 99.50 136.75 80.25 101.50 138.25 94.50 79.25 42.50 60.00 35.00 45.00 33.25 31.50 39.25 57.50 42.25 32.00 23.75 23.00 38.50 33.50 19.00 17.50 12.25 13.50 14.00 11.50 20.25 14.50 26.50 30.25 55.50 41.75 57.75 85.25 106.00 98.00 102.00 70.25 70.25 50.25 62.00 102.25 84.50 89.50 113.00 88.25 73.25 85.25 76.50 88.75 93.25 141.25 143.00 136.25 112.25 107.25 117.25 104.50 104.75 91.25 83.50 99.50 87.75 71.25 67.75 76.25 84.00 81.00 77.50 84.50 108.75 71.75 78.50 93.75 110.00 97.50 124.50 63.25 49.25 76.50 97.50 126.00 114.25 103.50 98.25 75.25 56.75 46.50 32.75 47.25 34.75 47.50 40.75 79.00 90.25 81.75 89.50 69.25 84.50 72.00 79.25 72.00 94.75 79.50 82.00 101.50 68.50 92.25 88.75 77.75 94.25 68.25 92.25 104.50 52.50 62.25 62.50 161.75 87.50 71.50 125.25 82.25 66.25 64.75 73.75 46.00 70.00 79.25 101.00 64.50 51.25 30.50 38.50 31.25 75.25 107.75 99.00 73.50 66.00 48.25 47.00 63.75 61.75 95.50 108.00 103.25 83.00 88.50 95.00 65.00 62.75 141.00 118.50 89.75 77.00 76.00 63.75 102.50 73.75 57.75 91.75 67.50 104.25 60.00 91.00 110.25 125.00 100.00 93.50 82.75 86.75 90.25 87.75 85.50 84.00 94.25 60.00 43.00 61.00 74.75 54.50 46.50 62.00 39.50 48.25 27.75 32.00 16.00 29.00 20.75 9.75 7.50 13.25 21.50 23.50 24.50 31.25 31.25 87.50 94.25 65.00 123.00 145.50 119.50 123.25 126.50 70.50 60.25 67.75 62.00 52.75 79.00 79.75 66.75 94.25 137.00 107.50 74.75 71.50 63.00 73.00 63.25 71.75 113.50 111.75 122.25 123.25 135.25 165.00 146.00 130.50 138.75
66.75 40.25 43.25 48.25 66.00 56.50 32.50 33.00 25.75 55.00 99.00 79.50 84.75 77.00 60.00 99.00 78.50 55.75 59.50 94.00 85.25 81.75 66.25 88.00 122.50 80.75 129.00 100.50 53.00 38.00 53.75 35.50 51.50 110.25 117.00 131.25 130.75 151.75 162.25 102.00 151.25 121.75 86.00 95.25 109.50 132.25 106.75 158.50 133.00 146.00 153.50 144.25 163.50 124.25 143.00 122.50 124.00 124.50 133.50 122.50 96.00 78.00 83.00 49.75 75.75 78.75 62.00 37.50 53.75 42.25 52.75 68.75 120.25 91.75 63.50 39.00 44.00 56.25 54.25 34.50 44.75 55.50 30.50 14.25 11.00 9.00 11.25 7.75 1.25 15.00 18.75 34.75 47.00 46.25 98.50 48.50 50.00 82.00 88.75 109.00 117.75 118.00 99.75 133.00 140.50 96.75 104.75 73.50 79.00 94.50 70.75 80.00 86.25 75.00 82.50 110.25 118.75 92.25 96.75 83.75 91.50 79.75 79.00 97.25 65.50 77.75 99.25 93.25 75.25 63.25 62.50 58.50 79.00 81.75 70.00 51.25 74.75 96.25 98.50 115.25 102.50 67.00 86.25 88.75 119.50 59.50 58.75 96.25 126.00 110.25 130.75 109.00 133.00 125.75 74.75 49.50 79.50 63.00 65.25 75.00 88.00 94.75 76.75 78.50 83.75 79.25 76.25 64.75 81.00 95.75 85.25 69.50 88.00 75.50 102.25 126.25 103.00 80.00 91.50 72.75 77.75 82.00 46.50 57.75 94.50 207.00 85.25 61.75 160.00 124.25 121.00 91.00 81.25 62.75 65.00 76.25 73.75 77.50 73.25 51.25 42.75 29.00 39.75 53.25 71.00 114.75 99.75 67.25 44.50 41.00 42.00 43.00 46.00 68.50 70.00 64.50 75.25 99.75 98.75 87.25 98.50 70.75 55.75 55.75 62.75 77.25 38.25 56.50 89.25 75.50 83.75 74.75 57.00 93.50 61.75 70.50 76.00 87.75 99.75 77.75 85.00 77.25 84.00 112.00 79.50 59.00 55.00 71.25 61.00 23.75 25.00 12.50 30.50 25.75 43.25 67.75 36.25 36.00 73.00 127.50 87.75 66.25 82.75 122.75 113.75 112.25 126.25 150.50 142.00 168.50 205.25 155.75 138.00 178.25 91.25 68.25 69.25 79.00 46.00 63.25 67.75 60.25 78.50 90.50 115.50 100.75 75.75 94.00 91.75 129.50 104.00 119.75 141.50 126.25 149.50 167.25 149.50 127.00 178.75 165.75
59.50 38.00 33.50 56.75 29.00 58.75 79.75 58.25 51.50 56.00 61.00 68.25 54.75 86.25 84.75 96.75 80.25 79.00 47.75 46.00 50.50 67.50 52.25 113.50 135.25 74.75 72.25 80.50 80.25 88.25 63.75 56.00 75.25 128.25 171.00 157.25 158.75 93.25 127.75 119.75 119.00 113.25 78.25 76.25 108.75 178.75 101.75 126.25 124.00 109.75 97.00 97.50 117.25 73.25 77.50 109.00 90.75 44.50 30.50 32.00 34.75 23.00 17.75 25.00 35.25 34.75 53.50 25.50 61.50 85.00 24.75 60.00 89.00 103.25 42.50 33.75 50.00 22.00 34.00 17.00 32.50 23.75 32.00 14.00 15.50 26.50 37.50 38.50 64.00 63.00 94.25 100.25 95.25 87.75 107.50 94.50 72.00 108.25 92.00 71.50 67.00 76.25 83.25 99.50 128.00 127.75 99.00 63.75 55.75 68.25 82.25 81.00 73.50 67.50 82.75 93.50 76.50 71.75 62.00 78.50 107.50 103.75 92.50 76.25 66.75 77.75 71.00 72.00 54.75 41.00 55.25 52.25 44.50 57.25 64.75 62.25 72.75 79.50 85.00 97.75 122.50 53.25 48.25 75.50 132.50 106.75 64.00 124.25 105.50 81.50 97.50 97.25 108.50 92.25 79.00 65.50 86.50 79.25 71.50 92.50 91.00 65.75 77.00 65.50 93.75 80.75 71.00 70.25 74.75 77.00 76.00 85.25 84.75 87.75 93.75 107.50 86.25 97.25 68.00 95.75 169.50 66.50 91.75 153.50 114.75 187.25 129.75 101.25 204.25 136.00 126.50 105.00 115.00 78.00 72.50 81.25 78.75 90.25 74.50 74.50 75.25 58.00 37.75 34.75 34.00 54.25 71.75 96.25 87.50 52.25 46.75 46.00 29.75 36.50 27.25 44.50 59.25 87.75 82.25 81.50 59.50 54.75 64.75 66.75 78.75 35.00 43.25 72.75 65.25 74.25 50.75 75.25 102.25 98.75 54.50 39.75 49.25 42.00 43.25 48.50 65.50 58.25 43.00 61.50 74.25 70.50 57.75 68.00 53.25 28.00 57.25 50.00 51.25 53.75 65.50 138.50 133.25 100.25 126.00 124.50 135.75 165.50 141.25 178.00 165.50 188.75 173.00 190.75 148.75 166.75 145.75 123.00 101.50 95.50 97.75 69.50 72.75 109.00 68.50 59.00 73.50 64.25 77.50 118.75 122.00 168.25 168.25 147.50 146.50 137.75 135.50 96.00 146.25 146.50 165.50 184.50 134.75 186.75 224.00 199.00
50.50 52.75 55.25 64.25 31.75 48.50 73.25 54.00 37.75 51.25 95.00 82.25 89.00 96.25 78.50 74.25 71.50 65.75 64.25 59.50 68.75 84.50 83.75 100.75 102.50 82.75 102.25 118.75 142.25 161.50 115.00 98.00 133.75 194.50 81.75 112.75 84.75 84.00 120.25 132.50 108.00 107.25 75.00 87.50 75.00 120.25 96.00 53.00 108.25 92.50 60.25 50.50 56.00 43.00 32.25 58.75 73.50 60.25 28.00 71.00 38.25 27.00 51.00 43.50 37.50 40.50 52.50 27.50 39.25 29.75 24.25 48.50 66.25 68.50 62.00 41.75 31.50 20.00 62.50 39.50 65.00 48.00 78.25 51.75 95.50 149.00 110.50 131.25 151.00 106.25 113.25 112.00 89.50 88.00 54.75 76.50 74.25 97.25 67.75 78.25 87.25 66.50 108.75 90.25 98.25 104.75 72.75 59.50 58.75 38.50 96.50 90.25 103.25 78.75 115.00 139.25 104.00 81.00 56.50 69.25 70.75 68.75 73.75 61.50 72.00 63.25 42.00 58.75 70.00 41.75 45.50 57.00 45.50 43.25 54.00 71.00 70.00 83.50 81.75 93.75 122.25 54.00 64.50 79.00 123.50 75.75 77.75 91.50 78.25 59.25 83.00 86.50 68.25 94.25 79.75 93.00 76.25 51.50 59.50 70.50 70.75 78.00 53.00 80.25 71.00 83.50 81.75 83.25 87.25 90.75 65.25 89.00 70.75 80.75 78.50 73.25 52.75 88.75 72.00 90.75 70.75 95.25 77.00 87.50 117.25 149.00 86.00 92.25 159.25 127.00 89.00 110.75 125.50 75.75 50.00 75.25 79.25 92.50 67.25 68.75 75.25 74.00 92.75 63.00 20.00 21.50 32.75 50.75 72.00 94.25 42.50 34.75 29.50 43.25 50.25 66.75 63.50 85.50 70.00 61.00 75.50 40.50 64.75 51.75 44.75 49.50 51.00 56.00 44.50 88.50 83.50 76.25 67.25 80.25 88.00 66.25 86.50 81.75 68.50 83.00 66.00 83.25 77.00 68.50 58.25 62.50 62.00 66.75 73.75 40.00 56.75 56.00 55.25 117.50 117.50 161.25 180.75 198.00 164.50 179.00 200.00 179.00 157.25 149.75 148.50 136.00 130.50 177.25 123.00 118.00 132.00 141.75 150.25 141.00 162.75 85.75 50.25 77.00 74.50 64.00 62.00 44.75 72.75 92.25 85.25 147.50 176.25 165.75 166.00 104.75 109.50 135.00 127.75 164.25 195.25 178.25 150.25 160.00 144.75 87.75
78.00 45.25 50.25 64.75 34.75 45.25 60.00 55.00 50.00 80.75 134.50 108.75 81.50 82.25 73.25 77.50 89.50 87.50 64.75 60.75 63.75 95.00 98.50 95.50 108.50 61.50 86.25 158.50 178.25 141.25 159.25 116.50 131.25 146.50 145.00 81.00 78.50 100.75 85.00 44.50 69.75 73.25 29.50 33.25 48.75 28.00 39.00 69.50 42.00 37.25 23.75 37.25 35.00 36.75 28.50 44.00 82.25 82.00 33.25 37.50 25.50 17.25 8.00 10.50 15.50 36.00 19.25 14.00 26.00 31.50 24.00 47.75 68.25 64.50 42.50 43.50 48.00 57.50 113.75 100.50 86.50 86.75 115.00 68.75 76.00 86.50 83.50 81.00 92.00 80.00 88.75 100.75 81.00 103.25 99.00 79.25 56.25 93.25 74.00 81.50 112.50 98.50 115.00 78.00 71.75 75.00 75.25 65.50 53.75 32.75 73.25 112.75 91.75 102.50 91.00 127.25 125.25 134.25 72.00 69.00 45.00 54.50 72.50 56.75 45.25 51.00 52.50 64.00 65.75 61.50 48.75 60.25 43.75 55.25 71.00 82.00 78.25 75.50 45.50 80.00 86.50 78.00 69.75 66.25 98.00 111.00 70.50 78.75 109.50 55.00 64.25 62.25 68.50 71.00 73.50 84.00 84.50 91.00 82.00 72.75 100.75 85.00 82.25 77.50 95.00 75.50 72.00 114.00 82.25 73.50 68.50 63.00 59.00 81.50 82.50 36.50 55.25 108.75 85.50 80.00 113.00 109.75 115.00 42.25 116.75 140.75 74.25 81.75 161.00 132.50 102.00 114.75 119.50 109.25 73.00 100.00 69.25 87.25 75.00 67.50 49.75 57.75 83.00 77.25 78.00 55.75 40.75 34.50 42.00 55.50 59.00 45.50 60.50 45.50 51.50 51.00 94.75 82.00 56.50 47.25 69.75 59.75 64.00 56.25 58.00 60.75 55.00 72.50 85.50 76.75 92.25 96.50 97.00 84.75 100.50 69.75 88.25 105.50 81.25 82.00 71.00 54.50 64.00 66.00 81.00 62.25 63.25 48.75 59.50 54.00 54.00 47.00 64.00 99.50 109.25 193.50 164.25 150.75 155.25 114.50 163.50 114.75 125.50 90.00 105.25 115.00 154.75 162.75 118.25 122.25 106.25 104.25 144.00 138.00 132.75 77.75 56.25 54.25 83.50 45.75 57.25 62.25 60.75 51.75 84.50 103.00 198.50 172.75 192.50 232.75 140.75 149.50 77.25 75.50 113.00 97.25 91.50 87.75 53.75 76.75
78.25 80.25 85.25 99.25 57.50 66.00 79.25 70.00 100.50 105.25 125.75 172.75 103.50 81.00 84.50 114.25 117.50 132.75 91.50 75.50 103.00 114.75 136.00 78.25 110.00 109.50 84.50 158.25 199.75 170.50 158.50 73.50 59.75 69.25 53.00 36.25 26.50 26.50 62.00 50.50 44.00 62.00 42.50 58.00 109.50 56.25 56.00 95.50 80.50 50.25 45.00 38.75 49.75 30.00 26.75 19.75 27.75 14.25 15.50 16.00 14.25 50.50 43.75 37.00 56.50 64.75 93.25 148.25 103.75 119.00 83.75 147.25 104.00 111.75 110.50 51.25 52.75 63.00 75.25 76.75 107.75 145.50 139.75 97.75 97.00 107.75 93.00 89.25 94.50 83.00 86.00 86.50 70.75 89.50 78.50 65.25 100.75 85.75 76.25 82.50 112.00 107.75 79.75 89.00 67.50 84.50 126.25 109.00 103.50 60.00 46.50 59.25 64.25 62.75 99.25 105.50 107.25 123.25 83.75 49.00 49.75 61.50 86.50 63.25 52.75 52.75 66.25 87.00 67.25 90.50 72.50 83.00 66.50 74.25 75.50 82.75 79.25 86.50 64.75 96.00 109.00 121.50 130.00 73.25 79.50 93.50 66.75 80.00 94.25 97.25 134.00 78.50 107.75 100.50 93.50 80.25 66.50 87.50 86.75 75.25 81.50 93.25 86.00 79.50 74.75 72.50 80.00 98.50 87.00 88.25 85.50 70.75 92.75 84.75 77.00 59.75 62.75 70.00 62.00 101.75 85.00 93.75 103.25 81.25 79.50 71.50 77.25 115.50 105.50 90.00 86.75 96.50 75.75 103.00 92.50 90.50 84.25 80.25 75.50 66.25 74.75 76.00 60.50 82.25 100.50 106.50 59.75 31.50 31.75 22.25 45.50 59.00 106.75 56.25 48.25 47.00 60.75 55.75 45.75 62.25 100.75 70.25 59.75 46.25 61.75 62.25 78.75 102.25 88.75 72.00 90.00 75.75 57.75 98.50 93.50 71.50 104.00 71.50 72.75 85.50 78.75 87.75 59.00 91.50 87.75 63.00 49.00 49.75 51.75 51.50 51.75 53.25 82.50 110.00 113.75 149.75 167.50 132.25 131.50 140.25 138.50 119.75 114.25 94.75 73.25 107.00 93.25 91.25 124.50 98.25 94.75 110.50 123.50 98.50 166.75 96.75 69.50 76.25 93.25 91.50 61.50 60.75 57.50 75.75 94.50 111.25 142.00 101.25 110.00 186.50 86.50 126.25 61.75 74.25 109.75 97.25 93.75 74.25 45.75 65.50
86.75 86.25 107.50 156.50 148.25 97.75 84.75 108.50 73.75 97.00 81.00 115.00 86.50 105.00 99.25 141.50 108.00 109.25 127.25 92.75 106.25 116.75 102.50 84.50 73.00 83.00 79.50 46.25 61.50 45.50 52.75 35.50 32.00 46.50 65.75 24.50 34.00 43.00 21.00 22.25 30.00 32.50 39.00 36.25 64.00 40.50 13.00 29.75 34.00 41.75 12.25 16.25 21.75 24.75 50.00 81.50 106.00 100.50 137.75 133.25 128.00 180.75 153.25 86.00 68.25 103.00 144.25 122.50 129.75 187.50 141.50 205.25 119.00 100.25 83.00 75.75 66.50 45.25 72.25 90.25 77.25 48.25 74.50 78.00 79.00 102.00 83.25 84.00 107.25 93.25 82.50 102.00 75.50 88.00 87.25 73.75 65.00 59.75 89.25 95.50 91.50 105.00 186.00 92.25 139.00 65.75 84.75 108.50 109.75 71.75 47.00 50.50 85.00 99.00 94.75 94.50 101.75 91.50 74.50 60.00 36.75 43.25 86.75 83.50 86.00 84.75 73.00 83.00 59.25 103.50 60.50 59.50 78.25 77.00 71.00 63.75 81.50 93.50 59.00 114.25 109.50 135.25 99.00 100.75 71.00 95.00 80.25 67.50 91.00 102.00 117.00 125.50 139.50 132.50 116.75 89.75 84.25 72.50 82.00 82.50 94.75 86.50 89.50 94.50 78.50 82.75 100.25 91.75 88.25 85.00 78.25 85.25 85.50 83.00 76.00 57.50 64.75 77.75 58.75 98.50 134.00 93.50 107.75 85.25 178.25 136.25 75.50 76.25 63.75 55.00 47.25 77.75 59.25 90.00 83.25 95.75 96.75 84.25 86.25 85.00 116.50 96.00 73.75 86.25 79.00 96.75 63.50 65.00 46.50 54.00 33.00 25.25 43.75 36.50 41.00 46.50 41.50 32.25 36.00 54.00 33.50 61.50 118.50 70.75 79.75 81.25 47.00 103.25 78.00 89.50 98.00 86.50 38.50 79.75 71.50 80.25 82.00 72.25 100.75 92.50 81.50 88.25 76.50 90.00 58.75 74.50 57.75 47.75 47.75 57.25 73.25 74.00 106.75 101.75 150.50 138.75 173.00 148.50 122.75 86.25 117.75 211.50 154.00 142.75 112.00 113.50 97.00 101.25 107.00 86.50 90.75 100.50 113.25 94.50 115.00 136.00 88.75 74.25 72.75 44.75 56.75 59.75 76.75 60.00 70.50 48.75 111.00 96.50 103.50 187.50 69.00 141.00 61.25 64.00 96.75 103.75 81.75 104.50 66.00 75.25
56.25 87.25 107.75 108.25 103.50 90.25 71.25 66.00 77.75 89.00 50.25 46.75 80.25 88.75 89.00 118.00 122.75 121.25 103.75 106.00 67.00 91.75 87.00 66.25 54.50 69.00 56.00 22.50 22.50 29.50 37.25 29.00 25.75 56.75 58.25 25.50 22.25 46.00 24.25 13.00 4.75 6.00 12.25 11.75 10.00 38.25 70.50 37.50 42.25 71.25 118.50 57.00 97.50 130.25 156.25 198.50 181.25 199.75 195.50 171.75 210.75 193.75 160.25 112.00 88.50 157.50 170.75 159.00 170.75 159.50 123.00 120.75 98.25 95.00 127.25 202.00 87.50 69.25 89.25 95.25 102.00 57.75 96.50 83.25 76.00 85.50 101.00 146.75 93.25 105.75 126.25 114.25 94.25 95.50 122.50 76.00 73.75 79.75 92.25 96.25 92.50 98.25 183.25 89.50 171.50 83.00 74.00 120.00 92.00 73.25 71.00 52.25 87.00 106.50 89.50 81.75 46.25 110.75 82.50 77.00 94.00 90.75 91.75 70.75 71.50 64.25 81.50 71.75 88.25 80.00 96.25 78.75 71.00 76.50 66.75 82.25 79.25 87.00 80.25 95.50 94.50 107.75 87.00 138.50 93.75 67.50 77.00 50.75 68.75 89.25 92.75 122.75 88.25 123.00 105.00 82.50 84.75 87.25 80.50 93.75 89.00 100.25 75.00 85.50 92.75 61.00 75.50 97.75 108.00 94.25 83.00 77.25 101.50 103.75 83.50 54.25 64.00 112.50 66.25 66.25 106.75 62.00 96.25 74.50 124.25 131.25 96.50 70.25 79.75 65.25 102.50 104.00 158.25 108.50 91.25 87.00 87.50 73.00 103.75 78.00 89.25 85.25 73.25 81.50 72.75 117.00 137.50 172.75 170.25 140.75 47.75 55.50 63.00 53.00 43.25 32.00 38.00 38.75 53.75 46.00 46.00 33.00 95.00 51.75 69.50 81.75 57.50 80.00 74.50 82.00 79.50 72.75 77.25 94.50 87.00 70.50 95.75 94.00 99.50 101.25 77.00 116.00 96.75 50.50 52.75 74.50 66.50 62.25 50.00 92.00 83.75 51.75 82.25 94.75 120.75 147.50 151.25 130.75 91.25 80.25 96.00 101.00 99.50 107.00 74.75 81.50 89.00 88.00 96.75 90.50 100.25 87.50 96.50 81.50 113.75 95.75 107.50 40.00 87.75 97.00 70.75 74.00 50.50 42.25 51.50 51.00 119.50 108.50 87.00 169.75 113.75 72.75 47.25 50.25 92.00 77.25 95.50 145.25 119.50 136.25
101.75 75.25 63.75 43.50 67.75 81.75 81.50 86.00 95.25 99.25 103.00 87.50 70.75 98.25 145.75 110.25 107.75 123.25 141.00 128.00 87.00 56.00 65.25 30.00 57.50 53.75 41.75 36.75 18.50 19.25 24.25 4.50 9.25 3.00 9.50 18.00 14.50 40.25 36.00 82.00 77.50 93.00 126.25 80.25 60.50 84.25 143.75 134.00 147.75 129.75 163.75 172.00 90.50 144.75 157.00 213.00 106.00 135.00 175.75 148.75 197.75 179.75 173.25 107.25 74.75 137.25 115.50 103.50 159.50 162.25 122.75 118.75 121.50 94.50 91.50 189.75 109.25 60.25 105.00 73.50 109.75 118.00 98.00 85.75 90.00 84.75 86.75 82.50 83.50 87.50 86.75 87.75 85.75 102.50 122.25 97.00 85.00 77.00 95.00 74.75 86.75 102.75 199.50 187.25 174.00 165.25 77.50 93.25 101.75 129.50 105.75 90.50 56.00 81.00 106.75 110.00 88.25 100.25 104.00 92.25 86.25 85.25 66.25 72.75 80.50 77.00 75.75 59.75 69.00 78.75 77.50 99.25 79.25 77.00 91.25 66.25 66.75 75.50 80.00 88.50 117.75 108.50 109.50 102.25 119.75 120.25 116.75 81.00 79.00 79.75 82.75 98.25 78.00 70.00 87.75 89.25 93.50 82.50 92.50 108.50 96.50 123.50 102.25 78.75 84.50 90.25 90.50 89.00 99.00 95.75 111.25 87.75 96.50 103.50 73.00 96.25 156.00 73.25 112.75 112.75 134.00 76.25 99.75 86.75 126.75 103.75 95.00 90.25 109.25 70.50 107.00 98.50 114.50 99.75 91.75 79.50 104.50 103.25 122.00 124.75 131.00 169.00 172.25 181.00 152.00 159.25 154.50 144.25 133.00 187.25 87.50 59.25 67.25 47.25 59.75 56.00 53.25 44.50 66.75 55.00 39.25 50.50 56.50 45.25 111.00 68.50 58.75 57.75 62.25 81.50 92.75 72.00 75.00 83.00 58.25 62.75 93.00 85.75 96.75 76.50 83.50 118.50 85.25 46.50 92.25 71.50 63.75 68.75 51.50 59.00 90.75 68.50 53.50 67.00 137.75 150.75 157.75 142.00 79.00 98.25 89.75 91.00 76.25 85.75 83.50 81.50 100.25 101.25 80.00 98.75 123.00 94.75 99.75 101.75 115.75 92.00 133.00 79.50 109.50 127.25 65.75 81.75 61.00 53.25 55.25 49.25 80.25 101.25 101.75 224.25 183.75 128.50 132.75 129.75 106.75 88.00 104.50 184.75 172.00 144.25
87.50 91.00 56.25 75.00 77.75 88.00 119.75 124.50 105.50 111.50 132.75 124.75 127.75 90.00 133.75 100.75 100.25 111.50 119.00 117.50 138.75 40.50 42.50 48.00 38.25 26.75 22.50 35.75 44.50 46.00 69.25 61.00 56.00 76.00 118.75 114.25 104.50 80.25 121.75 154.50 109.25 94.75 131.00 135.75 134.50 139.75 184.75 168.25 197.00 203.50 212.25 162.00 113.25 143.75 170.75 130.50 106.50 107.50 91.75 69.00 126.25 95.50 101.25 95.75 61.00 112.00 105.75 157.25 129.75 142.75 132.50 145.50 118.50 136.75 108.00 118.50 118.25 66.00 80.75 83.50 121.75 117.25 96.00 76.75 78.25 100.50 126.00 142.50 113.75 111.00 101.25 141.75 85.00 104.50 88.25 93.25 113.50 87.75 100.50 93.00 107.50 131.25 143.50 134.00 185.25 185.00 116.25 75.25 119.00 96.75 120.50 91.00 57.50 122.25 102.75 125.50 98.00 111.25 104.25 123.25 111.50 93.25 77.00 77.00 83.00 85.50 75.00 79.50 57.00 85.75 85.75 78.00 78.00 70.00 82.50 84.00 80.00 95.50 89.25 90.50 73.00 115.25 93.50 134.50 147.50 125.25 129.75 63.00 56.00 71.00 51.50 62.50 62.75 78.75 70.75 95.50 87.75 94.25 111.50 116.50 111.25 117.50 102.25 106.75 116.75 78.50 93.00 70.75 79.00 71.25 72.00 45.00 31.50 55.75 78.00 90.25 90.25 48.50 76.25 80.75 87.25 48.50 75.00 66.50 97.75 92.25 69.50 69.50 102.75 90.75 88.50 114.25 116.50 172.00 140.75 148.75 180.00 173.00 167.00 156.25 136.25 144.50 143.75 138.75 157.50 161.25 121.75 137.00 134.00 119.75 148.75 72.00 107.25 87.00 57.50 47.50 51.50 49.50 53.00 57.75 47.75 29.75 43.50 41.50 40.25 54.50 46.00 45.75 68.75 86.00 87.25 81.00 88.50 79.50 70.25 78.00 65.00 75.25 74.25 85.25 123.00 65.25 70.75 81.00 68.00 59.00 59.00 66.50 57.25 67.50 102.25 86.75 59.50 55.00 91.25 94.00 104.75 78.25 95.75 89.50 74.00 93.25 79.75 105.50 103.50 91.50 106.50 69.00 94.00 108.50 102.25 104.25 78.00 103.50 99.50 80.75 157.75 117.25 103.50 73.75 67.50 42.00 78.75 64.75 64.50 52.25 87.75 141.75 172.00 133.25 218.00 151.75 162.50 114.75 73.25 89.00 68.00 88.00 112.25 85.25
92.75 82.75 112.00 122.50 115.75 114.50 118.75 129.50 106.50 87.00 102.25 122.50 129.00 79.00 66.75 74.25 96.75 84.50 92.75 115.50 122.00 60.75 57.25 51.00 35.75 27.25 41.25 66.25 91.00 126.25 111.00 143.25 126.00 155.75 133.50 128.75 128.25 133.25 133.25 140.75 179.00 172.00 190.25 169.75 176.00 177.75 151.00 211.00 179.75 157.75 129.75 117.50 131.00 116.00 76.25 83.50 67.00 75.25 80.00 103.00 86.50 103.00 91.25 101.75 90.00 77.75 98.25 112.75 126.50 110.75 109.00 104.75 113.50 118.00 76.75 99.50 101.00 53.50 56.00 105.00 132.50 109.50 84.25 76.00 84.75 81.75 75.25 97.00 120.25 102.50 114.75 165.50 83.50 92.75 118.25 86.50 93.25 86.25 95.25 144.25 112.50 158.75 83.00 73.75 143.50 182.75 144.25 82.00 86.75 93.25 107.00 100.00 63.25 88.00 111.75 110.00 130.75 108.25 89.75 109.50 117.75 87.75 86.00 83.75 78.50 83.50 91.25 96.50 76.25 61.75 72.50 87.75 96.00 100.25 78.75 107.50 120.50 115.50 89.25 73.00 50.00 75.00 104.50 63.75 104.75 71.50 107.00 74.00 61.50 68.75 59.75 59.50 90.00 52.25 72.25 107.50 110.25 103.50 91.00 113.50 95.50 72.75 71.50 67.00 44.25 75.00 63.25 86.75 79.00 108.75 67.50 56.50 59.25 67.50 31.75 35.00 62.50 64.25 79.50 45.50 57.00 51.00 44.50 45.75 69.25 39.75 51.75 57.00 88.25 151.00 170.75 160.25 146.50 146.25 120.50 155.50 170.00 153.25 164.25 155.25 167.25 169.75 134.00 193.25 162.50 154.00 145.25 148.00 154.25 156.25 149.75 141.50 99.50 74.25 65.75 51.75 50.00 36.25 49.75 45.00 64.25 58.50 52.00 33.00 33.00 45.50 56.75 50.75 71.75 105.75 79.75 89.75 83.25 88.25 87.75 93.50 93.00 76.00 76.50 95.25 92.25 57.00 83.75 91.00 51.75 63.50 108.00 76.00 43.25 44.00 71.50 55.75 70.50 58.75 73.25 97.75 89.50 87.75 88.75 92.50 85.00 91.75 51.00 50.75 51.75 135.25 53.00 56.00 78.25 97.50 103.50 74.00 90.00 92.00 107.50 81.00 153.75 79.00 90.25 82.75 79.75 54.75 38.75 42.00 74.75 46.75 71.50 116.25 109.00 94.50 219.25 160.25 189.50 95.75 95.00 99.75 83.00 79.50 102.75 98.00
141.50 102.00 116.50 103.75 92.25 74.00 94.25 95.50 74.50 68.25 69.00 72.75 74.75 58.75 69.25 83.75 94.50 86.25 89.00 100.75 107.25 72.00 91.00 89.25 74.25 66.00 87.25 105.75 105.50 145.75 174.25 181.25 192.75 138.50 120.75 156.00 203.25 139.00 135.25 184.25 167.75 106.00 108.50 106.75 96.25 99.50 174.25 204.50 160.00 146.25 127.25 176.25 205.25 117.00 75.25 47.75 58.50 54.00 81.50 83.75 88.50 115.00 92.25 78.25 77.50 50.00 73.50 109.75 131.00 112.75 124.25 109.25 109.25 127.25 93.25 63.50 68.25 59.75 66.00 80.75 115.25 108.00 75.50 90.75 77.75 61.00 67.75 104.50 89.50 100.00 94.25 142.25 77.75 93.00 89.75 63.25 92.25 96.25 123.25 154.25 195.75 126.75 91.50 90.25 63.00 148.75 207.25 116.50 83.25 84.00 79.75 103.00 85.50 64.25 61.00 85.25 91.25 82.25 77.25 103.75 99.00 88.50 93.00 82.00 87.50 82.00 78.50 95.25 92.00 84.75 74.00 117.50 107.75 113.75 115.50 124.50 113.25 123.00 118.50 51.75 75.00 48.50 83.50 86.75 118.25 95.75 80.50 63.25 74.00 105.50 110.50 105.75 110.25 98.25 59.25 70.75 76.25 66.00 87.75 80.00 66.75 61.25 95.50 91.50 96.25 39.75 50.50 60.50 40.00 36.00 24.50 24.50 30.00 21.75 28.00 42.50 67.50 58.75 57.00 43.00 56.00 48.00 31.25 68.00 65.25 78.25 112.75 58.25 71.50 100.00 133.00 157.50 138.25 168.00 139.00 158.25 126.25 110.00 136.50 149.75 129.25 145.25 123.50 174.50 173.50 162.75 175.50 162.25 144.50 163.25 191.50 107.25 111.75 100.50 87.25 41.75 38.50 46.25 38.75 33.00 32.25 45.00 57.25 78.75 63.25 58.00 53.75 43.75 34.75 71.25 86.25 99.00 89.00 98.50 84.00 65.75 71.50 80.00 75.25 61.75 43.75 65.25 89.00 68.25 69.75 114.25 91.25 64.00 65.00 42.75 82.25 57.50 49.50 49.25 58.00 79.75 96.75 96.75 98.50 83.75 76.25 118.75 171.25 139.25 107.50 156.75 104.50 90.75 108.75 112.25 119.75 75.25 97.00 118.00 112.00 101.50 151.50 103.75 86.50 69.50 97.00 65.50 56.00 57.50 89.25 54.50 60.00 99.75 102.25 127.00 236.25 231.75 182.75 86.75 96.50 151.75 122.00 107.75 86.25 77.25
77.50 63.75 72.50 91.25 78.50 62.25 54.25 48.75 59.50 35.25 22.00 34.75 45.25 67.50 35.50 59.50 52.25 62.75 86.50 109.75 108.25 137.00 120.00 106.75 73.25 76.50 109.75 121.25 131.50 136.75 138.50 169.00 165.25 101.25 144.00 104.50 111.25 110.00 61.25 90.75 92.00 87.25 63.75 86.00 90.50 109.75 120.25 111.50 96.00 106.00 73.50 86.25 131.00 124.50 79.50 63.00 48.00 47.00 71.00 88.25 98.50 94.50 123.50 124.25 93.00 40.50 47.75 85.00 174.25 126.00 114.00 107.25 110.25 122.25 76.25 88.50 114.50 52.50 61.25 65.00 87.25 108.75 110.25 74.75 81.50 116.75 94.00 130.50 139.25 111.00 113.50 175.75 84.50 77.00 136.00 114.75 82.00 100.25 127.00 155.75 162.50 66.00 81.75 80.25 88.75 132.75 203.75 180.00 94.00 67.50 118.00 108.75 112.50 94.00 59.75 47.75 76.25 86.50 64.25 64.00 87.75 81.75 77.00 81.25 80.50 98.75 76.75 88.25 106.00 104.25 82.50 93.25 109.25 100.50 103.25 113.00 95.50 119.50 115.50 93.75 68.75 63.25 100.50 92.75 57.75 85.25 100.00 95.75 83.50 105.25 89.75 100.25 129.75 122.75 97.50 41.50 58.75 82.75 132.50 108.50 67.00 45.50 62.50 61.25 58.75 80.50 69.00 52.00 62.25 61.00 84.50 65.00 112.25 125.50 137.25 126.00 65.50 63.50 56.00 49.25 54.50 60.25 43.25 43.75 64.50 56.50 102.00 83.50 94.00 177.75 151.75 147.75 125.50 158.50 174.25 174.50 204.25 201.75 201.00 188.75 168.25 149.75 144.00 121.25 94.00 79.50 87.25 70.50 92.75 135.50 153.25 94.50 102.50 77.50 92.00 61.25 63.50 45.50 48.00 46.25 49.25 60.25 52.75 70.50 59.50 51.25 35.00 45.75 40.00 66.00 64.75 67.25 75.50 77.50 78.50 90.25 82.75 88.50 70.25 61.50 64.00 70.75 54.50 48.25 58.00 94.00 84.75 71.25 37.50 44.75 83.75 98.00 38.00 56.50 74.50 67.25 94.50 119.75 104.25 99.50 94.00 103.50 169.00 143.50 128.75 169.50 181.25 167.25 158.50 100.00 92.50 87.00 91.00 92.50 81.50 94.50 87.75 115.00 80.50 94.75 88.75 69.25 51.50 54.25 47.50 51.50 55.75 86.25 95.75 98.50 174.50 186.00 135.50 100.50 89.50 77.00 73.00 111.50 92.25 100.25
67.75 74.25 64.50 52.00 44.00 65.75 30.75 51.50 45.50 45.50 23.00 40.25 42.75 79.25 64.00 39.25 55.50 48.75 80.25 121.50 156.25 143.50 118.00 117.25 71.25 96.50 117.50 156.25 130.25 134.50 158.75 99.75 51.25 69.50 160.75 82.75 107.25 92.00 100.25 102.00 112.50 88.00 89.50 116.50 99.00 81.00 103.00 61.50 35.50 63.25 47.75 51.25 101.00 73.75 79.75 70.25 62.50 48.00 50.50 104.50 101.50 83.75 96.50 182.00 114.00 59.75 64.25 104.50 143.25 154.25 118.00 113.00 131.25 155.50 129.75 69.25 92.50 43.50 55.00 61.50 91.50 67.00 65.25 87.75 71.75 87.25 82.00 84.00 142.00 78.25 100.00 97.75 82.75 89.00 113.25 120.75 69.00 89.50 102.00 115.25 102.50 75.25 68.25 107.00 153.00 157.50 176.25 200.50 152.25 64.50 102.00 87.75 105.75 110.25 68.75 59.50 57.75 51.00 65.75 61.00 73.00 79.50 98.50 88.25 81.00 125.00 117.50 116.50 130.75 94.50 93.75 84.50 102.75 91.25 102.50 86.75 84.25 80.75 79.50 73.75 39.50 52.50 95.50 106.25 95.50 73.50 96.75 78.00 71.00 81.25 84.50 77.50 58.25 62.75 76.00 75.50 87.25 57.75 67.00 55.50 73.50 78.00 89.00 75.75 86.00 87.25 88.50 109.50 114.50 193.25 182.00 161.75 162.25 151.00 129.00 155.25 117.50 75.25 70.00 59.00 61.50 75.75 72.25 77.50 89.25 103.75 139.50 149.00 137.75 208.50 240.50 221.50 216.25 166.75 163.50 129.00 106.25 123.25 80.25 87.25 85.50 50.25 39.50 34.75 43.25 42.50 47.50 59.50 117.50 161.50 150.75 100.50 64.25 74.50 98.25 84.75 62.00 46.75 72.75 59.50 75.25 121.75 80.75 50.25 43.75 100.75 72.00 62.50 48.00 43.25 40.25 49.75 71.00 70.25 84.25 78.00 84.00 71.75 72.25 47.25 75.25 65.50 60.00 60.75 93.75 34.75 70.00 66.00 49.75 54.25 89.75 93.75 47.50 28.50 72.25 47.50 67.00 78.25 83.50 100.75 111.75 97.00 163.25 121.50 108.00 113.25 146.75 114.50 99.00 109.75 93.25 69.25 85.75 87.25 85.75 107.25 102.75 145.75 91.50 74.25 62.75 61.25 47.00 62.00 83.25 41.25 41.25 84.75 98.00 108.75 163.25 176.00 138.50 107.50 73.00 50.25 53.50 90.00 118.50 104.00
70.00 90.75 97.75 107.25 114.25 165.75 122.00 135.00 137.00 116.25 82.75 61.00 101.50 127.00 90.75 84.50 65.50 55.25 74.00 121.25 147.25 135.75 118.75 110.00 112.50 96.00 102.25 95.25 106.00 106.50 138.25 117.50 83.75 50.00 61.50 45.50 56.00 130.75 156.75 154.50 124.75 130.00 93.50 82.00 110.00 76.50 59.00 39.00 74.75 78.75 68.25 68.75 86.75 72.50 78.00 75.75 41.50 48.00 63.00 70.75 75.00 64.25 52.75 155.25 97.75 52.00 53.00 78.75 97.50 74.75 94.50 136.25 131.75 157.50 128.00 94.25 106.00 68.25 64.50 60.75 77.00 44.75 56.50 93.50 110.25 135.50 121.50 59.25 123.00 104.50 78.25 152.00 137.50 81.75 155.75 89.25 88.00 118.25 136.50 136.50 131.75 113.25 139.50 98.50 95.00 89.00 118.50 190.50 213.50 86.75 74.00 90.25 111.25 97.00 61.50 45.25 41.00 57.50 52.75 42.00 70.50 82.00 88.50 98.75 96.00 102.00 109.00 92.75 77.50 66.25 77.75 60.75 79.00 67.00 63.25 74.25 81.75 87.75 58.00 60.00 42.50 39.25 56.50 47.00 52.25 57.75 79.75 65.75 86.25 65.50 74.50 70.00 58.00 38.25 56.25 97.50 73.25 76.50 73.75 81.25 110.00 155.00 163.25 195.75 169.25 196.00 183.50 179.25 156.75 153.25 154.50 147.25 151.25 117.00 136.00 122.50 108.50 93.00 102.50 99.00 132.00 136.50 145.00 129.25 124.00 147.00 154.75 189.00 149.75 135.50 130.75 115.00 104.50 140.50 128.50 77.50 47.00 47.25 42.00 39.25 34.75 20.50 32.00 38.25 24.00 40.75 42.00 51.00 104.75 129.75 138.00 122.75 81.25 91.75 83.50 50.25 59.25 56.50 82.00 113.50 132.75 132.25 120.75 104.25 60.50 48.25 61.00 75.50 79.75 65.50 37.50 45.25 61.75 72.50 77.50 116.50 61.25 66.50 51.50 92.00 73.50 51.25 64.00 80.50 69.75 52.75 63.50 72.00 49.00 48.25 48.75 67.25 31.25 26.25 45.25 40.75 69.75 97.00 100.75 87.25 94.25 94.75 87.25 85.25 91.50 93.25 103.25 86.75 88.75 92.75 109.25 84.25 100.25 101.75 96.50 99.25 76.50 137.00 111.75 78.00 187.50 129.50 65.00 63.75 65.75 32.50 48.00 81.75 66.50 91.50 108.00 211.00 127.25 115.75 107.25 90.50 90.75 65.50 107.00 79.50
89.50 87.00 144.25 166.75 128.25 166.00 169.25 130.00 138.50 151.25 118.50 81.00 82.50 64.00 75.25 80.25 61.75 89.50 91.25 75.50 130.50 143.25 115.50 117.75 113.00 89.75 107.25 107.00 114.75 112.50 171.00 124.00 68.25 56.00 47.50 29.50 26.25 50.25 93.25 112.00 137.00 134.00 109.25 139.00 109.25 113.00 84.50 53.00 57.75 53.50 99.50 89.75 96.25 72.75 54.75 60.50 87.75 74.75 89.50 34.50 40.50 36.50 33.50 74.25 87.50 96.50 84.25 88.25 66.00 111.25 39.75 107.50 137.75 160.50 154.75 109.25 76.00 78.00 69.75 51.50 82.50 113.00 127.25 88.50 80.50 136.25 114.25 76.75 118.00 123.25 94.25 140.50 124.00 121.50 80.50 92.00 107.50 131.25 155.00 152.00 147.75 133.50 108.25 108.25 70.00 54.75 67.25 109.25 200.50 145.00 81.25 83.75 85.75 71.50 51.50 57.25 89.50 98.00 85.75 88.75 120.50 111.00 69.25 99.00 100.50 102.00 82.75 74.00 68.75 66.75 87.00 72.50 84.00 57.75 57.00 53.50 51.00 41.75 52.25 60.75 82.50 41.25 60.00 43.00 63.50 41.00 58.50 65.50 65.75 47.75 43.75 69.75 64.50 86.50 148.50 178.00 176.25 204.50 192.50 209.75 197.00 182.75 158.00 137.75 142.25 159.75 152.75 148.25 164.00 101.00 147.00 143.75 146.75 150.75 138.50 164.75 203.25 141.75 141.50 139.00 152.25 142.50 147.50 140.75 157.50 183.25 154.75 169.25 136.25 125.75 99.50 113.25 97.50 148.75 116.00 112.25 49.50 44.00 46.25 43.50 33.75 26.00 37.50 37.00 37.00 46.00 57.75 74.25 59.75 44.25 138.00 119.25 131.50 113.00 103.25 77.25 46.25 57.50 102.75 82.25 111.25 103.50 124.25 127.75 115.00 122.50 61.75 36.25 64.25 78.00 96.00 73.75 74.75 60.50 56.00 55.25 49.25 36.00 54.50 61.00 41.50 55.25 78.00 88.25 80.00 99.50 94.75 93.75 70.75 45.75 44.00 66.00 17.00 25.25 53.25 47.00 34.50 92.75 77.75 88.75 91.50 63.50 63.00 96.75 99.50 91.50 95.25 96.00 97.00 71.25 100.00 72.50 70.25 90.00 81.25 95.50 84.00 121.25 115.25 73.75 155.50 133.50 63.25 69.50 51.50 31.50 28.25 86.00 76.25 85.00 115.50 195.25 134.75 62.25 35.50 37.25 24.75 34.00 31.00 22.75
148.50 132.75 148.50 138.00 129.50 109.50 116.75 65.50 121.25 157.75 118.25 114.50 125.25 111.75 76.75 115.75 115.00 137.75 171.75 187.00 180.00 166.50 131.00 96.50 122.50 89.50 78.25 92.25 81.50 107.75 180.25 149.00 51.50 69.50 126.00 115.50 52.75 47.75 57.00 117.50 106.50 92.50 78.00 110.50 100.75 144.75 97.25 60.50 72.50 62.00 88.25 92.75 81.75 77.50 47.75 39.50 63.75 36.50 36.50 33.75 31.00 44.25 41.25 54.75 88.25 89.50 98.25 71.00 68.00 62.25 91.25 106.25 143.50 129.00 160.75 103.00 47.75 64.25 65.25 67.25 139.50 104.75 90.00 63.25 80.75 101.00 78.50 68.50 119.00 105.00 85.50 115.75 120.25 115.00 82.50 106.75 203.25 163.00 168.50 192.25 212.50 119.75 72.00 69.00 64.75 45.75 68.75 82.75 167.75 142.50 85.50 73.75 82.25 93.25 55.50 43.75 62.00 80.25 96.25 107.50 140.75 120.25 99.75 79.50 87.50 87.25 112.75 97.00 64.00 50.25 70.00 66.50 46.50 56.00 54.25 59.75 83.00 94.75 121.75 121.50 143.25 131.00 197.50 150.75 166.75 86.75 69.25 50.00 72.00 42.00 50.50 70.25 89.50 96.75 167.00 166.75 127.50 146.50 147.75 191.75 131.00 125.25 147.00 140.25 140.00 148.00 156.00 141.25 146.25 144.00 143.75 132.50 117.50 133.25 143.25 137.25 213.75 175.75 132.50 123.75 120.25 140.75 143.50 150.25 157.75 132.75 160.25 139.75 78.00 69.50 69.75 94.50 75.75 135.00 118.25 102.00 122.50 50.00 60.00 52.75 46.00 37.25 40.75 29.50 32.75 33.25 50.25 37.50 31.50 40.50 106.00 84.75 127.50 129.25 88.00 90.25 80.50 58.25 106.50 113.25 90.25 98.00 104.75 102.00 104.50 111.75 101.25 86.00 52.25 57.25 70.50 74.75 51.50 41.50 45.50 55.25 55.00 47.75 44.00 49.50 31.75 67.00 71.00 76.50 76.25 57.50 109.00 67.00 93.75 69.00 39.00 79.75 29.00 32.50 29.00 52.00 49.75 87.25 77.75 104.25 79.50 79.75 93.00 97.75 106.25 63.25 46.75 32.25 38.25 46.50 58.25 98.00 93.50 82.50 93.75 85.75 116.50 135.00 126.00 58.25 92.00 76.25 49.50 42.50 44.75 46.00 37.00 45.75 62.75 33.75 45.00 167.50 77.75 38.25 37.25 31.50 34.75 41.25 48.25 30.25
89.25 80.75 65.25 85.00 113.50 86.25 94.25 96.75 101.75 81.25 129.75 140.75 117.25 109.00 113.25 91.50 103.25 135.00 114.25 136.75 132.00 135.75 159.25 73.25 93.25 87.25 121.25 150.50 64.25 63.25 74.50 98.00 98.00 100.00 78.25 120.50 105.50 71.25 75.75 54.25 92.25 71.50 108.25 93.25 60.00 69.00 86.50 73.25 62.25 40.00 40.50 41.25 23.00 38.75 13.75 21.50 19.75 29.25 44.25 33.25 33.50 27.00 80.75 120.25 115.00 79.50 97.00 108.75 68.75 111.00 102.00 124.50 135.00 77.50 137.25 129.50 80.00 80.00 66.00 68.75 91.50 146.50 122.50 125.50 94.75 103.75 109.75 112.25 86.25 137.25 85.25 115.00 156.25 99.50 89.75 159.50 210.25 201.25 170.75 191.75 176.75 111.25 111.25 86.75 51.25 48.25 55.00 57.25 75.50 133.75 69.50 76.50 78.00 66.25 66.00 65.25 63.75 53.25 129.50 93.75 47.75 101.25 78.50 86.75 81.00 63.75 80.00 75.50 51.50 62.50 71.25 93.00 102.25 130.25 135.00 157.75 205.50 186.00 161.50 176.25 177.50 174.25 170.50 166.25 196.00 104.50 113.00 71.50 68.00 42.75 82.25 101.75 140.25 147.25 210.25 160.75 143.00 144.50 133.75 172.25 132.00 113.75 155.50 134.25 167.25 123.00 92.75 109.25 105.25 121.50 95.25 116.25 99.00 89.00 113.75 142.00 196.75 167.25 157.75 170.75 155.50 152.75 129.25 170.00 149.50 101.50 114.25 116.25 86.00 55.00 67.25 122.00 86.00 108.50 105.25 89.00 62.25 63.75 48.50 36.00 27.75 36.75 49.00 45.00 42.25 48.50 72.50 67.50 51.50 52.75 81.25 73.75 95.50 74.50 108.50 87.00 62.75 52.50 129.50 97.00 130.00 115.50 74.75 91.50 102.00 134.50 117.50 114.75 95.75 115.50 56.50 54.25 60.50 53.75 30.50 38.25 43.50 32.00 33.75 36.25 50.25 88.75 68.00 81.50 107.75 68.75 95.00 88.75 110.75 60.75 49.50 46.00 39.25 33.00 32.50 53.75 25.25 68.25 72.00 91.00 98.25 93.75 82.00 38.25 64.00 42.25 48.25 41.75 69.75 95.50 80.50 97.50 83.50 68.75 61.75 66.00 58.25 91.50 114.50 53.75 85.25 85.25 58.25 51.75 54.75 41.75 29.25 43.75 74.75 42.50 54.75 137.25 69.25 35.25 38.75 74.50 94.50 76.75 84.25 47.00
101.00 103.00 67.00 102.00 65.75 93.00 91.50 70.50 84.75 129.75 134.25 131.50 109.75 88.75 71.25 75.75 96.25 85.00 69.50 55.25 93.00 137.75 182.75 87.00 103.25 88.00 79.50 103.50 79.25 33.50 76.25 95.75 103.25 60.50 62.75 66.50 63.00 117.25 117.50 60.25 42.00 50.50 55.75 81.00 57.50 55.50 101.25 115.00 75.25 65.00 86.00 53.75 66.00 60.25 91.50 75.75 56.25 84.50 78.25 53.25 39.75 42.25 91.00 116.25 87.50 115.00 141.00 107.00 81.50 133.25 120.00 103.75 93.75 121.50 167.25 124.75 121.25 137.00 89.00 50.25 93.50 149.50 135.00 93.75 77.25 99.50 128.75 136.50 79.75 158.25 82.25 115.50 120.25 96.25 100.75 169.25 212.25 140.25 94.25 88.25 65.75 65.75 33.75 47.75 39.50 50.75 47.25 56.50 58.25 99.75 99.25 64.00 79.50 50.50 71.50 44.50 56.25 29.75 77.00 61.25 54.75 36.00 78.50 78.50 55.75 47.50 74.00 85.00 153.75 161.50 158.00 155.75 153.25 135.25 168.50 174.50 157.00 215.50 172.25 165.25 124.00 113.25 150.50 165.25 188.25 182.25 82.50 128.50 87.25 70.00 91.25 108.75 122.50 147.25 158.50 145.25 126.75 125.25 117.25 129.25 108.25 118.00 132.00 135.50 117.75 75.50 68.00 63.50 47.50 39.75 48.25 96.25 101.75 81.50 124.25 163.50 123.25 133.25 196.25 148.00 103.50 115.00 129.50 122.25 100.50 112.00 83.75 64.25 66.00 58.75 88.25 108.50 71.75 83.75 137.50 109.50 131.75 91.00 60.75 33.75 36.50 31.25 38.50 41.00 39.00 36.25 44.00 37.25 33.25 30.75 51.00 114.50 88.00 63.25 91.00 85.50 77.50 89.50 114.50 124.75 125.25 131.50 79.50 82.00 64.00 96.75 97.75 113.50 141.75 133.00 101.25 52.00 54.75 53.75 51.25 49.50 37.25 39.75 50.00 50.75 63.75 103.00 78.75 88.00 73.25 103.25 88.25 84.50 76.50 45.75 54.25 35.25 19.75 28.00 37.25 67.50 43.75 75.00 80.75 69.00 89.75 93.25 75.50 102.75 78.25 85.50 97.25 115.00 87.75 61.00 51.00 32.75 32.25 26.75 33.25 37.50 78.50 81.75 130.50 70.00 62.25 77.75 70.00 45.00 52.50 49.50 43.25 45.75 99.25 81.75 93.25 125.25 65.00 49.00 33.75 48.75 84.75 83.50 101.00 94.00
139.00 222.00 129.00 86.25 90.25 75.75 71.50 105.25 105.00 124.00 124.75 124.75 90.00 90.25 85.50 103.25 95.00 87.75 72.00 101.75 74.00 132.75 175.25 120.50 117.25 98.25 72.00 91.75 50.75 49.00 108.75 128.00 153.75 124.00 164.00 91.75 87.00 111.75 112.50 68.75 55.25 58.25 68.25 72.25 59.75 84.75 124.75 120.00 151.25 141.25 64.25 62.75 102.75 106.50 145.00 80.50 128.00 78.25 61.25 50.75 37.75 41.00 47.00 59.25 93.50 115.00 97.25 77.25 89.00 105.25 118.75 94.75 119.25 106.25 106.25 120.00 116.25 92.75 57.25 60.25 62.75 128.50 133.50 78.25 106.75 95.00 106.75 124.50 85.75 105.50 92.25 95.50 91.50 95.50 132.00 185.75 182.75 95.00 85.75 86.75 57.75 40.50 43.00 39.75 35.25 43.25 61.25 52.75 67.75 101.75 100.25 54.25 46.75 82.25 81.00 45.25 39.50 32.00 35.75 53.50 65.75 63.50 58.25 75.00 53.25 102.75 120.00 173.50 201.75 181.25 149.50 151.50 136.00 167.50 174.50 144.00 127.25 148.00 156.50 156.00 122.50 133.00 141.50 126.50 152.50 156.25 119.50 89.75 87.50 86.50 74.25 94.00 82.50 54.50 73.25 136.50 123.00 108.25 82.00 66.25 75.25 88.25 64.00 42.50 25.75 24.50 14.50 37.00 43.25 25.75 42.00 93.50 108.75 72.75 114.25 233.75 203.25 102.25 67.25 82.00 69.25 85.00 72.50 144.00 118.75 67.75 52.25 58.00 35.50 24.00 50.50 69.25 72.75 52.50 124.75 107.50 121.25 109.75 68.75 47.50 30.50 27.00 25.50 16.25 10.75 21.00 24.75 15.75 19.00 29.75 20.00 59.25 49.25 63.50 63.50 62.50 80.00 92.50 109.25 104.50 96.75 121.25 81.75 67.00 87.50 58.50 86.25 96.75 113.50 105.00 115.00 59.50 46.25 52.50 41.25 68.50 70.00 47.75 39.50 38.00 40.25 41.25 72.75 99.75 62.00 80.50 83.25 76.25 78.25 80.00 49.50 58.00 62.00 22.00 35.25 43.00 42.00 62.75 89.75 103.25 67.75 104.75 80.75 66.00 55.00 49.25 25.75 23.75 14.00 13.00 5.00 12.00 6.00 14.75 21.00 26.75 35.25 33.00 122.75 56.75 63.50 78.75 80.50 51.50 51.50 115.25 117.75 50.50 67.75 88.25 79.50 97.00 74.50 34.50 37.25 35.75 93.25 79.00 64.75 125.00
161.00 147.75 119.75 45.50 39.25 67.25 84.25 82.50 103.50 86.75 75.50 98.00 67.00 82.50 122.75 166.75 137.25 79.75 101.25 114.00 92.00 124.00 122.75 89.75 83.75 87.50 93.50 113.25 120.00 92.00 201.00 153.50 130.50 150.75 134.75 168.50 102.00 77.25 53.50 82.25 65.25 68.00 101.50 116.75 135.75 87.25 135.25 122.75 148.25 153.50 121.75 117.25 120.50 116.75 123.75 77.50 67.00 62.75 82.00 111.50 60.25 80.50 64.75 98.00 94.75 114.00 145.75 91.75 73.50 110.75 182.00 125.25 72.75 139.25 99.00 155.50 126.50 128.75 120.75 92.00 71.50 104.25 136.75 166.25 92.25 92.50 86.50 80.75 87.75 82.00 114.00 95.00 92.25 72.00 110.25 133.00 109.00 40.00 88.00 78.75 77.00 43.25 32.00 39.75 24.00 19.00 26.50 52.50 46.50 51.75 78.00 87.50 48.75 48.00 50.50 52.25 51.00 42.00 48.00 46.00 53.25 59.50 109.25 90.00 77.50 78.00 140.25 179.50 157.25 198.50 158.25 119.25 118.50 178.00 184.00 156.75 178.00 149.25 133.75 120.75 114.25 96.00 116.50 99.75 155.25 144.00 127.50 84.50 89.25 68.50 76.75 67.00 53.00 75.50 84.50 110.00 107.25 95.50 71.00 62.50 34.25 32.00 35.25 22.50 19.50 8.50 23.25 41.00 42.00 44.75 51.50 92.00 96.00 76.75 119.25 200.00 231.00 173.50 78.25 70.00 54.75 63.00 56.00 57.50 38.75 37.75 27.50 23.00 33.75 36.00 55.25 84.00 78.00 63.75 121.00 108.50 114.75 95.75 70.75 43.50 33.25 24.75 31.00 35.75 31.50 24.25 19.00 26.25 16.50 23.00 31.75 67.00 72.50 79.25 97.00 82.25 80.50 85.50 105.75 114.50 99.75 109.00 113.00 129.75 107.00 114.50 104.50 88.25 88.00 98.50 125.25 97.25 52.25 49.75 39.25 41.75 41.25 33.25 33.50 29.75 51.50 29.25 44.00 70.50 119.00 114.00 81.25 66.25 76.25 100.25 45.50 41.00 54.50 24.50 35.00 39.50 39.75 42.50 34.50 38.00 17.50 3.00 9.00 7.00 2.00 3.00 3.00 3.75 3.00 3.25 2.75 2.25 7.75 29.00 27.25 38.25 37.25 51.75 103.50 82.75 62.25 128.25 74.25 62.25 66.75 99.00 108.50 69.75 51.00 76.25 90.75 101.75 67.25 41.00 39.00 40.25 90.00 99.75 95.50 111.00
106.75 94.00 133.00 49.25 30.75 63.75 46.75 54.50 100.75 98.00 76.75 78.75 67.75 60.75 112.25 90.00 132.25 152.25 131.00 111.00 70.25 141.00 129.00 149.00 77.25 116.00 77.25 75.25 99.25 88.50 85.25 98.75 84.25 141.75 135.00 178.00 182.00 95.00 82.50 109.00 117.25 91.00 116.50 135.75 107.25 122.50 115.00 110.50 110.25 128.75 149.75 134.50 141.00 110.50 130.00 112.00 112.25 116.25 108.25 88.00 116.50 141.75 133.50 121.25 166.75 171.25 153.00 140.25 160.50 137.00 86.50 60.50 47.00 63.50 62.75 154.00 117.75 112.75 122.00 95.50 50.25 92.25 108.75 149.25 99.50 102.25 103.00 103.50 106.50 97.50 123.00 73.75 105.50 125.00 114.75 116.50 114.00 46.50 44.50 65.50 55.00 53.75 51.75 48.25 28.25 65.25 61.50 70.50 115.25 137.50 97.25 110.75 187.75 59.00 88.50 72.00 110.75 69.75 44.50 46.75 61.75 75.25 70.25 98.25 74.50 61.25 119.75 155.75 150.50 144.50 122.25 138.25 102.50 100.00 116.75 72.00 77.50 98.25 92.25 63.50 51.00 121.25 131.75 90.00 138.25 158.75 173.25 96.25 91.25 79.25 77.25 68.50 51.50 50.00 63.00 109.50 99.00 131.25 76.00 86.50 36.00 40.25 36.00 36.00 25.75 43.25 58.75 53.00 84.50 59.25 70.25 71.25 115.75 100.50 101.00 144.25 233.25 218.50 56.50 59.25 46.00 34.75 30.50 36.25 35.50 33.50 21.25 18.00 42.50 45.00 54.00 84.75 69.50 64.75 102.00 125.25 109.75 113.50 78.50 36.00 40.25 47.75 31.50 21.00 18.00 21.75 16.50 37.75 42.75 42.25 52.00 85.50 83.00 62.50 90.50 79.75 100.00 65.50 74.25 120.00 110.75 131.50 130.00 122.00 69.25 75.75 77.25 67.00 64.75 47.25 87.00 93.50 135.25 143.00 78.25 53.50 43.50 49.75 43.50 120.25 65.25 51.25 42.00 43.00 58.50 73.50 89.50 70.00 51.75 69.50 49.25 70.50 102.50 37.00 33.25 17.00 13.50 20.25 3.00 3.00 1.00 1.00 1.00 1.00 1.00 1.00 1.00 1.00 1.00 1.00 1.00 1.00 1.00 10.25 17.25 17.75 26.75 47.00 79.25 91.00 85.00 145.75 84.00 60.00 57.50 90.00 116.75 86.25 63.00 112.75 94.75 103.75 88.00 46.75 45.50 44.50 68.25 93.50 90.75 84.50
47.50 69.25 92.75 87.50 85.50 81.50 23.50 33.00 32.25 44.00 39.75 63.75 70.25 42.00 39.50 51.50 90.50 70.75 58.00 80.25 118.50 109.75 101.25 126.50 82.75 135.25 88.75 61.75 93.75 84.50 69.75 124.25 102.50 79.25 77.25 72.75 126.75 123.00 149.00 153.00 164.25 106.75 103.75 149.00 85.50 71.50 80.50 80.00 66.00 97.00 119.00 98.25 102.25 121.75 111.00 204.25 151.00 128.00 133.75 126.25 158.25 150.50 149.25 146.00 234.75 177.50 207.00 194.75 175.50 83.50 89.50 88.25 124.00 91.00 124.50 149.75 140.50 103.75 97.25 91.50 92.00 86.75 94.75 123.50 103.00 132.25 129.75 121.75 132.75 114.50 125.50 77.00 70.25 83.25 72.75 63.50 116.50 102.25 68.25 87.50 96.50 113.00 112.75 141.75 155.00 138.50 170.50 164.75 163.25 206.50 103.50 115.75 207.00 169.50 129.50 107.00 116.25 96.00 58.75 47.25 54.50 89.75 83.00 87.00 91.75 65.50 102.75 111.75 122.00 89.00 93.00 104.25 141.75 65.00 50.25 54.75 51.75 48.00 40.00 32.00 28.00 56.75 75.00 93.25 97.25 166.75 115.75 77.00 89.00 84.50 72.75 88.75 74.00 74.25 63.50 76.75 95.00 79.75 115.25 110.25 37.25 46.25 61.75 50.25 47.50 50.25 58.00 91.50 118.00 65.75 106.50 71.50 82.75 108.00 88.00 129.50 219.00 243.75 88.75 38.00 50.50 40.00 30.25 26.75 39.25 33.50 20.00 19.50 45.50 49.75 56.50 83.25 79.75 55.50 98.00 102.75 98.75 124.00 110.50 39.00 32.25 31.00 36.50 8.50 15.25 23.75 19.50 25.25 35.75 32.00 50.00 120.25 83.25 76.25 60.75 68.25 77.25 78.75 88.00 87.25 105.25 108.75 118.00 99.25 58.75 47.25 47.00 54.00 50.75 67.75 96.75 100.25 94.75 93.50 68.75 42.50 41.25 41.75 41.25 44.00 62.50 61.75 66.50 40.00 44.25 31.50 70.00 76.00 78.00 58.00 53.75 32.75 76.00 21.00 24.50 3.50 11.50 14.75 2.75 1.75 1.00 1.00 1.00 1.00 1.00 1.00 1.00 1.00 1.00 1.00 1.00 1.00 1.25 6.25 7.75 6.50 9.25 29.25 48.25 84.75 62.75 102.25 106.75 71.50 62.25 91.25 119.50 94.25 73.00 85.75 70.50 98.25 124.75 100.00 79.25 60.75 89.75 105.00 97.50 84.50
90.75 117.50 114.00 131.25 88.50 131.75 62.00 40.25 44.00 110.25 115.75 114.75 104.00 60.50 64.00 100.25 86.00 92.50 143.75 112.00 92.50 107.25 148.25 121.50 61.75 104.25 99.25 91.50 94.75 80.75 60.75 93.75 53.25 52.50 113.25 110.50 141.25 150.25 167.50 137.00 199.75 132.25 86.25 129.50 118.00 82.00 115.25 93.00 74.25 84.25 163.50 105.00 95.50 176.50 167.75 171.75 190.25 158.25 181.75 191.50 210.50 148.00 140.75 93.00 201.00 156.25 73.25 81.50 68.25 46.00 60.00 49.75 46.25 51.00 36.25 92.75 108.75 97.00 93.00 83.25 60.00 78.75 98.75 106.25 116.25 108.00 83.25 65.50 61.00 59.00 76.75 86.50 109.50 91.25 97.25 110.25 151.50 132.50 168.00 184.50 162.00 163.75 161.75 120.50 154.50 180.75 172.75 186.00 159.75 150.50 141.25 117.25 128.00 118.25 133.00 127.25 99.50 62.50 58.75 45.50 46.50 76.75 107.50 70.75 88.50 51.50 72.75 101.50 72.75 101.75 109.25 145.00 73.50 39.25 51.25 51.25 45.75 30.25 23.75 30.00 44.00 52.75 80.50 76.25 116.50 146.25 85.50 105.00 91.00 80.75 73.50 70.00 73.00 43.75 58.00 86.00 58.75 49.00 95.75 103.00 50.75 53.50 40.75 45.50 47.25 59.75 95.75 109.25 100.50 57.25 80.25 61.25 106.00 118.00 65.25 122.50 228.00 237.00 121.25 54.00 43.50 45.00 42.00 36.25 33.50 37.25 27.25 21.50 36.75 65.00 85.25 59.00 66.25 49.75 94.50 127.75 90.00 122.00 116.00 37.25 40.00 18.00 36.50 14.75 12.50 11.50 20.00 34.00 24.25 37.25 53.50 89.25 98.75 80.00 54.25 40.25 31.00 39.00 66.50 68.25 82.00 77.50 88.25 46.25 40.50 23.50 40.75 28.25 59.25 58.75 106.50 121.00 79.50 65.00 81.50 77.75 136.00 83.50 87.00 50.50 52.50 75.25 126.75 93.00 45.75 30.50 40.00 56.50 87.50 47.00 63.00 43.50 40.25 25.00 18.75 6.50 2.25 2.75 0.50 0.75 1.00 1.00 1.00 1.00 1.00 1.00 1.00 1.00 1.00 1.00 1.00 1.00 1.25 2.50 2.00 0.00 7.00 26.50 29.00 58.00 68.25 64.75 76.25 63.75 66.75 114.00 94.00 79.75 53.50 104.25 114.50 107.25 123.00 68.50 44.75 22.50 34.00 40.25 31.00 11.00
101.50 83.00 77.00 92.50 57.75 107.50 96.50 37.50 54.75 113.50 105.25 104.00 156.25 69.50 75.00 68.75 72.50 77.25 75.50 97.50 182.75 163.75 155.75 179.50 96.25 97.75 95.75 63.75 92.25 115.25 53.75 185.25 130.50 129.50 159.50 156.25 128.50 188.75 130.75 128.25 121.75 133.50 99.00 114.25 192.75 190.25 202.75 137.50 98.25 108.50 114.00 93.00 106.00 149.25 232.50 156.25 192.50 129.50 131.25 149.25 122.25 95.50 119.25 106.75 149.00 97.50 56.75 37.00 52.75 51.75 45.75 40.00 67.50 31.50 49.50 71.75 66.00 79.00 80.25 64.00 62.00 48.50 110.25 93.75 81.50 54.25 87.25 124.75 130.00 151.25 137.25 159.00 145.00 110.75 125.25 139.75 175.00 152.75 111.50 119.50 146.00 135.75 142.25 103.50 107.25 103.00 112.25 128.75 140.75 137.75 179.50 83.75 130.50 158.25 114.00 102.75 103.50 78.00 69.25 61.00 57.00 62.25 97.75 94.00 84.00 87.50 77.00 78.25 77.00 88.25 76.00 143.25 122.00 46.00 42.25 41.00 43.25 35.25 33.50 38.75 38.50 70.25 60.50 98.25 88.00 132.00 137.75 102.00 115.00 120.00 75.75 50.25 82.00 63.50 36.75 66.75 47.00 47.25 54.25 48.75 39.50 46.25 53.50 46.75 39.75 34.00 37.75 60.00 56.75 28.25 61.50 75.00 65.50 104.50 60.75 103.25 216.50 245.75 172.50 57.75 46.50 53.75 51.25 41.75 35.75 26.75 22.75 38.25 22.50 31.00 87.00 62.75 68.00 57.50 65.75 133.50 110.75 118.50 127.25 55.75 43.00 29.50 45.25 22.00 23.75 28.00 34.25 30.25 38.25 25.75 47.75 70.75 101.50 110.75 72.75 37.50 40.25 46.50 59.25 30.75 35.00 61.25 43.00 65.75 68.00 68.50 67.00 79.75 73.75 59.00 65.00 81.25 66.50 63.25 82.50 70.75 104.25 126.50 123.75 94.50 59.75 43.50 53.50 103.75 109.25 53.00 47.50 49.00 41.00 30.25 44.75 27.75 32.75 52.75 11.75 16.00 10.50 5.50 4.75 1.75 1.00 1.00 1.00 1.00 1.00 1.00 1.00 1.00 1.00 1.00 1.00 1.00 0.25 1.50 2.50 3.00 2.75 30.00 36.50 41.00 44.25 54.00 93.50 49.75 43.25 105.75 94.25 76.75 34.25 48.25 42.25 26.25 30.25 33.25 28.50 26.50 23.00 12.75 25.25 41.25
81.25 67.25 51.00 58.25 62.25 41.25 111.25 45.25 51.25 56.50 70.50 61.00 165.25 92.00 82.25 108.25 99.25 111.75 76.75 103.00 73.00 87.75 100.25 153.00 124.00 84.25 87.75 58.25 62.00 91.75 63.50 195.00 163.75 108.50 112.75 91.00 75.00 138.25 71.75 74.50 71.75 82.75 92.00 125.75 120.50 191.25 143.50 178.75 127.75 113.25 119.75 118.25 74.00 84.25 101.00 81.50 73.75 58.00 53.25 37.75 43.25 54.75 84.75 98.50 115.00 85.75 77.50 69.50 74.50 59.00 86.25 49.00 36.00 33.75 38.25 29.50 55.75 46.75 41.50 55.25 53.50 68.00 93.50 99.00 85.25 66.00 81.75 108.00 117.75 113.50 170.00 166.75 181.00 150.50 149.00 175.00 127.75 108.75 69.00 68.00 77.50 75.00 82.50 44.00 46.00 58.00 74.50 74.75 104.00 134.75 101.50 118.25 96.00 151.75 180.50 83.25 77.00 83.00 141.75 143.00 80.50 51.75 118.25 134.75 86.00 95.25 61.00 42.75 109.75 67.75 102.00 112.50 173.25 83.75 54.00 69.00 75.75 55.00 43.50 32.25 43.50 66.25 41.00 90.00 116.25 118.50 147.00 100.50 84.75 87.00 58.50 65.50 98.50 77.75 41.00 56.75 29.25 28.00 27.25 27.50 13.25 17.50 25.50 26.75 10.75 14.25 21.75 35.75 35.25 41.00 73.75 93.00 73.00 88.50 70.75 102.75 182.00 245.00 211.50 100.00 74.00 73.50 59.75 48.75 43.25 43.25 32.25 37.25 55.00 29.75 105.75 71.25 69.25 41.75 43.75 122.75 114.75 106.75 117.00 57.75 36.00 31.25 22.25 17.00 11.50 25.00 37.25 27.50 33.75 28.50 54.50 78.75 81.00 83.50 65.75 44.00 48.75 42.00 45.75 34.75 42.75 64.00 75.25 95.00 102.75 94.50 111.00 71.00 94.75 89.50 94.75 106.25 80.00 69.75 99.25 92.75 79.00 91.25 118.00 107.25 96.00 74.50 42.25 58.50 83.50 121.00 67.00 33.25 40.00 40.50 46.50 42.00 51.75 70.25 23.25 22.25 10.25 7.00 2.50 0.00 1.00 1.00 1.00 1.00 1.00 1.00 1.00 1.00 1.00 1.00 1.00 1.00 1.00 1.00 1.00 1.00 2.25 27.00 49.25 47.25 58.75 66.00 117.50 83.75 74.25 67.25 69.75 42.50 19.75 42.00 19.75 21.25 22.25 26.75 7.00 37.25 29.75 30.75 32.50 32.25
168.00 99.75 60.25 44.75 57.00 46.00 96.75 70.50 37.00 63.00 67.50 113.00 141.25 98.50 100.25 102.25 148.00 154.75 104.75 98.25 55.25 57.25 63.50 107.75 157.75 111.75 101.00 68.50 66.75 95.00 61.25 198.75 206.25 66.50 79.50 85.50 78.00 61.25 63.75 26.00 39.25 43.50 85.75 116.00 104.75 93.75 79.50 84.75 159.25 116.00 65.50 58.25 65.00 57.75 51.75 51.00 46.50 26.50 24.25 16.25 16.00 36.75 44.50 64.00 41.25 59.75 60.00 60.00 41.00 36.75 30.75 20.25 18.75 20.50 32.25 39.75 41.75 40.50 43.00 48.50 57.75 53.00 103.75 105.50 81.75 83.75 118.75 161.25 160.50 182.00 180.50 158.75 168.50 178.50 189.00 179.75 122.00 90.75 48.25 68.75 51.00 36.00 37.00 23.75 28.50 45.75 42.00 44.75 82.75 105.00 46.25 124.25 108.00 115.50 172.50 121.25 60.75 85.00 124.00 107.00 86.00 50.00 87.75 92.25 111.75 99.25 63.25 62.25 94.75 119.50 90.25 83.00 141.50 127.50 49.25 65.25 57.50 34.25 34.75 30.75 34.00 78.25 47.25 78.25 82.25 93.25 170.75 54.75 74.00 78.25 74.00 67.00 54.00 32.00 26.75 20.25 8.75 11.00 12.75 13.25 4.50 9.25 2.75 26.75 21.50 23.50 28.75 30.00 36.75 56.25 88.50 94.50 60.25 105.00 79.50 105.50 174.75 243.50 245.00 104.25 56.00 54.25 39.25 61.50 48.25 34.25 28.25 40.50 35.25 34.00 65.50 78.50 69.75 57.00 46.00 116.75 124.75 117.00 134.75 86.75 48.50 48.50 45.50 47.25 65.25 40.25 34.50 53.75 29.50 26.25 36.50 70.75 81.75 100.00 115.50 29.50 46.25 46.00 30.75 31.00 41.50 58.00 72.75 68.00 94.75 99.50 87.25 87.75 87.00 64.25 101.00 138.50 103.50 59.50 97.75 111.50 103.50 67.00 82.75 105.00 95.25 119.00 77.50 47.75 51.50 58.25 82.50 62.75 47.50 34.25 32.75 43.25 29.00 36.00 3.50 7.25 3.75 2.50 1.25 0.00 1.00 1.00 1.00 1.00 1.00 1.00 1.00 1.00 1.00 1.00 1.00 1.00 1.00 1.00 1.00 1.00 7.00 31.00 19.50 51.50 38.75 61.50 90.25 104.25 72.75 37.50 40.25 42.75 14.25 17.25 18.00 37.00 35.25 88.00 85.25 39.75 22.25 14.25 36.75 39.25
133.00 113.25 108.00 58.75 86.50 148.00 121.75 79.00 69.50 54.25 76.00 187.50 160.00 185.00 115.50 132.25 129.50 104.00 127.50 88.50 93.25 80.25 95.75 103.25 142.00 100.00 102.50 69.50 74.75 84.00 82.75 154.50 129.25 96.50 67.25 54.75 43.50 66.00 36.00 29.25 27.00 50.50 97.50 82.25 56.25 69.00 104.25 73.50 87.50 55.25 57.50 80.25 53.00 61.50 60.50 51.75 63.75 26.50 15.00 12.25 11.50 10.25 11.25 9.75 24.25 29.50 35.25 73.25 68.50 42.50 49.75 69.25 114.75 104.50 83.25 150.50 58.25 55.25 62.25 57.50 56.75 64.25 90.00 111.00 124.75 160.25 159.50 134.75 140.25 150.50 183.00 207.25 107.75 119.50 85.00 75.25 86.75 35.50 33.75 49.75 35.25 34.75 25.50 16.75 20.75 26.75 37.00 20.75 55.25 47.75 43.00 44.75 70.25 103.00 146.75 165.75 95.00 81.50 106.00 110.00 52.00 68.00 47.50 97.25 110.75 95.75 37.00 56.00 54.00 79.50 71.25 120.75 77.00 148.75 100.00 41.50 47.00 47.00 38.50 28.50 36.00 53.25 42.00 96.50 84.75 94.50 148.00 66.50 75.50 65.75 69.00 70.50 69.25 35.50 25.25 22.75 17.00 28.75 23.50 4.50 13.75 16.75 10.50 5.50 12.00 3.25 18.75 35.50 27.25 41.75 101.50 102.50 60.50 106.00 111.75 83.50 142.50 233.50 248.25 115.00 62.75 59.00 30.50 35.25 51.50 34.25 23.25 16.75 19.75 41.00 34.50 84.25 68.25 41.75 48.00 91.00 113.50 125.25 165.50 129.25 56.50 75.50 37.00 123.75 136.50 86.50 49.75 64.50 38.25 38.00 48.25 79.50 77.00 68.25 69.50 45.00 45.25 52.50 26.50 20.25 38.75 54.25 78.00 86.50 82.50 78.75 103.00 94.25 82.75 103.25 92.75 71.00 88.00 81.00 61.75 61.25 72.75 45.50 52.75 54.00 86.50 93.75 111.75 101.00 66.75 42.50 60.00 80.00 76.75 55.25 45.25 18.00 27.50 24.00 3.75 6.00 0.00 0.00 0.00 1.00 1.00 1.00 1.00 1.00 1.00 1.00 1.00 1.00 1.00 1.00 1.00 1.00 1.00 1.00 1.00 1.00 4.00 27.50 27.50 43.50 48.00 53.25 102.00 105.25 79.00 42.50 41.75 40.75 28.25 32.50 11.00 45.25 44.75 84.50 108.50 82.00 28.00 41.25 37.75 31.50
116.00 122.50 100.75 136.50 109.25 75.50 104.00 105.25 99.00 63.50 70.25 91.50 150.50 218.75 140.25 163.75 150.50 139.25 117.00 119.25 129.75 80.50 120.75 118.75 186.25 103.00 102.50 77.25 65.50 88.50 94.00 105.75 89.00 65.50 52.50 51.25 35.75 46.75 36.00 29.50 34.25 40.00 75.00 72.00 59.50 63.50 90.75 102.50 111.00 73.50 52.50 92.75 74.75 48.75 49.00 42.00 39.00 43.75 62.00 57.75 41.75 76.50 54.75 32.25 47.25 41.00 135.50 148.75 147.75 125.50 113.25 126.25 181.50 176.50 163.75 139.25 97.75 60.75 75.50 103.75 75.00 69.25 65.00 67.00 120.50 118.75 92.00 80.00 96.00 76.50 127.00 183.75 103.00 87.50 61.25 53.25 54.00 54.50 63.00 55.25 44.00 44.75 28.75 32.00 37.75 31.75 37.50 61.50 40.75 42.50 50.75 54.50 74.25 79.50 106.75 192.75 130.25 83.25 113.00 75.50 80.75 76.75 58.00 82.75 73.25 83.00 58.50 31.75 46.00 49.25 54.50 105.75 96.75 112.75 146.25 66.00 53.00 57.75 23.75 29.75 41.75 40.50 34.00 56.75 89.00 92.75 184.00 101.00 72.75 72.50 62.25 57.50 51.50 55.75 35.50 50.25 35.75 36.75 34.50 29.50 46.25 72.75 63.50 79.25 38.25 20.25 28.75 28.00 41.00 24.75 108.50 106.00 66.75 87.25 95.75 62.50 109.25 237.75 244.50 165.75 63.75 51.00 38.00 40.75 49.50 19.25 13.00 13.50 17.50 39.50 13.75 60.25 65.75 41.00 33.75 82.25 124.75 112.50 147.50 126.00 74.50 79.00 56.75 50.25 39.75 40.50 39.50 65.25 69.75 62.75 74.25 80.00 77.25 83.00 106.75 71.75 80.50 91.25 69.25 42.50 35.75 63.50 66.50 67.50 69.00 100.75 89.50 88.75 104.25 86.50 78.00 61.25 72.75 73.75 84.50 90.75 109.75 65.00 47.75 31.00 58.00 73.25 105.75 120.75 73.75 43.25 39.00 43.50 76.50 91.00 55.50 38.50 35.25 29.25 13.50 6.25 1.50 1.25 1.00 0.00 1.00 1.00 1.00 1.00 1.00 1.00 1.00 1.00 1.00 1.00 1.00 1.00 1.00 1.00 1.00 1.00 1.75 27.50 28.50 54.75 58.00 70.00 93.25 81.00 84.50 42.25 36.00 33.00 15.50 27.75 29.50 53.75 72.25 108.25 107.50 61.00 43.50 38.00 41.50 28.25
90.25 123.50 75.75 86.75 61.00 93.75 117.75 122.00 113.25 58.25 80.75 66.00 79.75 232.25 192.00 187.00 130.25 175.75 152.50 184.75 177.50 121.75 107.25 99.00 120.25 129.00 102.00 110.00 80.75 99.50 89.75 92.00 68.25 60.25 91.25 46.25 39.25 42.50 54.50 31.50 43.75 39.25 50.00 60.00 61.75 63.25 46.75 51.75 64.25 54.75 64.25 57.50 44.50 103.75 75.50 95.25 86.00 56.50 77.25 87.75 71.75 107.25 109.75 82.50 134.00 162.50 203.00 185.25 190.75 166.25 121.75 96.25 116.25 144.50 155.50 72.25 111.25 116.00 86.00 141.50 79.50 59.75 63.00 51.50 64.75 73.75 62.75 67.00 82.00 92.75 75.75 126.75 115.00 47.75 56.50 62.25 36.25 26.50 33.75 23.00 15.75 27.00 21.25 36.50 56.00 47.50 57.75 80.50 61.50 60.00 54.75 46.25 56.75 46.50 80.75 177.50 124.75 143.00 99.75 117.50 137.25 115.50 116.00 60.00 47.00 83.00 61.25 52.50 34.75 42.00 55.00 54.25 121.50 68.50 160.75 94.50 45.00 45.25 29.50 36.75 29.75 43.75 37.75 50.25 85.25 87.50 150.50 120.00 89.25 73.50 67.25 70.25 38.25 58.75 46.75 39.25 28.50 28.00 30.75 67.25 88.50 78.75 70.00 52.25 34.50 33.25 27.00 28.75 33.50 31.75 83.25 84.75 83.00 78.75 105.25 55.00 121.00 236.00 242.50 173.25 75.25 48.00 45.25 27.00 42.00 38.00 11.50 30.00 21.00 37.25 24.00 31.00 59.50 40.50 40.50 57.75 124.00 99.75 105.25 154.75 74.75 71.25 110.75 52.25 64.75 63.75 91.75 89.25 86.25 55.25 101.75 176.75 132.25 157.75 92.25 93.50 78.25 93.25 87.00 43.00 42.25 98.50 70.25 64.50 84.75 116.75 122.75 83.75 56.75 51.25 60.00 49.75 66.75 69.00 72.00 83.50 117.75 97.25 48.00 40.25 62.25 73.00 84.00 96.50 116.50 66.50 53.50 46.75 31.75 77.50 75.25 84.25 47.00 33.25 19.75 0.75 6.50 10.50 0.25 4.00 1.00 1.00 1.00 1.00 1.00 1.00 1.00 1.00 1.50 1.75 1.50 1.50 2.00 1.25 1.25 2.50 3.75 44.50 28.50 49.25 71.50 114.00 52.00 106.00 61.50 39.25 33.75 55.75 29.25 19.50 23.25 42.00 38.00 78.50 113.00 43.50 33.75 29.00 27.75 21.25
151.25 163.50 104.50 76.25 166.25 137.75 116.75 141.75 113.50 54.50 66.00 80.00 70.00 107.75 123.25 105.25 123.25 88.50 101.00 105.00 106.00 69.50 106.75 71.50 47.25 98.75 121.00 122.75 69.25 62.25 67.75 36.25 33.00 51.75 31.25 40.75 21.50 23.25 51.25 31.00 31.75 44.00 49.75 38.25 31.25 48.25 36.75 32.00 34.75 40.00 102.00 97.25 80.00 72.75 86.00 69.50 83.25 97.25 140.00 166.75 150.75 161.75 190.00 181.50 159.00 155.25 166.75 137.75 71.50 83.25 178.00 130.75 79.50 72.50 131.00 77.75 152.50 164.50 127.75 84.25 51.75 51.25 74.75 116.50 110.00 85.00 77.00 42.50 70.25 78.50 92.50 100.75 122.00 49.00 29.50 53.25 51.00 51.25 54.75 44.75 46.25 51.75 81.50 71.50 73.50 52.50 41.25 47.00 61.25 42.50 49.75 53.50 66.50 59.50 78.25 194.00 162.00 161.50 96.00 93.25 122.00 117.75 125.75 79.75 42.75 109.50 79.50 52.75 48.25 44.50 54.50 59.25 90.75 105.00 114.25 158.25 61.00 43.50 49.75 25.75 29.75 42.75 26.00 34.50 53.75 81.00 124.75 139.50 163.25 146.25 100.00 72.25 70.50 110.00 85.75 40.25 39.75 34.00 29.25 48.25 80.00 51.00 73.00 70.50 73.50 78.00 55.75 40.75 31.00 38.50 87.00 120.00 90.75 83.00 113.75 59.50 108.50 212.25 238.75 211.75 63.25 36.50 54.25 63.75 61.00 73.75 79.50 111.75 84.25 60.50 85.50 121.00 84.50 54.25 78.75 72.50 143.25 118.50 97.50 157.00 57.00 71.25 85.25 109.25 101.25 86.25 76.50 67.25 71.75 84.50 108.50 139.00 123.75 145.25 100.00 104.00 116.00 82.25 53.25 49.75 62.00 71.25 76.00 65.75 83.75 76.25 66.50 96.00 55.50 83.50 76.50 178.00 85.75 74.25 56.00 84.75 87.25 95.50 85.75 71.00 55.50 51.50 64.00 66.50 66.75 102.75 75.50 53.75 38.00 39.25 56.00 102.25 97.50 59.50 30.75 24.00 17.75 18.75 2.00 2.50 1.00 1.00 1.00 1.00 1.00 1.00 1.00 1.00 2.50 2.50 4.50 2.50 1.00 1.25 3.25 5.75 12.50 49.50 35.75 51.50 79.00 81.00 96.25 75.00 47.00 39.75 36.75 36.75 16.50 13.25 13.50 20.75 46.50 93.50 110.25 61.25 35.00 25.00 24.00 9.75
78.25 110.50 116.50 95.00 98.75 127.75 141.00 107.50 92.00 56.50 52.50 79.00 80.00 73.75 68.00 66.25 80.75 61.00 66.50 63.25 50.75 61.00 101.50 106.50 67.50 78.25 93.75 99.50 77.50 53.25 41.75 37.50 37.00 28.50 53.50 35.00 26.50 23.00 36.75 17.75 44.25 75.00 121.25 34.00 39.75 50.25 31.25 72.50 70.25 68.75 88.25 97.25 113.00 124.25 136.50 138.25 134.75 146.50 175.00 160.25 146.25 152.25 139.50 167.75 174.25 185.25 111.50 107.75 91.00 61.75 104.00 90.00 69.50 74.25 131.25 82.00 103.75 155.00 110.75 102.25 66.50 65.75 65.75 92.00 92.00 86.50 90.25 68.50 75.75 75.00 65.50 115.25 157.50 112.50 50.75 62.50 51.75 35.50 71.25 51.75 52.75 38.00 40.50 46.25 40.75 23.50 12.75 14.75 28.50 32.50 44.00 48.00 55.00 55.25 54.00 152.75 233.00 155.75 124.00 86.50 81.25 125.75 93.50 65.00 55.75 75.75 101.50 86.50 60.75 45.50 58.00 80.00 61.50 125.50 87.00 158.75 104.25 83.75 91.00 54.50 59.00 47.00 33.00 39.00 70.50 99.00 115.00 179.25 86.75 86.75 98.75 67.50 68.25 93.00 57.75 62.25 55.75 49.75 40.00 37.25 59.25 63.00 83.00 79.00 82.75 82.00 71.50 45.25 31.50 33.25 57.25 77.75 110.00 67.00 90.75 62.25 80.75 192.25 242.00 239.25 80.75 84.25 87.75 97.00 87.25 114.25 80.75 78.00 87.75 104.75 113.25 116.75 142.25 140.25 139.50 118.75 133.75 101.25 105.25 176.25 73.75 80.25 61.50 61.75 62.50 72.75 75.75 76.25 51.00 71.50 99.00 193.75 150.00 110.25 114.50 114.00 101.00 68.25 49.25 41.25 32.25 67.00 48.25 84.25 102.25 62.50 65.50 75.50 76.25 102.50 90.50 204.25 66.00 73.50 73.00 77.00 73.25 75.25 82.25 97.75 93.50 70.75 59.50 80.75 97.25 103.50 102.50 97.50 54.75 41.00 49.25 49.75 95.00 98.50 46.25 31.25 25.00 23.75 3.50 2.00 1.00 1.00 1.00 1.00 1.00 1.00 1.00 1.00 1.00 3.25 2.00 8.25 6.75 11.25 19.50 26.25 63.25 67.50 65.50 67.75 89.50 60.00 71.50 63.25 45.50 42.00 46.75 36.75 28.75 31.75 37.00 44.50 56.50 50.25 122.00 82.75 61.25 72.00 65.75 55.00
58.00 51.25 159.00 137.00 118.75 98.00 64.50 63.00 75.50 67.00 41.75 42.75 93.50 83.25 95.50 54.00 40.00 32.25 21.25 27.75 62.50 53.75 53.75 75.50 73.00 54.00 79.00 60.50 70.00 68.25 72.25 54.25 46.50 67.00 103.00 87.00 68.50 80.25 86.00 87.25 176.25 151.75 147.50 157.75 138.75 160.00 186.50 212.00 209.50 175.00 171.00 187.75 152.00 136.75 122.75 129.25 147.75 158.75 142.50 202.75 171.75 131.25 133.25 187.50 118.50 115.50 83.50 116.25 82.75 75.00 50.50 54.25 55.75 61.75 144.00 84.50 73.50 88.25 129.75 61.25 67.00 45.75 38.00 50.50 69.25 91.25 59.75 60.25 57.25 76.50 58.50 116.50 137.00 143.75 69.00 55.75 58.50 46.50 40.25 43.00 34.75 13.00 20.25 27.00 28.00 17.50 14.75 19.00 32.75 40.75 26.75 36.50 55.75 46.00 77.00 72.25 207.50 192.25 152.75 85.00 98.50 96.50 79.00 133.75 61.50 48.75 63.00 20.00 22.75 29.00 45.25 50.75 78.50 80.25 104.75 102.75 148.25 65.75 33.25 58.50 65.50 53.50 59.75 36.25 81.50 94.00 99.75 195.25 106.00 141.50 89.50 93.50 75.00 76.00 73.25 77.50 64.75 43.25 50.00 73.75 66.25 69.00 105.75 80.25 82.00 60.25 82.00 65.75 39.50 34.25 41.50 23.00 91.00 52.50 91.75 94.25 68.25 134.75 244.75 236.75 140.00 126.00 94.50 140.50 118.25 139.75 153.50 141.50 146.75 169.00 115.50 138.75 134.50 124.50 123.00 108.75 122.75 117.50 95.25 148.50 92.25 54.00 76.75 68.75 77.25 81.25 106.50 134.50 159.50 182.75 167.75 122.25 137.75 120.50 176.25 127.75 89.75 128.50 76.00 42.50 52.50 63.75 71.00 70.00 101.75 85.00 66.50 71.25 85.00 67.50 55.50 66.75 89.00 64.75 96.50 99.75 65.25 91.00 82.75 86.50 81.75 85.00 103.00 73.00 79.25 85.75 85.75 62.25 78.25 46.50 52.75 35.50 39.25 68.75 63.00 30.00 22.75 22.00 3.00 2.25 1.00 1.00 1.00 1.00 1.00 1.00 1.00 1.00 9.25 20.50 19.50 47.00 32.50 26.50 19.00 15.50 23.50 33.00 74.00 53.50 74.25 68.00 62.00 68.75 51.25 35.25 43.00 38.00 19.00 15.75 17.25 26.75 25.00 32.50 49.25 37.00 51.25 53.25 109.00 114.25
107.50 167.75 166.25 138.50 130.50 116.25 71.50 81.25 103.50 125.25 55.50 50.75 55.50 50.25 68.50 41.50 37.50 32.75 23.25 34.50 23.00 33.50 48.75 53.50 40.00 27.25 29.75 40.25 47.50 53.75 38.75 49.25 52.75 93.75 149.00 153.25 143.25 169.75 149.50 161.75 216.00 199.75 216.75 177.50 178.75 141.25 140.50 139.00 173.25 167.75 158.25 193.50 186.50 183.25 136.25 156.75 153.75 162.50 128.00 91.00 155.50 104.25 87.75 124.75 145.75 124.75 147.25 138.50 119.75 88.50 73.25 77.50 66.00 80.75 167.50 108.00 109.00 122.50 146.25 93.50 77.00 49.25 67.00 59.00 82.00 88.75 78.75 57.00 86.75 66.00 71.50 98.00 142.75 209.75 77.25 62.75 62.75 52.75 44.25 64.75 41.50 35.75 36.25 29.75 39.00 23.50 23.25 32.75 26.25 51.00 18.75 32.75 45.25 59.00 58.50 66.25 120.75 232.75 151.00 116.00 78.25 80.25 115.00 93.75 99.75 84.25 47.25 42.25 30.25 36.00 46.25 50.75 66.50 60.50 132.50 77.50 186.50 197.00 136.50 130.00 139.00 144.25 113.25 56.75 67.75 83.25 97.25 170.75 156.75 108.75 134.50 104.25 79.50 68.50 121.00 57.75 59.75 46.25 66.00 85.50 130.00 89.50 95.75 90.75 111.00 87.00 69.00 55.00 52.00 60.75 75.00 68.25 95.25 50.25 96.25 83.75 80.75 146.50 208.75 201.00 211.50 138.00 152.00 157.00 108.50 137.75 132.00 114.75 151.50 128.50 99.25 116.25 107.25 126.75 118.75 97.50 113.25 125.50 92.00 169.75 143.75 159.00 159.75 166.75 163.25 162.25 168.50 114.50 141.50 118.50 138.50 97.50 102.75 140.75 217.50 116.00 101.50 88.00 80.50 68.00 72.25 65.00 82.25 90.50 84.00 76.00 81.00 77.75 89.00 84.75 51.50 65.25 84.00 87.00 72.75 101.75 85.50 94.75 84.00 89.75 83.00 63.00 101.50 82.25 52.75 76.25 87.25 101.75 61.50 88.50 54.00 54.50 36.75 34.00 47.25 14.50 19.50 14.00 13.50 8.75 15.50 22.75 39.75 56.25 28.00 10.75 2.25 7.00 6.25 6.00 2.00 10.25 8.00 11.25 12.25 14.00 11.50 41.50 63.50 57.25 99.50 103.25 68.25 74.50 45.75 40.50 56.50 52.75 35.00 21.25 12.00 30.75 25.50 24.50 39.25 83.25 88.00 60.25 149.25 97.25
33.00 77.00 54.00 127.50 102.25 109.50 70.00 40.25 83.00 116.50 72.50 46.25 36.25 38.50 35.75 14.75 43.25 22.25 67.75 89.75 71.25 72.75 128.50 124.75 135.25 83.50 86.00 55.25 50.75 54.75 66.75 70.75 49.25 116.50 68.25 114.50 137.50 188.50 121.00 105.00 98.50 82.00 131.75 139.25 181.50 184.75 189.25 158.50 154.00 170.50 219.00 152.00 153.50 170.00 147.75 122.50 121.50 143.00 112.25 143.25 120.00 119.00 109.50 129.50 79.50 77.50 44.75 57.75 55.75 47.25 88.75 74.00 69.75 53.50 169.50 156.50 103.75 65.75 95.75 69.50 56.00 61.75 47.00 50.50 104.00 105.00 67.50 47.00 71.75 67.50 72.00 82.75 120.25 218.00 71.50 61.75 55.75 57.25 44.00 57.00 41.25 31.00 24.50 25.50 40.00 35.00 18.00 40.25 34.75 79.50 38.50 43.00 48.50 50.25 46.75 86.50 75.00 180.25 202.50 127.25 66.50 78.75 93.75 102.50 79.25 74.50 44.25 27.00 55.25 73.75 55.25 40.50 59.25 74.00 98.00 152.50 170.25 185.50 134.25 124.50 143.00 129.00 97.00 70.75 59.75 81.75 118.75 148.00 163.25 71.75 80.75 80.25 76.00 60.50 80.75 81.50 85.75 92.75 103.75 67.25 71.00 75.50 62.50 77.50 62.25 62.75 64.00 52.50 65.00 95.75 90.25 81.00 53.75 65.75 93.75 120.75 67.50 102.75 141.00 157.00 210.75 131.00 140.00 119.25 132.25 163.50 151.25 135.75 138.25 103.50 109.00 104.25 90.25 93.25 64.75 55.00 41.25 110.00 118.50 158.25 155.00 168.75 161.00 148.75 137.25 138.75 134.25 143.75 144.25 137.75 128.25 110.25 105.75 144.00 182.75 148.50 97.25 71.00 73.00 73.75 60.25 42.75 70.25 80.25 104.25 74.50 97.25 84.00 88.00 81.25 89.50 60.75 87.75 68.50 123.00 117.50 100.50 95.25 96.25 98.50 88.75 63.25 83.25 113.75 99.50 91.00 87.00 76.00 69.25 102.75 103.25 60.50 46.50 59.00 53.25 33.25 36.00 28.50 35.75 22.75 15.50 17.25 17.00 14.25 13.25 12.25 7.00 2.00 3.75 5.00 3.50 2.00 1.25 11.25 15.00 14.00 16.75 58.75 57.50 110.00 121.50 143.50 167.00 112.25 80.75 33.00 47.75 49.25 37.00 14.00 22.00 28.50 38.00 29.50 41.00 99.50 110.25 76.00 82.50 71.75
37.25 92.50 95.00 60.75 59.50 86.00 73.00 77.75 54.75 82.50 80.25 53.50 44.25 52.25 50.25 57.50 100.00 154.75 131.75 132.75 134.00 166.25 193.00 153.25 170.25 147.00 135.25 91.75 93.75 65.00 85.75 71.00 86.25 148.50 88.50 104.25 97.00 115.50 166.00 109.00 70.25 61.75 84.00 126.75 145.75 131.50 91.75 96.50 165.50 139.00 105.25 87.25 133.50 167.25 112.75 156.75 142.00 126.50 85.00 69.75 92.75 81.00 76.25 48.50 45.75 39.00 49.25 57.75 68.50 80.50 96.50 62.75 64.50 88.50 131.25 161.50 119.75 44.50 76.75 90.75 76.50 75.50 54.75 88.25 120.75 106.50 58.75 38.75 54.50 56.50 87.50 79.00 109.00 219.00 80.00 63.00 66.25 46.50 38.25 46.00 32.25 22.00 34.25 27.50 27.75 28.75 28.75 35.25 37.50 62.75 20.50 27.00 36.00 41.50 60.50 60.00 62.00 118.75 220.75 150.00 100.00 81.75 92.25 89.75 50.50 54.75 54.75 54.00 83.75 95.75 64.00 36.25 27.75 76.25 85.50 141.75 150.50 134.50 160.50 96.00 104.00 155.00 156.75 127.75 143.75 123.25 110.25 160.75 186.25 45.25 74.25 86.00 70.00 45.00 62.00 66.75 62.25 69.50 60.75 61.75 54.00 49.75 42.50 56.75 66.00 73.00 87.75 89.50 96.00 104.00 110.75 107.75 84.25 95.50 78.50 91.25 91.50 111.50 104.00 118.50 166.50 109.50 108.50 114.00 114.00 123.00 114.75 92.25 76.25 49.75 32.50 22.75 39.75 29.00 43.25 40.25 53.50 126.50 93.25 99.75 204.00 134.50 183.75 172.75 175.75 206.50 205.25 179.75 177.75 120.75 106.00 97.00 86.00 105.00 214.25 122.25 115.25 92.50 70.25 67.75 42.25 56.00 79.25 69.75 89.75 71.00 91.50 81.00 96.00 85.25 87.25 104.75 75.75 97.25 94.00 86.50 80.25 48.75 95.00 88.25 114.25 105.75 106.00 88.75 56.50 80.75 71.00 70.00 87.75 81.00 76.75 66.75 44.75 60.75 36.50 19.75 9.75 16.75 3.25 8.00 1.25 2.25 1.75 0.25 1.25 1.25 2.00 2.00 2.00 9.00 17.25 8.00 19.00 36.25 34.75 69.25 53.75 86.75 82.50 89.75 124.75 115.25 111.25 151.50 89.25 48.25 60.75 53.75 38.25 37.50 84.75 61.00 30.25 30.25 56.75 95.75 73.75 64.75 73.25 54.00
41.50 46.25 55.50 60.50 66.25 74.00 114.25 119.75 106.25 72.75 89.00 104.25 110.50 119.00 95.50 73.75 136.25 203.25 151.00 192.75 171.00 149.25 181.50 145.25 171.00 149.50 205.00 109.75 125.50 66.25 93.50 71.75 64.00 116.50 87.00 59.00 77.25 50.75 81.25 63.50 75.25 59.50 84.75 112.50 121.00 170.25 112.25 137.00 150.50 169.50 113.00 94.50 88.00 72.75 81.25 91.75 90.00 56.75 48.00 70.75 62.00 59.25 61.50 57.75 78.00 59.00 63.25 57.00 71.75 85.00 142.25 96.00 84.75 70.25 131.00 172.75 113.00 72.00 106.50 123.25 79.75 87.25 75.00 67.75 96.75 109.00 88.75 47.25 56.00 73.00 72.00 73.50 117.50 202.00 140.00 69.50 62.25 42.50 60.25 48.25 46.25 35.25 16.50 47.75 41.00 34.00 10.50 38.00 34.00 53.25 33.00 31.50 46.00 43.25 45.50 54.25 59.00 90.00 174.75 217.75 138.75 86.25 79.00 111.50 100.75 74.00 60.25 60.25 66.25 63.75 51.25 31.00 53.50 86.00 131.25 69.50 158.75 119.25 159.50 172.00 179.25 168.50 148.50 163.00 97.50 122.25 118.75 136.50 209.75 66.50 76.25 99.50 86.50 67.00 76.75 100.75 59.50 60.25 62.00 61.00 79.50 98.75 89.00 101.25 116.75 97.50 97.50 105.00 113.25 119.50 93.25 91.50 90.00 60.75 68.00 100.25 82.75 98.00 77.25 111.50 138.75 76.25 71.25 51.00 59.00 133.25 100.50 59.75 70.25 55.25 56.50 48.25 40.00 31.25 31.50 31.25 47.25 77.25 110.50 139.00 220.50 152.50 160.00 157.50 114.50 124.25 130.50 114.75 115.50 107.00 117.50 109.25 117.00 98.25 155.00 114.00 135.00 76.50 81.00 69.25 66.50 68.00 70.50 88.75 106.50 83.00 67.50 91.00 100.25 98.50 81.75 95.75 94.25 92.00 78.50 62.00 79.00 64.75 99.00 93.00 70.00 60.25 49.25 87.00 74.00 83.75 82.50 73.50 68.00 120.00 83.00 54.50 54.25 73.00 61.25 47.50 39.50 23.25 5.75 8.25 5.00 2.00 4.75 11.50 6.25 8.50 12.25 15.50 15.00 34.50 62.50 56.00 76.75 68.25 70.50 67.75 47.50 94.00 107.75 93.75 104.75 119.00 104.00 88.50 77.50 53.25 60.25 62.75 63.50 71.50 80.25 85.50 90.00 84.50 101.50 74.50 69.50 77.75 76.50 40.00
70.50 97.50 128.50 121.75 87.00 114.75 117.00 122.50 171.50 129.75 125.50 117.00 213.75 114.75 108.75 50.25 113.50 163.75 151.00 193.00 124.00 120.00 132.75 99.00 87.00 122.50 186.50 136.50 129.25 93.25 93.25 67.75 39.50 106.75 97.50 58.75 72.00 73.75 49.00 37.50 42.50 36.00 79.50 88.25 63.75 63.00 68.50 76.75 88.75 106.00 56.75 55.75 61.00 50.75 56.50 67.75 55.50 59.25 73.25 64.25 85.75 72.75 57.00 58.25 84.75 88.25 51.00 50.50 68.75 46.50 71.00 55.00 73.50 43.75 81.00 144.25 151.00 63.75 117.00 91.25 86.75 70.50 59.25 54.50 104.75 125.00 99.25 61.25 42.50 72.75 75.00 61.00 110.50 151.25 163.75 67.75 64.75 59.75 48.00 40.75 56.50 34.00 41.50 50.50 77.50 32.75 31.25 19.50 41.50 41.75 81.75 35.00 52.00 56.50 36.00 56.00 49.00 80.25 112.25 242.00 171.00 139.00 142.75 116.75 67.25 85.00 63.25 59.00 50.00 52.00 44.75 40.25 68.75 119.25 81.50 100.00 129.50 120.00 155.00 152.25 136.00 133.50 129.00 134.50 119.00 71.25 80.00 114.50 186.50 173.00 62.75 125.50 124.25 69.75 66.50 97.00 82.50 90.25 139.75 130.00 143.25 137.25 133.25 110.25 124.75 107.50 123.75 119.25 118.75 107.50 95.25 114.25 104.50 88.75 99.50 94.25 79.25 45.25 48.25 107.50 123.75 52.75 53.25 69.25 42.25 68.25 55.25 30.00 53.75 63.50 46.25 31.75 37.00 20.75 45.75 65.00 106.75 118.75 114.00 100.50 126.25 103.25 105.00 109.50 72.25 92.00 78.50 79.25 62.75 54.50 35.25 29.00 46.00 49.00 143.50 119.25 124.00 107.75 92.50 50.25 45.25 44.75 53.50 92.00 65.00 79.75 85.75 91.25 102.50 77.00 95.75 89.75 84.00 98.25 67.75 64.50 79.75 58.50 82.50 61.50 73.50 71.75 56.25 70.75 80.25 80.75 74.75 81.00 66.00 78.00 42.00 64.25 54.50 59.25 41.25 54.25 36.25 21.25 4.50 13.00 7.50 24.00 57.00 44.25 43.25 44.50 45.00 50.25 48.00 50.50 61.00 72.25 122.25 80.50 141.50 90.75 64.75 103.25 96.00 87.50 76.75 90.75 68.00 104.25 80.50 55.75 63.25 57.50 54.25 63.25 77.00 80.00 82.75 76.25 71.00 69.00 60.50 62.50 51.50 48.00
68.00 115.75 142.50 135.00 110.75 155.75 153.50 123.75 118.00 120.25 146.75 147.25 87.00 89.25 101.50 79.25 82.75 124.50 195.00 137.50 110.25 87.25 93.00 92.00 77.00 120.00 129.25 94.75 131.75 121.50 104.50 54.75 34.00 72.75 120.25 66.75 84.50 123.25 58.25 68.25 68.75 54.75 55.50 33.75 39.50 40.25 35.50 40.75 56.00 56.00 63.75 57.50 54.50 81.75 54.50 51.75 95.25 55.50 95.00 59.25 78.75 58.25 64.00 68.00 89.25 77.00 84.50 62.75 66.00 64.75 66.50 54.50 51.75 54.25 65.00 170.25 175.50 98.75 90.00 97.00 76.25 81.75 70.75 91.50 107.75 132.50 142.50 103.00 31.25 63.75 66.75 62.75 92.75 135.75 193.75 50.50 50.75 53.25 38.75 52.50 35.00 22.00 19.75 33.25 51.00 56.00 30.00 14.25 29.00 23.00 50.25 26.25 58.25 34.50 57.75 50.75 85.25 163.75 203.75 140.75 224.00 154.75 100.50 81.50 149.50 134.25 105.00 47.00 46.00 42.25 70.00 35.25 52.75 74.75 64.25 60.75 69.75 119.25 89.50 96.50 84.50 116.75 113.00 109.50 101.50 138.00 93.25 100.00 194.75 144.50 76.50 93.25 80.75 74.75 62.00 100.00 78.00 110.75 108.75 108.75 152.50 117.25 159.25 138.25 129.25 104.25 118.75 139.25 153.50 164.00 161.00 169.75 184.75 149.25 131.50 90.00 81.50 25.00 43.50 76.50 86.00 56.00 40.75 41.50 28.50 23.00 17.25 22.50 13.00 15.75 10.25 7.50 33.75 34.25 78.25 119.75 104.75 78.25 80.75 81.25 111.50 45.25 49.00 59.75 34.75 44.75 34.50 26.25 29.00 26.00 24.75 38.00 35.25 38.75 80.50 71.50 132.25 164.00 120.50 82.75 89.25 52.75 56.25 76.25 69.50 64.25 61.50 74.50 77.25 50.75 57.50 70.00 80.00 87.00 74.25 68.75 100.75 73.00 84.75 84.50 62.75 47.50 64.50 56.25 58.25 58.50 63.50 62.50 51.75 56.75 49.75 62.25 40.50 55.75 57.75 32.75 30.00 55.75 48.50 62.50 61.75 48.75 59.25 42.75 59.00 55.50 53.00 60.50 70.75 55.00 75.50 64.00 76.00 94.50 100.25 103.25 82.75 77.25 77.50 65.75 64.50 65.00 64.75 79.00 47.00 54.00 66.00 68.25 52.75 46.75 88.50 79.25 85.00 76.25 63.25 47.25 47.75 80.25 77.00 88.75
116.25 159.50 193.75 195.50 129.75 129.50 95.00 83.50 108.00 107.00 115.50 77.00 56.75 93.50 126.25 116.25 60.50 106.00 124.25 89.00 54.50 47.00 46.25 53.00 74.50 95.50 79.00 93.75 96.00 85.00 83.00 70.75 38.00 62.00 132.25 74.75 36.00 87.50 71.00 52.75 58.75 38.00 32.75 42.00 65.50 54.75 74.25 91.25 97.75 75.25 65.25 57.50 59.00 57.25 45.50 44.00 89.25 88.50 84.50 84.00 114.00 122.00 111.75 115.00 158.25 149.25 141.50 78.75 46.75 46.75 71.75 74.00 55.25 60.00 52.25 113.25 192.75 115.00 95.50 80.75 78.00 65.00 75.00 110.50 87.00 103.25 102.75 90.75 56.75 59.50 48.50 69.50 70.50 140.50 226.50 79.00 64.00 61.50 40.00 49.00 71.25 61.25 63.00 72.75 86.25 112.75 76.00 39.00 77.25 57.75 47.75 32.25 53.50 53.25 74.25 171.75 74.75 91.75 151.50 104.75 215.25 153.00 164.25 113.75 140.75 94.75 89.75 62.75 44.00 55.50 75.25 85.00 65.25 41.75 46.75 62.25 114.25 99.25 120.25 66.25 73.00 105.50 128.75 96.25 66.25 95.00 104.75 91.25 221.50 175.50 126.75 88.50 66.25 69.25 89.25 115.50 96.50 91.50 93.25 98.00 159.00 116.75 193.00 197.25 169.50 179.75 157.25 172.75 147.50 135.25 120.75 137.25 106.25 117.25 105.00 94.25 97.25 65.50 49.75 58.00 79.75 38.25 36.75 34.75 35.75 18.50 12.50 14.00 12.25 16.50 27.00 32.25 28.00 27.50 34.75 40.50 49.75 29.75 34.50 33.00 56.50 54.75 34.50 34.50 21.25 27.75 35.00 23.00 36.25 29.50 22.75 32.25 27.00 35.50 55.50 91.50 121.25 124.50 116.75 91.75 91.75 50.00 56.75 121.50 51.50 57.25 52.50 53.00 73.50 79.00 72.25 81.25 88.50 93.50 82.25 81.00 67.75 65.75 44.50 70.00 57.50 58.00 62.25 55.75 58.75 67.50 49.25 72.25 65.25 60.75 76.75 50.75 64.50 50.50 66.00 55.50 57.75 52.00 46.00 74.75 47.75 70.00 55.75 117.50 86.50 60.75 72.50 72.25 95.50 81.50 86.50 100.00 61.25 95.25 70.25 111.50 92.50 64.50 43.50 89.50 68.00 48.50 58.50 59.00 31.75 44.50 54.50 48.50 58.00 43.50 70.00 81.25 60.25 65.75 96.50 72.75 80.00 85.50 143.00 119.50
124.75 112.00 90.25 96.75 152.25 90.75 100.00 106.25 105.00 65.75 76.00 45.50 77.00 78.75 51.75 104.75 80.75 132.75 93.25 56.25 43.75 43.50 36.25 48.75 51.75 50.00 51.00 104.50 85.75 116.00 59.00 64.50 38.50 78.00 79.50 101.75 38.25 124.75 93.25 67.00 68.50 80.25 70.25 62.25 56.00 104.25 88.50 77.50 74.25 73.75 90.00 61.50 46.75 84.50 108.00 116.50 98.75 137.75 112.00 139.50 106.25 91.75 82.75 74.00 57.50 64.50 59.75 61.75 47.50 41.75 44.00 77.50 38.75 66.00 78.00 148.50 181.00 132.75 87.00 70.00 78.50 99.50 89.50 108.50 88.25 87.50 91.75 56.50 36.75 51.00 52.75 92.75 78.50 152.75 213.25 100.50 79.00 86.00 91.75 96.50 80.00 84.50 83.50 102.50 99.75 97.00 97.75 87.25 82.50 74.50 58.50 56.75 46.75 45.25 196.00 156.75 76.75 70.75 101.25 90.00 117.50 212.25 159.25 114.75 104.00 136.25 88.75 92.25 51.50 61.00 90.50 101.25 70.00 53.25 38.25 39.75 84.75 73.75 117.00 72.25 68.25 63.75 64.00 60.25 63.25 73.25 47.50 66.25 182.00 155.00 107.00 78.50 89.75 70.50 67.75 84.25 99.25 83.75 51.00 57.50 117.75 116.00 183.75 176.25 151.00 145.75 138.25 143.25 161.25 151.00 117.25 104.50 90.50 106.25 90.25 123.00 117.00 97.25 96.75 113.00 136.75 78.00 37.00 43.25 53.00 33.75 37.25 42.00 21.00 22.75 33.25 27.25 19.75 14.75 9.50 15.50 34.75 30.00 31.75 43.75 109.50 51.25 32.50 52.75 36.50 30.75 38.00 16.00 24.75 28.00 25.25 30.50 24.50 39.75 81.50 164.75 79.25 64.25 90.75 86.50 107.25 48.25 57.00 94.25 67.50 80.50 86.75 95.50 61.00 79.00 60.00 73.50 70.25 79.00 53.25 60.75 61.00 62.75 52.75 54.75 69.75 69.25 74.50 57.50 52.25 83.75 90.25 102.25 128.75 103.75 148.50 126.75 67.00 58.00 76.75 77.25 83.50 127.50 79.00 91.50 85.50 92.50 87.25 105.75 83.50 97.50 82.00 74.00 70.00 128.00 87.25 86.00 74.00 91.50 78.50 97.00 74.50 97.50 73.25 74.75 72.50 37.75 39.50 43.75 47.75 46.75 64.75 49.50 53.00 72.00 49.75 70.25 75.75 99.00 92.75 129.75 104.00 73.00 99.75 106.00
149.00 99.25 113.50 117.00 132.25 75.50 99.75 76.75 57.25 50.50 29.00 39.75 45.50 59.50 39.50 85.25 40.50 67.25 44.50 45.25 32.25 34.50 15.50 46.75 53.50 77.00 51.25 117.50 78.25 103.00 95.50 48.00 51.25 31.50 44.50 70.75 59.50 107.75 124.50 76.50 59.75 71.75 66.75 50.75 59.00 68.75 66.25 99.25 93.00 95.75 154.75 142.50 103.25 116.75 120.00 94.50 69.25 62.50 79.75 69.50 47.50 37.00 49.50 63.75 56.50 79.00 47.75 75.50 56.25 54.50 60.50 105.00 39.75 44.75 53.00 121.25 204.00 143.50 115.75 56.75 87.50 91.75 85.00 87.25 69.50 79.00 100.50 60.50 48.50 52.00 65.25 56.25 77.25 123.50 183.50 130.00 97.50 94.50 83.50 92.75 104.50 103.25 100.00 88.25 101.25 78.75 105.75 56.75 89.00 77.25 75.50 90.00 51.25 84.25 161.25 122.75 113.00 43.25 96.25 79.75 81.00 220.50 193.75 155.00 110.25 117.50 77.50 59.00 58.00 68.75 77.75 53.25 45.25 64.75 46.00 49.00 62.50 115.25 95.75 119.75 73.75 58.75 65.00 62.25 49.75 48.00 47.75 87.25 128.25 113.50 69.25 101.00 107.50 76.50 85.00 78.00 64.00 75.25 49.25 59.00 115.00 93.50 173.00 175.25 145.25 111.00 124.75 119.50 121.75 91.50 114.25 103.25 105.00 112.00 97.00 128.25 116.00 111.00 101.00 68.25 80.00 66.00 50.25 37.50 60.75 36.25 28.25 20.00 22.50 21.25 24.25 17.50 2.50 0.50 0.00 0.50 2.00 0.50 4.25 11.00 21.00 17.75 11.75 18.50 13.50 11.75 8.00 6.00 6.25 5.50 5.75 3.75 1.75 8.75 19.50 28.25 32.25 22.50 51.75 69.50 73.00 63.00 60.50 60.75 60.75 70.75 65.75 54.75 50.25 62.75 63.25 73.75 59.75 69.00 83.50 109.25 88.75 94.75 69.25 74.25 127.50 112.75 92.00 54.75 66.75 147.75 115.50 124.25 154.75 98.00 123.25 105.25 93.25 72.75 82.00 70.50 97.00 64.50 91.00 100.00 82.75 72.75 100.75 60.00 103.00 95.75 86.50 93.00 75.75 81.00 90.00 73.25 71.00 66.75 82.00 137.75 108.25 60.00 66.00 103.50 68.00 44.50 29.50 41.75 54.00 42.25 63.25 68.25 48.75 54.50 49.50 79.75 99.50 83.25 125.75 116.25 132.25 97.00 70.75 64.25
102.00 76.50 88.50 120.75 145.50 66.75 63.50 74.00 41.25 31.25 25.75 28.00 24.25 42.00 30.25 82.25 73.00 50.50 32.75 55.25 54.50 76.00 68.00 41.25 39.50 40.75 47.25 110.75 106.00 103.50 91.00 51.50 58.00 47.00 41.25 78.75 54.25 82.50 123.75 59.50 65.50 51.50 66.00 67.50 59.25 51.00 91.50 95.50 88.75 75.00 91.25 91.50 70.50 70.50 48.25 92.75 60.50 30.50 27.75 46.50 44.50 54.00 77.75 52.25 39.00 46.00 25.00 37.25 51.50 36.75 51.00 63.00 57.50 48.50 53.25 90.00 209.50 146.25 90.00 81.00 79.00 108.75 113.00 72.25 57.25 76.75 96.50 88.25 44.50 47.00 65.50 65.00 63.75 122.00 172.50 157.25 95.50 79.50 60.25 94.00 95.00 81.50 91.75 86.50 99.00 107.25 125.00 101.75 90.25 74.00 81.00 77.00 55.25 197.50 107.75 98.25 63.00 60.50 62.50 76.50 82.75 156.75 232.75 146.75 152.75 141.75 89.75 86.25 121.25 83.25 40.75 51.50 67.50 72.50 48.50 46.25 52.50 122.50 89.00 131.75 87.25 75.25 77.25 89.00 73.25 94.25 65.50 64.75 59.75 109.25 86.50 73.50 106.50 109.75 79.00 74.00 116.25 70.50 51.75 49.25 129.25 127.50 124.00 125.00 106.75 107.75 101.00 112.50 87.75 114.75 127.25 90.25 95.00 84.75 57.75 37.75 35.25 31.50 25.75 33.00 84.50 69.50 41.50 49.00 33.75 18.75 14.00 5.00 14.75 4.00 6.50 9.25 2.50 0.50 0.00 0.50 3.25 2.00 4.50 9.50 29.50 26.25 22.75 33.00 20.75 13.75 10.25 12.00 14.50 42.75 32.25 32.25 27.75 11.25 13.25 32.50 23.00 21.75 61.75 79.50 66.00 67.25 69.50 54.00 63.50 63.25 60.50 64.50 77.25 89.25 106.00 116.75 117.25 119.00 122.25 116.50 128.50 120.00 143.00 98.00 112.50 126.25 97.50 63.50 53.00 96.00 101.75 102.00 80.50 105.25 97.50 75.25 92.50 76.25 93.00 100.50 75.75 69.00 81.75 90.75 87.25 94.25 89.75 77.75 99.25 85.50 81.00 86.00 77.00 103.75 106.25 83.25 99.00 132.50 154.75 136.00 140.25 123.75 75.00 73.00 38.00 52.75 42.00 57.00 70.25 34.00 53.00 47.50 49.50 51.75 64.25 100.00 91.50 65.75 60.25 84.75 92.75 60.50 52.25 24.25
72.25 65.25 46.50 98.25 118.50 94.25 46.00 46.50 49.50 52.50 26.25 35.00 65.00 57.00 64.25 119.50 63.25 73.00 37.75 53.00 74.25 90.75 81.25 56.75 49.75 109.75 100.25 147.25 118.50 99.25 78.25 77.25 73.00 49.00 34.50 87.75 62.00 36.50 162.00 52.00 52.75 57.25 47.50 45.75 80.25 50.75 39.25 30.50 40.25 71.50 85.75 71.25 44.75 48.25 40.50 36.00 36.75 23.75 24.50 31.25 27.50 27.25 31.75 38.75 35.25 30.50 25.25 56.25 53.25 63.25 58.75 68.25 59.25 46.25 67.00 71.75 178.00 183.25 102.00 78.75 60.75 80.50 91.75 71.25 38.00 66.50 90.25 96.00 58.25 54.50 75.00 82.25 72.50 93.50 112.50 209.75 93.25 86.75 90.75 82.75 93.25 90.75 74.00 86.25 112.00 121.25 114.75 104.75 80.75 74.50 95.00 101.25 132.75 191.50 84.50 50.00 40.75 62.75 43.75 68.25 66.50 67.75 184.50 200.25 156.00 138.25 154.00 71.75 80.75 95.75 68.25 30.00 44.00 32.00 46.50 50.75 48.00 71.25 130.50 73.00 61.75 66.25 48.25 47.25 111.25 156.00 112.25 53.00 46.25 124.25 109.75 90.00 105.50 97.00 69.00 62.25 96.75 59.75 55.75 48.50 119.50 119.00 109.00 121.75 126.75 89.50 75.25 79.50 70.25 52.75 33.00 11.75 10.50 6.25 14.00 14.00 20.00 24.00 58.75 65.75 102.75 49.50 47.50 31.50 27.00 19.25 24.75 19.25 21.50 6.75 8.25 13.00 2.50 0.50 0.00 0.50 1.25 0.25 1.00 3.00 1.75 6.50 1.50 1.50 3.00 3.25 5.25 8.00 6.50 3.75 8.75 7.00 8.25 2.00 18.00 47.75 36.25 70.50 110.00 107.00 107.50 72.00 69.25 68.50 68.00 54.75 62.50 45.00 68.75 135.00 124.75 109.50 120.50 107.25 132.50 140.50 115.75 125.75 155.75 86.25 80.25 84.25 73.50 70.75 63.75 40.75 66.25 62.75 80.25 101.25 86.00 90.50 73.50 90.75 106.50 95.50 78.00 85.75 79.00 61.75 89.50 111.25 78.00 91.75 105.50 93.75 81.50 95.50 80.00 79.00 103.50 72.75 83.75 90.75 82.75 80.50 105.50 123.25 78.00 95.50 71.25 44.50 51.00 82.75 88.00 42.25 39.75 45.50 54.75 61.75 64.75 99.00 66.75 79.00 59.00 57.00 43.75 35.50 40.25 23.00
71.25 49.00 34.00 26.00 54.50 41.00 22.75 12.00 28.50 32.75 29.50 34.50 42.75 49.75 109.50 155.75 121.50 95.25 65.75 88.75 93.25 84.25 61.25 97.75 50.00 74.75 92.75 102.00 114.00 87.75 100.00 71.75 71.50 52.50 43.50 77.25 49.75 43.00 126.50 44.00 54.25 51.25 47.00 25.25 31.25 29.25 56.50 35.75 45.50 40.75 51.50 56.25 42.75 20.50 29.25 28.50 26.75 29.25 54.50 46.50 41.00 33.50 49.50 44.75 49.25 91.00 79.50 75.25 82.00 94.75 90.50 82.75 144.25 75.25 72.75 59.00 186.00 177.50 125.25 76.75 54.75 80.00 64.75 36.25 58.25 46.75 64.50 79.50 37.75 27.75 45.25 55.50 71.00 77.50 117.50 224.75 92.50 83.75 79.75 85.00 83.25 82.00 79.00 84.25 90.50 95.25 97.50 105.25 95.25 83.25 81.25 95.00 215.75 123.75 62.25 35.00 88.25 67.00 53.50 52.50 51.50 63.50 100.00 149.75 178.00 137.50 184.50 113.50 94.50 122.25 73.00 49.50 51.25 67.75 107.50 40.00 30.75 42.25 32.75 48.75 42.50 59.75 51.50 74.25 118.75 203.50 224.25 170.75 69.00 71.50 152.00 84.50 83.00 115.25 85.00 59.50 76.00 88.25 67.50 44.75 43.25 83.25 51.50 34.00 26.25 26.00 22.00 21.00 16.00 9.50 15.00 1.75 2.75 2.25 1.75 1.50 3.00 7.00 25.25 44.00 47.25 65.75 48.00 42.50 28.25 11.00 13.00 12.00 13.50 3.50 3.50 3.75 2.50 0.50 0.00 0.50 2.25 1.50 1.25 1.00 12.50 8.50 12.50 34.50 68.00 59.25 74.50 105.50 57.75 42.75 25.25 14.00 5.50 17.00 34.75 47.50 88.25 158.75 122.00 146.00 122.75 83.50 64.50 33.75 52.50 55.75 55.50 79.75 69.00 107.00 111.25 122.75 117.00 82.75 96.50 86.75 80.25 78.50 84.50 104.50 101.75 53.50 120.25 149.00 56.25 46.50 58.75 126.00 140.25 119.50 118.00 103.75 98.50 56.50 49.25 76.25 82.00 75.00 83.75 81.00 93.00 87.50 46.25 98.50 118.50 90.25 69.50 71.75 97.25 71.75 83.25 82.00 117.00 87.25 93.00 101.25 92.75 133.25 88.75 85.00 81.25 69.25 66.00 104.25 107.50 73.25 41.75 74.00 59.50 77.00 50.00 75.75 73.25 73.25 60.75 35.75 21.00 34.00 24.25 32.25
84.50 66.75 82.25 89.75 121.25 98.00 77.50 100.25 137.50 103.75 39.50 36.25 53.00 126.75 167.00 160.00 102.25 88.25 102.25 69.00 77.50 40.50 63.25 80.25 68.75 97.25 115.75 127.75 104.25 98.25 140.75 66.00 79.25 85.25 45.00 60.00 46.50 40.25 130.25 54.75 61.00 57.25 45.00 63.25 37.50 47.75 17.50 15.00 28.75 22.50 26.75 15.00 18.00 32.00 35.50 21.50 31.25 37.25 47.00 59.25 61.25 74.00 98.75 98.75 53.25 50.00 50.75 74.50 47.25 62.00 78.00 60.50 77.00 58.50 54.50 61.00 130.00 171.25 115.25 73.25 37.00 47.50 44.75 28.25 34.25 39.25 35.00 60.00 54.50 27.75 35.00 48.25 60.50 93.75 115.50 202.25 82.50 87.00 93.00 70.50 80.25 80.00 89.50 102.25 59.50 42.75 40.00 78.50 93.25 95.75 90.50 129.25 146.50 123.75 53.75 93.75 96.50 48.25 43.25 64.25 49.50 55.50 153.50 141.00 184.25 191.50 126.75 151.00 81.75 106.75 85.50 48.75 51.50 53.00 31.75 32.50 18.50 48.50 45.00 47.00 46.75 65.00 82.00 55.75 47.00 104.00 123.00 115.75 63.75 40.50 102.75 73.50 72.00 103.25 76.00 59.75 130.75 90.50 49.75 40.25 42.50 33.00 38.00 15.50 14.25 13.00 11.00 9.75 1.00 1.00 1.00 1.00 1.75 0.25 2.25 1.25 6.25 3.25 19.00 27.00 53.75 60.50 66.00 23.50 27.75 17.00 25.00 22.25 12.75 1.00 5.75 2.25 4.50 2.00 0.75 5.75 4.25 5.00 4.75 13.25 24.25 28.25 30.75 46.50 71.25 89.75 90.50 84.50 82.50 39.00 28.25 14.25 17.25 24.50 53.25 69.50 132.25 139.25 145.50 130.25 147.75 112.75 46.50 58.75 71.00 59.25 53.25 91.50 75.75 71.50 101.50 92.75 76.00 64.75 59.25 46.75 52.50 55.50 70.00 113.00 83.50 95.50 136.75 125.50 105.25 125.25 117.25 145.25 162.25 132.75 99.50 96.50 80.75 102.75 75.25 77.75 92.50 94.50 82.00 70.00 83.75 102.75 85.00 80.50 75.25 101.00 83.25 86.50 80.00 112.25 80.50 98.25 59.75 88.25 90.25 91.50 69.50 76.50 85.75 69.00 90.00 103.25 95.50 112.50 124.25 77.50 55.50 63.25 42.00 77.25 43.75 66.50 54.50 45.50 40.50 17.50 22.75 28.25 42.00 42.00
157.75 114.25 71.00 124.50 113.00 125.75 105.00 79.50 82.00 127.25 148.50 141.00 75.00 110.75 123.00 137.50 106.75 45.75 68.50 72.25 97.50 88.25 67.50 79.00 96.50 115.75 187.25 129.75 81.00 122.00 95.50 85.75 53.00 79.75 89.50 109.25 48.00 40.00 110.75 99.00 56.50 57.00 35.75 26.25 32.50 56.50 31.25 42.00 44.75 49.50 58.25 41.00 58.75 71.75 76.75 100.50 91.25 75.00 59.50 58.50 52.00 33.25 55.75 60.75 47.50 34.50 36.00 60.75 42.75 67.00 42.75 51.00 101.00 75.00 47.00 58.25 88.75 177.50 123.25 103.00 70.50 72.50 87.25 71.00 41.75 40.75 47.25 48.75 83.50 57.25 59.00 75.75 78.00 77.50 156.75 202.75 148.50 70.00 86.25 94.25 94.75 91.75 84.75 90.00 76.00 88.75 134.50 166.50 194.75 221.25 242.50 238.50 144.75 184.50 125.50 66.75 68.50 53.25 74.75 65.25 37.25 60.25 63.25 70.75 120.50 191.50 153.50 111.50 114.75 59.00 55.00 44.50 35.75 43.75 47.75 77.00 53.25 33.75 28.25 43.50 39.25 32.75 34.00 22.00 19.75 42.50 14.50 22.50 44.75 36.75 57.50 53.00 90.50 110.75 108.00 64.75 77.00 63.75 36.00 36.00 21.50 9.00 12.00 3.50 3.25 2.00 1.25 0.75 1.00 1.00 1.00 1.00 1.25 1.75 7.25 8.00 4.50 10.00 37.50 51.00 90.25 89.50 115.25 50.25 55.50 28.75 26.75 26.50 15.25 9.25 3.50 3.00 7.75 9.00 8.75 9.75 24.25 53.75 68.25 42.25 22.50 22.00 13.00 42.50 70.75 87.75 77.50 92.00 70.75 43.00 61.25 61.00 37.75 25.50 57.75 87.50 100.50 115.75 107.50 97.00 145.50 67.50 44.75 47.25 55.00 66.25 71.00 96.50 94.00 78.00 64.50 96.25 62.00 55.00 51.50 62.00 100.50 118.50 130.25 187.00 168.00 177.75 162.00 142.00 134.00 149.75 140.50 135.75 102.75 76.00 79.00 89.00 75.75 94.75 81.25 71.25 95.75 77.00 84.75 64.25 75.00 75.75 87.50 73.00 75.25 85.50 95.50 118.75 90.75 86.25 72.00 92.75 73.75 87.50 56.00 59.00 63.00 60.50 94.75 100.00 87.00 83.00 76.00 76.75 98.00 103.00 47.25 59.00 52.75 59.25 60.75 59.25 38.25 38.50 43.00 37.25 45.00 62.50 72.25 37.25
98.25 110.50 135.75 180.25 169.00 169.25 103.00 107.50 85.75 75.25 115.50 126.00 91.25 54.00 48.75 46.25 61.75 80.75 111.00 111.25 100.75 86.75 106.25 108.75 166.00 91.00 71.75 101.00 120.75 92.00 122.50 92.00 64.75 61.75 70.00 53.00 37.00 32.75 62.25 84.50 35.00 49.00 54.50 51.75 54.00 68.00 63.25 98.75 63.50 87.75 103.25 76.25 44.00 50.00 39.75 48.25 32.00 53.75 36.50 44.00 33.00 43.50 34.25 31.00 39.25 37.50 47.00 54.00 58.00 52.50 48.75 50.00 73.50 44.25 83.00 71.25 88.00 217.75 127.00 111.75 111.75 116.50 108.00 88.00 65.75 63.25 89.25 103.75 73.75 53.50 51.25 72.75 63.25 77.25 166.50 177.25 229.25 169.00 126.75 158.25 176.50 182.50 218.50 237.25 219.50 223.25 220.25 213.25 200.75 194.75 174.50 146.50 109.25 71.75 57.50 80.25 77.50 56.75 73.75 66.25 77.75 70.00 77.25 72.00 105.00 134.75 144.50 94.25 149.00 74.25 68.75 60.00 46.50 42.75 44.50 83.50 55.25 44.25 33.50 33.75 39.25 32.75 26.75 20.25 44.50 27.00 29.75 40.00 30.25 45.50 57.75 55.75 86.25 72.50 54.25 62.00 60.50 83.50 35.50 21.75 14.75 7.50 7.75 6.75 2.00 1.50 1.25 1.00 1.00 1.00 1.00 1.00 1.25 1.75 7.25 8.00 5.25 10.50 33.00 39.25 62.00 90.25 78.25 44.75 45.75 27.75 43.00 58.25 41.75 37.75 56.50 70.50 82.50 71.25 44.50 72.25 42.75 57.75 78.25 75.50 36.00 25.50 75.00 80.25 85.50 100.00 95.75 70.50 65.00 59.25 86.50 109.00 85.75 48.75 90.75 141.50 128.50 112.75 106.25 129.75 96.00 58.50 65.00 53.25 39.25 89.00 95.50 103.75 93.50 83.75 95.25 139.00 101.50 95.25 144.50 162.75 142.00 163.75 174.75 180.75 137.25 116.00 184.50 118.00 123.25 118.25 117.75 97.00 76.50 92.50 86.00 89.25 117.75 108.50 95.00 64.75 81.25 90.50 90.25 96.50 95.50 82.50 64.25 71.75 76.75 79.75 70.75 74.50 95.25 103.00 67.25 62.50 71.75 71.75 54.25 42.00 41.75 38.00 98.25 58.25 84.00 87.25 73.00 57.50 88.00 80.50 52.25 66.25 61.50 48.75 62.50 48.75 55.50 29.25 46.00 49.25 44.25 74.00 76.00 89.50
118.25 116.50 117.50 109.50 98.75 119.00 104.25 149.00 103.00 77.25 127.25 121.50 80.75 61.25 48.50 41.00 48.25 42.25 75.00 79.25 113.50 125.25 145.50 140.00 116.00 74.75 74.00 77.75 110.00 97.75 121.50 97.75 67.00 55.75 90.75 72.25 38.00 35.25 59.50 121.75 48.25 54.00 71.00 82.25 61.50 76.50 125.75 54.00 51.00 49.75 56.00 41.50 36.25 27.25 27.50 32.25 24.00 22.00 27.50 22.50 39.25 28.50 31.00 42.00 35.50 19.75 23.25 25.50 29.50 9.00 20.25 23.50 52.00 73.75 56.75 54.00 89.75 212.25 159.00 118.00 108.50 135.75 92.25 76.75 75.25 56.75 70.25 104.75 97.00 50.00 42.50 94.75 46.50 74.50 65.25 83.75 211.00 223.00 236.00 231.75 180.00 205.50 178.25 174.25 164.50 159.00 129.25 155.00 167.75 176.75 154.50 158.25 125.00 54.25 79.50 98.75 60.75 80.50 86.00 55.25 116.75 69.25 55.25 94.50 110.50 174.00 143.50 80.75 103.75 127.25 69.00 80.25 40.25 43.75 32.75 46.25 40.25 38.00 22.50 39.75 32.50 29.75 28.25 37.25 40.75 29.75 34.25 18.75 34.25 52.50 116.50 78.25 79.25 40.25 47.25 41.75 43.00 46.75 43.50 21.00 4.25 5.75 4.75 3.00 0.50 0.50 1.00 1.25 1.00 1.00 1.00 1.00 1.75 0.25 2.25 1.25 2.75 6.50 25.75 26.75 35.50 57.25 89.25 65.75 37.75 34.25 63.50 84.25 61.25 44.50 93.50 118.75 98.75 90.25 89.25 81.75 69.00 86.00 78.50 68.75 61.00 90.75 104.25 113.00 92.00 90.75 75.75 85.00 45.75 79.00 79.75 83.75 103.25 37.25 68.75 123.25 106.50 90.50 86.50 79.50 85.50 92.50 63.50 47.50 53.75 57.50 92.50 73.25 88.00 57.50 118.25 139.00 130.25 111.25 118.75 115.00 115.25 161.50 159.25 110.50 102.50 88.00 150.75 139.25 122.50 73.50 91.50 107.00 93.25 111.50 120.75 108.50 104.50 84.00 91.25 66.75 81.00 95.50 84.50 80.75 84.75 90.25 85.00 90.75 74.75 83.50 64.50 82.00 79.75 73.75 69.00 64.25 90.25 78.50 51.00 70.50 65.75 53.50 89.50 71.75 86.25 85.25 61.00 69.50 56.00 48.25 48.25 69.00 55.75 48.00 49.00 45.00 63.25 67.75 55.50 69.75 102.50 76.50 84.50 77.00
110.00 98.75 93.75 110.50 114.25 116.75 82.75 63.25 108.75 80.75 96.00 68.50 113.50 99.75 60.00 51.25 55.00 55.25 73.00 47.50 69.00 69.50 100.00 109.50 89.00 110.00 106.75 107.50 86.00 137.00 99.50 77.75 71.25 84.75 111.50 73.00 31.75 49.75 48.25 138.00 96.75 72.00 61.50 34.00 63.75 75.50 73.00 52.75 56.50 40.25 61.50 58.00 54.25 43.25 38.00 40.00 35.25 43.75 41.25 41.75 33.00 15.50 13.25 7.50 12.25 3.50 2.00 2.75 3.00 4.00 0.00 20.75 28.25 68.00 39.75 48.50 57.00 127.50 158.25 119.75 87.25 102.25 82.00 108.25 89.00 54.50 92.25 122.75 98.50 72.25 47.25 84.50 51.25 57.75 50.75 79.25 217.50 160.50 135.25 136.00 126.50 185.25 170.75 131.50 167.00 192.75 158.25 189.00 131.75 86.75 139.00 113.25 80.75 71.50 84.50 91.50 152.75 149.00 176.75 230.00 184.50 186.25 189.00 176.00 140.75 88.25 69.25 78.25 105.50 164.00 94.25 54.25 44.75 45.50 47.00 53.75 37.75 31.25 43.25 50.00 34.50 44.25 33.75 33.75 28.25 34.50 28.25 22.25 61.50 64.00 102.00 108.75 74.25 46.75 39.75 61.75 53.75 67.25 47.50 15.25 6.00 7.00 13.00 18.25 10.25 14.00 11.50 51.00 55.25 45.75 29.25 13.75 8.75 8.75 6.75 4.00 5.00 3.75 12.50 12.50 9.50 39.75 55.25 91.25 62.75 88.50 119.25 110.25 86.50 37.00 73.50 82.50 84.75 79.50 89.75 77.75 87.25 60.50 81.75 99.25 112.25 116.50 95.00 103.50 98.75 79.50 56.75 41.25 52.75 80.50 69.50 68.00 55.00 35.75 48.75 94.00 103.25 70.25 63.50 68.50 60.75 85.25 80.75 43.00 61.00 71.50 81.75 95.50 101.75 120.75 114.50 112.75 134.00 81.75 72.25 90.00 135.50 121.00 166.75 84.00 57.50 66.75 100.00 124.25 110.75 104.00 125.00 123.00 121.50 139.50 125.25 79.50 72.00 78.50 71.00 76.00 90.25 100.25 84.50 80.25 87.25 81.00 94.50 95.00 73.25 79.50 73.00 61.75 68.75 88.75 78.75 79.50 76.25 79.75 76.25 87.75 81.00 107.25 91.50 66.25 73.25 68.50 69.25 44.25 39.75 60.25 40.25 60.00 35.25 43.00 57.75 46.00 59.00 91.75 73.00 67.50 90.00 83.75 72.00 62.00
88.75 107.75 96.25 138.50 201.75 178.50 169.25 52.25 47.75 82.25 77.00 81.00 111.75 114.50 160.75 99.00 93.00 174.25 71.75 48.75 39.75 58.75 96.50 113.25 102.75 114.00 92.00 110.25 110.25 121.75 112.00 99.75 69.75 70.25 103.25 97.25 44.00 64.75 40.75 108.25 52.75 51.00 52.25 52.75 54.25 57.00 68.75 52.75 59.75 51.50 48.25 48.00 47.50 45.00 23.75 29.50 17.75 15.75 3.50 0.50 8.75 11.50 17.00 16.75 9.75 12.50 9.25 5.50 8.00 4.00 11.00 30.00 35.75 50.25 49.00 64.50 61.00 124.25 201.00 149.50 96.00 149.75 108.25 111.50 89.25 64.00 66.25 96.00 116.75 108.25 50.50 105.00 84.00 82.25 64.00 100.50 228.25 238.50 167.75 204.00 156.75 180.50 136.25 89.75 76.25 107.25 69.25 101.75 101.25 99.00 144.25 182.50 175.75 197.25 227.50 203.50 157.00 162.50 168.75 114.50 65.50 57.00 48.75 32.50 27.75 30.25 37.25 61.50 85.75 81.50 60.25 95.50 56.50 39.50 27.75 25.25 31.75 31.50 29.00 42.75 39.00 63.00 53.50 41.00 31.25 17.00 24.75 20.75 49.50 56.50 92.25 103.50 83.00 79.50 44.00 72.25 37.75 55.25 51.00 35.75 24.75 18.25 19.00 56.25 108.25 61.50 71.50 135.50 138.75 118.25 67.75 58.75 62.50 43.50 23.75 15.50 13.50 16.50 33.00 35.00 27.75 31.50 88.00 109.25 78.25 105.00 91.25 99.50 85.75 43.25 60.00 69.25 93.75 94.25 85.50 85.25 89.75 87.25 90.50 82.00 94.75 100.25 78.50 96.00 88.00 53.00 53.50 40.25 57.25 69.25 54.75 63.50 68.75 61.25 65.00 54.25 75.25 50.00 52.00 72.00 77.50 90.75 71.50 47.50 52.00 51.25 86.25 123.00 124.25 178.50 168.25 116.50 111.25 95.25 73.75 117.25 158.00 115.75 138.00 62.75 70.25 75.00 124.25 122.25 77.25 71.25 52.50 86.25 117.75 133.00 130.75 116.50 86.50 71.50 100.00 96.75 73.00 79.75 98.75 91.75 117.50 87.50 84.25 85.50 95.00 88.00 55.00 62.75 96.00 86.50 92.00 77.25 89.25 94.00 94.25 98.50 87.50 82.00 86.75 77.25 70.75 60.00 39.25 37.50 43.25 56.75 19.50 43.50 47.50 51.25 56.00 59.00 109.75 99.00 88.50 73.50 86.25 83.50 75.50 66.75
78.75 107.50 135.25 117.00 129.75 123.00 171.25 76.75 101.00 70.25 53.25 57.00 47.75 134.00 130.25 74.50 166.50 212.25 117.00 56.25 61.25 61.00 102.75 75.75 76.25 91.50 104.50 84.75 99.75 84.00 121.50 120.25 76.50 101.25 105.75 100.75 57.75 68.00 63.50 120.50 99.75 51.00 58.50 63.00 59.25 44.50 17.00 24.50 20.25 19.75 12.50 13.75 6.25 6.25 1.50 3.00 5.25 14.25 7.75 1.00 7.50 14.00 17.00 22.25 23.50 23.75 20.75 36.25 32.25 24.50 24.25 43.00 58.25 55.00 56.75 61.25 63.50 79.25 188.50 136.50 102.00 167.75 127.25 87.25 85.75 63.00 50.50 88.50 105.50 107.75 72.75 115.75 71.25 48.00 68.75 61.75 156.50 116.75 97.25 79.00 82.50 84.50 102.50 117.00 135.50 128.50 168.50 215.00 207.00 204.75 170.25 147.25 120.00 77.50 59.00 96.25 53.00 79.50 102.00 48.00 44.75 37.75 35.25 26.75 29.00 41.00 41.00 45.50 70.75 50.50 66.50 88.75 79.50 58.50 39.50 27.00 32.25 26.25 15.25 23.00 36.50 53.00 33.25 13.50 14.00 12.50 6.00 8.75 22.50 49.75 81.75 83.00 48.50 63.25 54.00 51.00 37.00 38.00 40.50 51.25 24.50 27.25 57.50 126.50 117.00 120.75 125.25 115.25 104.25 109.00 95.00 111.25 103.75 91.50 61.00 29.75 49.25 79.75 99.75 77.00 66.00 36.75 60.50 69.50 28.75 50.50 47.25 41.50 30.75 39.75 24.75 37.25 50.00 86.50 55.75 55.50 52.25 83.25 87.25 79.00 76.25 56.25 47.25 76.00 66.25 46.75 50.75 60.25 61.00 45.25 56.50 80.25 88.25 100.50 116.00 84.25 45.25 58.00 42.75 66.25 43.25 70.75 78.75 60.25 54.75 63.00 88.50 119.75 148.00 95.75 105.50 122.25 128.00 120.25 85.25 83.25 87.50 122.00 134.50 92.00 61.75 95.00 90.00 127.25 90.75 96.00 98.50 85.75 140.50 151.25 181.50 135.50 68.50 79.75 98.00 88.50 93.25 91.50 98.25 82.75 79.00 89.75 96.75 72.25 71.75 75.75 74.25 100.00 113.50 73.25 82.50 88.50 93.25 90.50 96.75 100.50 71.75 48.00 56.50 55.00 49.25 47.00 47.00 31.75 43.50 58.75 47.50 43.25 51.00 34.00 60.50 49.00 81.00 68.25 92.00 59.50 73.25 86.25 80.00 57.75
61.25 119.00 71.75 50.50 49.00 70.25 148.75 151.25 181.75 96.75 137.25 84.50 123.50 190.75 85.25 80.25 149.00 164.25 89.50 137.75 158.00 128.25 156.75 88.00 90.00 105.75 106.75 60.50 67.75 57.00 68.50 120.50 88.75 74.50 97.00 98.25 118.75 66.00 48.25 67.25 112.25 65.00 53.25 64.00 47.25 33.25 10.25 6.00 7.75 6.00 7.75 2.50 3.75 7.00 1.75 0.75 8.75 4.50 2.25 15.25 9.00 15.00 17.00 34.00 48.25 50.25 30.75 32.50 32.00 35.50 24.75 57.75 68.00 79.25 77.00 73.50 80.75 64.00 169.00 88.00 57.25 94.00 110.00 88.75 67.00 54.00 74.50 139.00 117.75 104.75 60.25 119.50 105.00 79.00 95.50 101.00 125.50 146.25 193.50 202.25 217.50 195.00 147.25 163.75 156.50 137.50 99.75 95.75 84.50 63.00 55.25 76.25 66.00 56.50 61.50 75.25 57.50 61.25 52.00 43.50 46.75 32.25 23.00 12.00 18.75 7.50 20.00 39.00 79.75 57.00 90.50 84.25 73.75 80.50 44.50 40.75 39.25 18.00 10.00 3.50 10.50 23.50 22.00 28.50 42.00 90.50 64.00 84.50 58.50 27.75 27.00 51.75 50.00 57.50 43.75 43.25 45.75 50.00 47.00 46.25 48.75 68.25 96.50 111.75 116.00 100.50 94.25 110.50 91.50 92.00 85.00 83.25 77.25 70.75 56.75 42.50 63.25 94.75 107.25 72.50 48.25 35.50 21.25 61.25 62.00 68.00 44.25 38.75 54.00 80.00 69.75 37.75 33.25 51.00 63.25 50.25 66.75 99.00 92.75 89.75 58.00 46.75 77.00 94.00 80.50 44.00 50.50 34.00 27.50 23.75 79.50 86.50 88.50 128.50 84.75 90.00 72.75 54.75 41.00 40.75 53.25 81.50 44.00 51.75 59.50 61.50 49.50 80.25 59.25 75.50 82.00 82.25 117.75 119.25 122.25 64.25 110.25 135.00 86.50 121.50 131.75 202.50 161.75 165.75 162.25 169.75 211.25 208.25 190.25 121.00 111.50 101.50 94.25 64.50 82.75 100.00 77.75 91.00 80.00 79.50 99.50 82.75 86.75 85.75 100.75 91.50 102.50 92.25 89.00 97.25 97.00 84.00 90.75 66.00 62.50 63.00 61.50 45.25 44.00 42.50 44.50 54.75 40.00 39.00 66.00 50.25 83.75 60.00 56.50 48.75 65.75 55.25 63.25 82.00 75.00 81.50 79.25 82.75 79.75 72.75
83.50 83.00 91.75 48.75 43.50 64.00 147.75 174.00 219.00 172.25 200.25 166.75 165.75 102.25 76.50 148.00 135.50 101.25 168.75 160.25 198.00 197.50 137.75 82.50 51.00 70.75 130.25 87.00 85.50 90.75 93.75 109.50 82.75 48.75 43.00 106.25 94.50 55.00 50.75 42.75 94.25 38.00 41.00 24.50 23.75 20.25 5.25 11.50 2.25 8.25 20.25 23.00 17.50 32.25 30.25 43.25 35.25 25.50 33.00 21.75 24.75 18.75 21.00 14.50 32.25 56.50 52.00 59.00 57.75 54.50 52.00 51.50 34.50 24.00 36.00 31.75 29.00 39.75 117.50 110.25 53.25 75.50 102.00 85.25 67.50 60.75 59.25 60.25 90.75 88.75 52.00 53.25 154.25 193.50 192.50 145.50 187.25 154.00 127.50 90.50 78.75 92.25 49.25 66.75 83.00 87.25 72.50 86.50 61.75 36.00 56.00 49.00 48.75 37.50 30.00 36.50 25.00 29.25 51.00 22.75 29.00 39.50 24.25 23.00 21.00 18.75 43.00 50.50 106.50 112.50 84.25 81.50 93.75 64.75 37.00 45.75 50.75 34.00 23.75 23.50 22.25 41.25 37.75 62.00 96.75 114.25 106.00 128.50 137.25 81.00 47.75 42.75 34.50 30.50 31.50 40.00 55.75 40.50 34.00 44.25 49.75 99.00 107.75 114.50 96.75 75.50 64.00 75.25 57.50 29.75 57.50 55.75 45.25 63.75 27.75 37.50 34.50 45.75 63.50 55.00 56.75 88.50 66.00 87.00 111.25 135.00 122.75 88.25 82.75 122.25 89.00 100.50 49.00 45.50 44.25 64.00 86.00 96.50 83.00 65.00 76.50 35.00 73.75 87.75 75.25 38.00 47.00 35.00 18.50 19.50 50.50 62.25 91.25 112.00 99.50 125.50 137.50 86.25 53.75 61.75 62.50 92.00 74.50 74.25 89.25 94.25 54.00 70.00 43.50 68.75 65.50 116.00 151.00 219.50 153.25 133.25 146.25 161.25 151.75 183.00 178.75 246.75 210.00 205.00 219.50 211.75 178.25 166.00 142.25 77.50 52.25 63.25 116.25 80.50 103.00 110.25 95.00 109.75 84.25 96.50 79.50 86.25 86.00 90.50 88.50 75.25 132.25 99.00 104.25 101.00 87.25 94.75 106.50 83.75 58.75 38.25 46.00 39.50 31.25 33.00 39.00 47.25 55.25 53.00 77.50 78.50 76.25 53.00 55.00 54.50 61.50 59.00 53.25 71.50 88.75 82.75 77.75 71.50 85.00 56.25
50.50 92.50 123.25 67.50 58.50 141.00 127.75 90.50 139.25 137.50 188.50 179.00 224.75 143.25 174.25 243.50 160.50 111.50 190.25 129.50 138.25 119.50 203.75 137.50 54.25 67.00 104.50 104.25 108.00 76.25 63.75 79.25 65.00 69.25 52.50 121.50 102.25 45.50 61.50 56.25 84.75 61.75 45.00 51.75 46.75 42.25 28.50 38.25 40.75 23.75 35.50 35.75 29.75 30.25 31.50 29.00 29.75 34.25 37.75 42.50 65.25 81.00 83.25 61.00 46.50 40.50 15.25 9.75 8.00 5.00 2.50 3.25 1.25 2.00 1.50 21.25 21.00 21.75 31.25 70.25 60.75 52.75 66.00 84.25 82.50 64.00 41.75 49.50 81.00 95.00 65.00 49.25 95.00 94.50 45.50 46.25 50.25 68.75 33.25 60.75 66.75 45.50 75.00 58.75 86.25 107.50 70.75 59.25 56.00 42.25 40.25 35.50 12.50 7.25 4.25 11.25 18.75 27.00 48.25 33.75 35.25 55.00 29.75 28.25 17.00 13.50 47.00 56.75 89.75 104.75 73.75 69.75 54.75 48.00 45.50 56.50 52.50 55.50 37.75 32.00 27.00 47.00 121.25 131.75 125.25 115.00 100.25 131.00 110.00 59.75 30.50 35.75 47.25 50.50 64.00 38.50 49.25 59.00 73.50 113.00 72.75 121.50 119.00 99.75 92.25 102.25 91.25 83.50 51.75 55.75 49.75 26.00 29.25 28.50 20.25 27.00 19.50 32.00 30.50 75.25 116.25 107.75 81.50 114.50 125.75 89.00 101.50 83.00 111.25 97.75 110.00 115.75 89.00 37.50 43.50 75.25 94.50 79.25 96.50 88.25 72.75 68.50 47.75 58.50 67.25 44.50 34.75 39.50 29.25 47.50 53.50 59.75 74.00 80.00 98.50 114.00 105.50 86.50 49.00 40.00 64.50 78.00 72.00 57.50 57.75 61.50 64.00 76.75 41.75 51.25 62.25 160.00 166.25 198.75 205.50 213.25 169.75 228.00 179.25 202.50 167.00 176.50 116.50 130.00 161.25 138.00 140.00 125.25 138.00 76.25 61.75 49.00 135.25 80.50 168.00 172.00 147.00 94.00 78.50 79.75 76.50 75.50 66.75 68.00 82.50 87.50 76.25 87.25 108.25 75.00 63.50 81.00 82.75 68.25 56.50 58.50 61.00 67.50 57.75 45.25 78.00 91.50 70.00 100.25 82.00 66.00 65.00 70.75 61.75 55.50 52.75 42.00 50.50 63.00 76.75 71.25 54.00 88.00 79.00 57.50
73.75 69.00 64.25 56.00 77.00 116.50 104.75 160.75 143.50 116.25 106.75 123.50 123.75 162.00 210.75 211.50 157.75 190.00 217.50 87.75 116.25 91.25 76.25 178.00 162.00 76.75 50.75 47.00 46.50 32.25 37.50 63.50 74.00 35.25 37.00 42.75 53.50 61.50 75.50 18.75 38.50 17.50 31.00 27.00 37.00 39.50 25.75 28.00 27.00 37.50 29.00 40.75 42.00 65.75 51.75 53.50 66.75 42.75 43.75 24.00 22.25 4.25 1.75 9.25 10.50 6.25 3.00 10.25 0.25 0.00 0.00 1.75 0.75 5.50 3.75 3.50 6.00 3.75 8.50 40.00 56.75 40.00 41.50 85.50 67.25 73.75 49.00 60.00 96.50 108.00 101.50 55.50 51.75 39.50 29.25 40.00 54.75 43.50 44.50 50.75 38.50 22.50 34.75 23.50 41.75 52.25 26.25 25.00 14.50 16.75 17.25 13.00 2.75 2.00 0.50 5.75 2.75 5.25 10.75 5.50 2.00 6.25 3.00 5.50 5.00 10.75 12.75 49.75 41.00 42.75 37.00 48.50 42.00 44.50 47.25 41.00 50.75 37.50 50.50 36.75 50.25 136.00 131.50 136.00 115.25 120.50 119.25 135.75 102.00 85.50 62.50 58.75 80.25 69.00 95.00 85.75 89.75 97.25 98.00 103.00 116.75 119.25 100.75 88.00 70.25 92.25 77.75 67.50 35.75 45.00 50.00 68.50 57.50 52.50 75.00 85.50 41.25 64.75 70.75 80.00 123.00 116.75 111.00 137.75 119.00 102.25 99.75 106.50 101.00 119.75 110.00 75.50 74.50 58.75 65.25 94.75 78.75 64.50 62.75 60.25 65.75 58.50 40.50 36.50 20.25 14.50 24.75 24.00 34.00 25.50 43.75 60.50 47.25 76.50 83.00 107.25 80.25 60.00 43.25 49.00 80.00 103.00 106.50 79.00 63.75 47.50 62.75 47.25 37.50 39.00 36.25 88.75 81.50 117.75 150.25 150.25 125.25 133.25 129.75 169.75 118.00 95.50 142.25 117.25 101.50 129.00 85.00 108.75 108.25 91.00 109.25 98.00 120.50 78.00 93.75 118.25 89.50 71.00 76.75 90.75 84.50 110.25 100.00 71.75 88.75 75.75 70.00 105.50 74.75 84.50 52.00 61.75 49.50 46.25 39.25 52.00 38.00 42.00 63.50 48.25 67.00 113.00 89.25 100.25 89.00 76.75 57.75 51.25 57.25 45.75 51.25 58.00 37.25 61.00 79.75 70.75 57.00 79.75 68.25 71.25
69.50 53.00 81.25 60.50 52.75 54.25 41.75 65.75 116.00 146.25 91.75 68.25 123.25 155.50 162.25 176.25 129.75 176.50 138.50 94.50 112.50 82.75 76.25 160.50 126.25 137.00 42.25 48.25 47.50 38.00 105.75 90.50 107.50 63.75 49.75 73.00 57.25 58.00 47.75 31.00 57.00 67.25 28.50 45.00 25.50 55.00 63.50 70.25 80.00 66.75 57.00 65.75 58.00 38.00 17.25 10.25 8.50 2.75 2.25 3.75 1.75 6.25 5.75 4.00 0.00 0.50 1.25 2.25 1.25 1.00 2.00 3.50 4.75 1.00 2.50 6.00 13.50 9.00 18.25 46.50 43.75 37.50 26.00 64.00 104.25 106.75 69.00 88.50 103.50 120.00 75.50 28.75 34.50 28.75 18.00 18.50 12.50 30.50 38.75 88.75 74.75 64.75 30.75 25.25 32.50 30.00 26.75 25.00 8.50 10.75 18.25 6.50 4.00 4.00 0.50 1.25 1.50 3.00 1.50 3.25 2.50 2.75 2.25 2.50 4.00 6.25 3.25 26.75 27.00 26.00 48.75 46.50 25.75 40.50 55.25 41.75 31.50 42.50 55.25 40.50 47.00 86.00 127.50 123.75 119.00 111.50 90.25 80.25 103.50 96.75 65.00 49.00 83.25 100.50 122.25 100.25 67.75 127.75 101.75 108.75 84.50 96.00 80.00 51.00 55.75 63.25 42.50 49.50 32.75 46.00 65.25 89.50 69.00 86.25 136.25 102.50 76.25 65.00 49.25 76.00 102.75 88.25 85.25 101.50 117.75 105.75 83.25 88.75 90.00 98.00 77.00 51.75 69.25 74.25 109.00 110.25 104.75 71.50 91.50 105.00 102.00 124.75 84.75 70.75 86.50 69.00 41.75 58.50 56.00 69.75 50.50 39.25 43.25 73.75 66.50 69.00 61.75 43.25 66.25 80.50 119.25 130.00 120.25 109.75 76.25 61.75 37.00 76.00 49.50 28.25 40.00 79.00 75.75 68.75 77.75 121.50 167.50 132.50 113.75 86.75 85.50 107.75 113.25 107.50 116.00 131.50 105.50 104.50 87.50 53.25 43.75 44.75 61.75 61.25 74.75 74.50 91.00 77.75 90.00 83.75 71.50 112.00 107.75 72.50 86.75 83.75 84.25 101.25 72.00 65.25 35.00 40.50 37.00 41.50 27.00 33.75 53.50 65.25 67.75 87.50 85.25 98.00 86.00 90.25 101.25 94.50 69.00 59.75 42.25 47.25 55.25 49.25 54.50 58.50 73.75 79.00 71.50 68.50 76.00 74.75
53.00 35.00 34.50 34.25 64.50 22.25 29.00 35.25 46.75 73.25 82.50 74.00 133.75 154.75 127.75 137.00 118.50 124.75 86.25 91.00 127.50 91.75 59.75 112.75 160.25 221.75 119.50 113.50 92.50 74.25 130.50 49.75 68.75 52.00 60.75 80.25 106.50 181.50 120.50 50.75 45.00 65.50 65.25 64.75 49.25 50.50 37.75 31.50 13.75 12.25 6.00 7.50 3.25 2.25 1.75 0.75 1.25 0.00 2.50 7.75 7.00 5.00 2.50 0.50 1.00 1.00 1.00 1.00 1.00 1.00 1.00 1.00 3.75 5.00 4.00 32.00 46.75 46.25 47.25 93.25 173.25 157.75 135.75 110.75 81.00 97.50 62.50 55.00 91.25 100.25 91.00 35.50 22.75 33.25 23.25 18.75 25.25 32.50 61.75 95.75 86.00 73.50 62.75 47.75 29.75 13.50 16.50 24.50 5.50 4.50 6.25 5.75 2.75 2.50 2.50 7.25 1.25 2.75 8.25 19.00 40.75 73.50 85.50 50.25 62.25 123.00 121.25 59.50 102.75 41.50 65.75 51.00 81.25 115.25 84.00 65.00 75.00 52.75 51.00 49.25 73.00 99.50 110.25 111.25 136.50 111.50 72.00 84.00 71.50 54.75 122.50 100.25 129.00 126.00 98.00 99.50 69.00 62.50 43.75 48.75 47.25 31.00 47.00 51.25 49.50 25.00 49.25 60.00 66.75 109.75 135.75 140.75 79.75 105.00 68.75 78.50 78.00 79.25 52.25 73.00 73.25 72.25 65.25 88.50 85.75 104.75 84.75 93.25 80.50 89.50 92.50 77.50 64.25 78.75 80.00 71.50 95.50 79.75 93.50 117.25 97.00 108.50 141.75 130.50 99.75 109.50 101.00 51.00 45.25 59.00 47.25 49.50 61.75 53.50 71.00 56.75 69.25 83.75 95.00 82.75 108.25 131.25 120.25 126.25 88.50 62.25 57.00 77.75 91.25 83.25 44.25 79.25 68.75 51.00 84.25 75.50 126.25 96.00 110.25 108.25 128.75 104.00 73.25 81.50 72.50 67.00 60.00 55.25 52.75 43.50 27.25 55.50 80.75 172.75 166.25 88.25 82.50 99.75 94.25 93.00 104.50 68.00 67.50 66.25 77.25 90.50 57.00 94.25 62.75 41.75 48.25 40.50 35.50 57.00 73.75 42.00 78.00 63.75 80.25 83.50 94.75 104.50 83.75 74.00 75.50 118.75 77.25 61.50 46.25 44.25 73.00 51.25 46.25 36.50 72.75 77.00 86.50 79.75 84.50 75.50
45.50 49.75 29.75 14.25 33.25 8.25 7.00 18.00 16.00 47.25 38.75 56.50 72.00 83.50 171.75 123.50 117.00 91.00 96.25 87.25 95.50 94.50 57.25 114.25 96.00 156.75 142.00 135.50 159.00 161.50 205.50 60.75 70.25 64.75 56.25 74.75 94.25 108.75 129.75 38.50 75.50 107.75 38.75 36.50 29.25 21.25 7.50 7.00 8.50 8.50 2.50 3.75 0.75 1.75 2.25 3.25 3.00 1.25 1.75 3.75 2.00 1.75 1.25 1.00 1.00 1.00 1.00 1.00 1.00 1.00 1.00 1.00 2.50 1.00 7.25 37.50 30.00 24.25 39.25 99.50 162.50 112.50 114.75 89.75 69.75 76.00 52.75 59.00 53.00 82.00 128.50 114.00 46.00 35.25 20.00 18.00 20.75 19.75 22.50 27.50 15.25 32.00 20.00 16.25 12.25 5.00 7.75 6.50 7.75 1.75 8.00 2.00 0.50 0.00 2.00 23.50 24.50 32.25 40.75 70.25 94.25 135.00 128.25 150.25 123.00 141.75 154.25 144.75 146.75 117.50 118.25 115.00 100.25 111.75 106.00 122.75 93.00 66.00 53.25 41.25 63.00 60.25 67.75 92.75 91.25 105.50 99.50 84.75 84.00 103.75 113.50 122.75 129.75 120.50 97.75 107.50 67.75 62.25 83.00 89.75 41.00 27.25 24.25 33.50 42.75 22.50 39.75 60.50 60.00 101.00 110.50 128.25 66.25 82.25 48.75 71.75 101.00 81.50 61.00 57.00 83.50 93.50 110.25 98.50 83.25 72.50 80.50 77.50 80.00 110.00 120.00 111.25 107.50 93.75 98.25 77.25 65.00 64.00 86.25 106.75 91.25 112.00 123.25 106.75 128.25 118.00 139.50 106.50 69.25 61.25 39.75 37.25 35.75 45.00 66.75 76.75 58.00 85.25 104.75 125.50 102.75 91.75 110.00 87.50 56.00 66.50 72.50 107.50 154.00 162.50 73.00 54.75 109.50 84.75 89.75 71.25 63.50 46.50 66.00 69.50 55.75 69.25 86.75 44.00 51.00 40.25 29.50 25.00 20.50 20.50 26.50 30.25 67.75 98.00 84.50 93.50 111.50 104.75 112.75 78.00 100.00 47.50 66.75 63.25 68.75 73.00 56.50 35.75 43.00 55.75 40.75 46.00 45.50 67.50 116.50 106.00 98.00 66.25 91.25 87.75 77.75 94.00 78.25 93.50 89.50 80.25 82.75 52.25 68.50 39.75 52.50 58.25 48.25 52.50 79.00 77.25 82.75 85.50 80.25 82.75
64.25 42.50 32.50 58.25 24.50 42.25 24.25 16.25 27.75 19.00 23.75 35.25 82.50 74.00 70.25 51.25 56.50 46.00 48.50 61.75 86.25 86.25 61.25 100.25 73.00 93.75 149.75 184.25 180.25 118.75 146.00 106.50 51.75 80.25 54.50 63.75 71.75 57.25 117.75 52.25 48.00 65.00 37.25 19.75 21.00 14.50 2.00 2.75 4.50 7.00 1.25 1.50 0.75 1.75 2.25 3.25 2.50 1.75 1.00 1.00 0.50 0.50 1.00 1.00 1.00 1.00 1.00 1.00 1.00 1.00 1.00 1.00 1.25 0.75 2.50 9.00 8.00 7.00 13.25 42.00 72.25 52.50 49.50 83.50 91.50 98.75 46.75 44.75 53.00 139.50 128.75 97.75 59.75 35.25 22.75 21.00 22.50 7.00 1.25 5.25 9.50 4.00 4.75 3.75 6.75 3.50 5.50 1.75 3.75 2.25 6.75 5.50 5.00 4.00 1.25 30.75 34.25 34.00 67.50 123.50 136.25 149.50 119.25 118.50 124.25 104.75 131.75 115.50 98.50 130.25 103.50 82.75 101.25 83.25 83.00 106.00 110.50 64.00 38.75 78.75 53.75 44.75 37.00 46.75 60.25 96.25 91.50 106.00 76.25 104.25 111.00 121.25 101.25 71.75 83.75 80.00 68.25 98.00 88.00 87.50 44.50 51.50 96.75 104.50 96.50 82.75 61.25 52.50 60.50 72.00 89.00 97.50 77.50 88.00 77.00 88.25 62.75 80.25 77.25 60.50 56.00 87.25 82.50 85.25 69.25 69.25 74.50 89.50 91.75 120.00 112.75 100.75 117.75 113.25 127.00 93.25 96.00 108.50 63.75 73.50 85.75 91.25 77.25 88.50 103.25 135.25 150.00 98.50 71.00 89.75 86.00 66.00 39.00 31.00 53.75 31.50 44.25 89.75 90.00 114.00 129.75 109.00 97.50 92.75 79.00 57.75 59.00 69.50 75.25 92.25 70.75 40.75 45.50 28.00 30.00 22.00 27.75 33.00 46.25 35.75 22.50 43.25 59.00 39.75 39.50 32.75 32.25 38.25 30.75 53.50 46.00 41.00 96.00 93.50 90.75 48.75 79.25 71.25 88.75 85.75 80.50 95.50 85.00 55.50 55.75 36.00 34.75 26.50 31.50 42.75 46.75 65.50 76.25 80.00 79.50 83.50 90.75 80.75 81.00 70.75 101.25 97.25 104.75 106.50 76.75 93.50 77.25 62.75 58.75 59.25 53.25 37.00 52.50 52.25 81.00 70.75 77.75 78.25 88.25 66.25
81.75 64.75 59.75 52.75 62.75 102.50 82.75 84.75 101.00 50.75 37.50 54.75 88.50 29.75 35.00 21.50 29.00 24.25 10.00 20.00 39.50 55.25 74.50 70.75 90.00 110.00 99.00 178.50 196.50 103.00 154.50 156.50 115.00 123.75 57.25 62.25 57.00 65.75 104.00 100.50 31.00 34.50 17.50 4.50 11.25 14.50 6.25 2.75 5.75 9.75 4.00 4.00 3.25 2.25 1.75 0.75 0.25 1.50 2.00 1.25 2.50 2.25 1.25 1.00 1.00 1.00 1.00 1.00 1.00 1.00 1.00 1.00 1.75 0.50 2.75 0.50 7.00 4.50 11.25 30.75 27.00 42.00 46.00 122.50 108.25 78.75 48.50 33.25 47.75 43.50 86.75 68.00 46.25 24.50 20.50 16.75 6.50 4.50 2.50 1.50 7.25 9.00 7.25 12.75 11.75 4.00 6.50 5.75 8.25 16.50 3.75 12.00 27.75 39.00 39.00 72.75 121.50 71.25 93.25 137.75 126.75 110.00 133.75 125.25 131.75 104.50 88.50 76.75 85.25 76.75 89.25 63.25 72.00 86.75 113.75 119.00 97.00 90.00 30.25 49.00 49.25 38.50 27.00 33.50 53.50 65.50 63.75 70.50 100.50 126.00 116.50 119.25 116.25 79.25 70.25 73.50 95.25 129.50 115.25 119.25 101.75 83.75 89.25 100.75 104.00 99.00 77.75 84.00 57.25 62.75 57.25 74.75 85.50 98.50 116.00 96.50 46.50 84.75 70.00 70.75 56.50 61.25 37.00 49.75 56.50 56.75 64.00 70.00 91.75 106.00 122.25 108.75 105.25 104.00 118.00 103.00 98.25 115.50 65.75 62.75 78.25 84.50 55.75 80.00 118.00 101.50 126.25 90.25 88.50 79.25 77.00 74.50 55.00 34.25 37.25 35.75 49.50 98.50 92.75 140.50 99.00 74.00 56.00 80.00 114.00 71.00 39.00 59.00 39.25 31.75 28.75 14.75 11.75 9.25 6.50 6.00 14.00 9.25 14.25 13.50 40.25 27.25 37.50 32.00 29.00 22.25 25.00 35.50 72.00 135.50 136.25 56.25 57.25 53.50 81.75 51.00 33.25 76.00 69.00 80.00 73.00 70.50 49.25 42.75 45.25 52.00 39.75 35.75 59.25 55.00 93.00 75.50 77.25 64.25 75.50 88.50 100.25 83.25 105.00 98.00 89.00 109.75 129.00 146.50 143.75 129.25 118.75 83.50 48.75 64.25 63.25 61.00 65.25 51.25 156.50 85.50 59.50 60.25 67.75 75.50
98.75 54.75 76.50 77.25 89.25 107.25 62.25 74.25 89.25 65.75 42.75 24.50 27.50 16.25 6.75 6.50 12.00 3.75 4.25 2.50 15.50 16.25 19.50 22.50 55.75 51.00 58.00 125.00 102.00 124.50 145.25 145.75 90.00 87.00 67.75 47.75 64.75 46.25 55.25 57.00 30.00 29.00 8.50 5.00 2.50 4.50 2.00 3.25 1.50 1.00 0.25 0.00 0.75 2.50 2.75 0.50 1.00 1.00 1.00 1.00 1.00 1.00 1.00 1.00 1.00 1.00 1.00 1.00 0.75 0.50 0.50 0.75 2.25 1.75 2.50 4.25 5.75 12.50 10.00 21.00 33.25 43.00 58.75 101.25 83.25 75.75 75.75 45.50 35.50 30.50 14.25 9.75 10.00 13.50 12.50 16.00 21.00 38.50 65.00 84.75 101.25 59.50 34.50 60.25 81.75 73.50 54.50 74.75 98.75 109.50 74.50 114.75 81.50 88.50 70.75 92.00 142.25 104.50 90.00 109.25 115.75 106.00 113.50 125.75 119.00 100.50 97.25 65.25 65.50 61.00 62.25 71.00 80.00 82.75 120.75 112.00 103.50 94.25 87.25 51.00 75.25 49.25 29.50 27.50 50.00 51.75 75.25 77.50 82.00 124.75 130.00 104.25 99.25 59.25 45.75 56.75 70.25 100.00 138.75 130.50 117.25 109.00 87.00 81.00 62.75 80.75 59.25 48.25 53.25 46.50 59.00 94.50 117.75 111.00 95.00 94.00 93.00 91.75 90.25 81.75 71.25 59.75 44.00 59.00 75.75 44.75 53.75 62.50 92.00 67.50 97.50 98.00 94.25 106.50 94.00 69.75 87.75 114.50 91.50 62.00 70.25 67.50 62.00 76.75 86.25 92.25 77.25 90.25 85.25 75.75 71.00 96.00 60.75 54.75 52.25 37.50 43.00 61.75 75.00 77.00 86.75 73.25 89.75 97.25 112.25 69.75 49.25 48.25 26.00 62.50 74.00 44.50 37.75 29.00 16.00 21.75 6.25 2.50 7.00 4.25 24.00 26.00 18.00 22.25 19.00 49.00 73.00 43.75 47.50 73.50 97.25 45.00 45.25 35.25 57.00 43.25 58.25 74.25 69.00 52.75 41.00 37.25 42.25 32.75 38.50 34.50 49.25 39.25 63.50 101.00 84.25 94.25 96.50 70.75 79.75 76.25 93.00 86.75 100.50 125.75 116.50 125.00 131.50 129.25 144.00 121.75 132.75 96.00 64.25 50.50 57.00 57.25 45.50 48.50 69.00 77.75 69.50 75.00 110.25 67.75
46.00 56.25 66.00 61.25 58.00 61.00 49.50 53.00 85.50 37.25 29.00 33.00 38.00 63.75 86.00 52.75 34.00 18.25 19.50 24.50 2.50 2.50 4.00 6.25 20.00 22.25 39.75 45.25 84.50 125.75 92.25 139.50 102.75 73.00 67.75 40.25 68.00 35.50 13.50 9.50 7.75 10.50 1.75 4.25 4.25 2.00 0.00 2.50 1.50 1.50 1.00 1.00 0.75 0.75 1.25 1.75 1.00 1.00 1.00 1.00 1.00 1.00 1.00 1.00 1.00 1.00 1.00 1.00 10.75 7.00 7.00 10.75 6.75 5.00 4.50 4.50 7.25 8.50 0.75 10.00 21.75 17.00 29.50 33.75 51.50 44.50 34.00 46.75 34.00 23.00 9.25 12.00 0.50 20.25 36.00 45.00 57.25 92.25 117.75 118.00 98.75 99.00 84.25 117.50 137.25 85.50 66.00 73.50 95.50 57.00 74.00 91.50 94.25 67.25 79.25 97.75 55.25 72.25 71.25 91.00 100.75 105.00 125.50 109.25 103.25 86.50 74.50 49.50 37.75 45.00 53.75 95.50 88.25 77.00 88.75 80.00 133.25 136.00 111.25 61.25 66.50 63.25 39.50 33.75 40.75 52.25 101.50 118.75 113.25 98.00 86.75 74.25 68.00 72.75 72.25 63.25 90.75 128.00 110.50 117.25 119.25 86.50 62.50 56.75 74.50 71.50 74.75 92.50 139.75 90.00 70.50 66.75 83.75 91.75 68.00 64.75 97.00 73.50 69.50 79.75 58.50 55.50 59.25 34.75 33.50 41.00 53.00 63.00 57.00 61.00 65.25 80.50 93.00 93.00 75.75 68.50 83.75 81.75 64.50 70.75 79.25 54.50 77.75 51.25 54.25 67.25 67.50 75.00 78.00 71.50 94.75 94.00 63.50 65.75 51.75 46.25 67.00 55.25 55.25 36.75 73.00 77.50 80.50 97.00 134.75 80.50 53.50 67.25 92.25 116.00 135.50 119.75 114.25 88.75 56.75 41.00 32.00 20.50 16.50 18.75 51.50 57.00 32.75 38.75 50.25 98.75 145.75 105.75 47.25 37.25 42.75 44.75 37.75 21.00 23.25 23.25 39.75 35.25 36.25 38.00 31.50 31.00 40.75 34.50 20.75 41.50 24.50 31.00 61.50 78.25 86.00 70.75 83.00 51.50 68.50 69.75 70.75 77.00 112.75 111.25 124.50 101.75 116.50 116.25 113.75 101.50 89.25 69.25 71.50 56.00 45.75 59.75 53.75 55.00 43.00 43.00 39.00 41.75 62.25 57.00
64.25 77.00 50.00 41.25 41.00 54.75 45.50 44.50 25.25 32.00 29.50 52.75 26.75 68.50 102.75 56.25 39.25 20.25 16.25 17.75 1.00 0.25 0.25 1.25 13.00 10.50 8.50 39.50 54.00 55.75 98.50 126.25 66.00 47.50 78.50 56.75 66.25 52.75 40.00 110.25 82.50 31.75 18.50 12.25 25.00 16.00 3.75 0.75 0.50 0.75 1.50 1.50 0.25 2.00 3.00 2.75 1.00 1.00 1.00 1.00 1.00 1.00 1.00 1.00 1.00 1.00 1.00 1.00 4.25 1.00 1.00 4.25 4.25 2.50 1.50 2.25 2.50 5.00 3.75 21.25 38.25 42.00 32.00 30.75 25.00 32.00 38.00 42.75 42.25 28.50 10.00 10.00 5.00 17.75 41.25 19.75 35.50 83.75 117.25 117.25 110.25 71.00 86.00 101.25 95.25 37.75 59.75 48.25 48.25 70.00 125.75 105.50 126.25 86.00 81.50 73.25 43.25 65.00 83.50 75.25 115.50 81.25 90.00 94.50 108.25 105.00 58.00 53.25 52.25 51.25 63.50 69.25 67.00 70.25 79.25 84.50 102.50 94.50 120.75 87.25 74.50 30.25 31.50 36.25 67.75 92.25 90.00 104.00 105.00 106.75 107.50 110.25 97.00 102.00 115.00 106.25 156.25 92.00 95.75 101.25 72.00 49.25 57.75 54.00 31.75 52.50 80.75 114.75 102.50 84.25 64.50 78.75 66.75 70.50 62.75 69.00 85.50 82.00 85.00 84.75 73.75 66.25 62.25 48.50 50.50 55.75 90.50 84.75 49.50 52.25 43.75 58.75 57.00 53.25 39.25 55.75 82.00 91.50 52.75 67.50 98.50 63.50 62.00 61.25 53.25 45.25 54.00 61.00 73.00 64.75 61.75 80.75 82.00 73.75 59.75 64.25 93.25 60.25 38.75 42.00 41.00 46.50 65.00 68.50 99.00 67.25 57.00 72.75 107.00 148.75 125.75 147.25 96.50 116.75 104.00 54.25 41.50 26.50 23.25 95.50 99.75 65.25 52.75 48.00 53.75 65.50 73.25 81.50 67.50 46.25 42.75 59.75 26.25 17.25 19.75 12.25 10.25 13.25 30.25 31.25 32.25 32.75 44.00 39.50 60.00 46.50 70.50 49.25 31.25 62.75 77.25 90.50 75.25 75.25 57.25 61.50 81.75 100.75 135.00 102.75 98.75 115.50 83.50 115.75 73.75 76.50 87.75 67.50 42.25 33.00 50.75 48.50 43.00 59.00 57.50 57.00 54.25 64.25 57.25 88.50
47.25 39.00 18.75 38.25 40.50 30.50 61.75 71.25 51.75 60.00 52.00 41.50 36.25 20.00 23.75 13.00 7.50 1.50 4.00 4.00 3.75 2.00 1.00 1.00 5.25 4.00 0.75 19.50 24.00 22.75 29.25 54.25 68.50 124.75 93.25 56.50 69.00 56.25 43.00 65.50 35.00 23.75 1.75 6.50 4.75 5.50 2.50 2.75 4.00 4.50 5.75 6.25 18.25 6.75 2.50 6.00 1.00 1.00 1.00 1.00 1.00 1.00 1.00 1.00 1.00 1.00 1.00 1.00 1.00 0.75 0.75 1.00 1.25 0.75 1.50 3.25 3.50 4.50 4.75 25.00 22.00 19.25 36.50 33.75 43.50 63.50 38.00 44.50 37.25 31.75 15.00 9.50 14.50 27.75 33.50 55.75 63.50 88.25 101.25 95.50 70.50 60.00 95.75 78.50 94.25 77.75 64.75 43.50 53.25 65.75 75.75 99.75 79.00 89.50 80.50 72.00 38.75 93.75 95.25 65.25 72.75 69.00 67.00 60.50 48.75 47.75 40.00 42.50 59.00 93.50 89.25 70.00 75.00 78.00 60.50 52.00 87.50 87.50 109.25 85.50 74.25 47.75 38.00 33.75 77.00 75.50 68.50 88.75 81.00 92.50 67.00 68.75 93.75 109.75 92.75 139.75 115.00 78.00 88.00 68.50 60.25 56.50 29.25 69.50 90.00 102.75 97.50 65.00 71.75 61.00 59.50 58.00 37.25 31.00 67.50 100.75 92.75 67.00 67.75 86.00 81.50 54.75 70.25 44.75 50.75 50.25 64.00 70.00 57.00 41.00 55.00 64.25 53.25 77.25 57.00 49.00 62.75 49.75 54.50 83.75 105.25 83.50 83.00 103.25 78.75 78.75 48.75 106.25 87.00 64.00 81.75 83.50 86.25 65.75 77.75 97.75 69.25 76.00 47.00 77.50 45.00 54.75 38.75 36.75 54.25 55.25 61.00 53.75 75.00 130.50 104.25 139.25 72.25 56.25 56.25 47.75 64.25 70.00 68.00 64.25 64.25 64.75 67.50 73.75 78.25 66.75 76.50 87.00 77.00 44.00 46.50 60.25 49.25 16.50 23.50 13.00 24.00 19.75 43.25 49.00 44.00 43.00 52.00 45.75 93.75 75.00 43.25 34.50 60.50 64.75 66.00 75.25 74.50 68.75 59.25 68.00 83.25 86.00 111.50 105.50 93.00 90.25 76.25 45.75 82.25 90.75 92.75 112.75 107.00 81.00 61.50 58.25 51.50 35.50 46.75 62.25 56.75 76.00 109.25 107.50
66.50 48.00 32.25 29.00 44.75 38.00 32.00 33.50 35.50 47.50 52.25 63.25 36.75 27.75 26.25 53.50 38.50 16.25 11.50 9.25 3.00 2.50 4.75 7.00 1.25 4.00 2.25 12.50 12.50 21.75 34.75 46.00 125.25 81.50 52.75 62.50 68.00 76.50 52.00 38.50 26.00 26.00 11.00 2.00 1.75 6.50 15.25 22.50 40.00 48.00 30.50 38.75 57.25 35.75 16.50 10.75 9.25 2.75 6.00 8.50 13.00 28.00 20.50 24.50 20.50 22.00 16.25 11.75 7.00 6.25 5.25 0.75 6.25 8.00 5.00 24.00 12.75 13.50 26.25 60.00 31.75 62.75 61.25 68.00 83.25 72.25 55.50 72.50 41.75 48.75 21.25 22.25 40.00 39.75 39.25 75.25 81.25 80.75 67.50 63.25 62.25 56.25 63.25 100.50 86.25 87.75 86.00 49.25 62.75 61.75 65.25 62.50 61.25 69.00 86.75 60.75 57.50 99.75 90.50 76.50 64.25 64.75 64.50 77.50 110.25 111.50 97.75 62.00 73.00 83.50 85.75 78.00 79.00 83.75 46.50 91.00 114.75 110.50 127.25 129.50 94.50 56.50 54.50 42.00 42.50 49.50 44.50 39.75 80.50 76.50 60.25 59.25 48.25 75.50 82.00 73.00 68.50 62.75 75.75 82.00 109.75 113.50 57.00 80.00 89.50 90.75 61.00 41.00 44.50 64.50 98.75 52.00 34.00 49.00 51.00 82.00 90.25 67.75 80.50 84.25 80.50 99.00 86.00 54.00 44.25 38.25 52.00 108.25 71.75 70.00 53.50 74.25 77.75 90.00 99.50 70.25 44.00 38.75 46.25 69.00 76.25 70.25 86.50 95.25 84.25 73.25 75.50 122.00 102.00 91.00 72.00 81.25 71.25 72.25 82.75 98.75 90.50 62.75 57.00 45.00 39.75 32.25 31.25 28.50 40.00 45.25 60.50 40.25 44.75 78.75 57.75 75.25 61.00 120.25 62.75 86.50 73.00 86.50 84.25 65.75 56.25 70.25 67.00 60.25 65.50 55.00 104.00 113.50 87.25 86.00 81.75 45.50 26.25 27.75 31.25 36.00 29.00 54.25 30.00 41.25 33.25 56.50 55.00 58.00 29.75 36.00 43.75 47.25 58.75 47.25 73.25 71.25 77.00 61.25 55.25 75.50 86.25 84.00 90.50 67.25 77.25 75.50 45.75 58.50 68.50 95.00 91.75 94.00 91.50 110.00 48.75 44.00 61.75 45.50 36.25 82.00 73.00 82.00 49.00 49.25
52.25 67.50 64.75 50.50 61.00 44.00 33.00 16.50 17.25 38.25 35.00 25.50 34.50 40.50 53.25 119.25 98.00 63.00 41.50 36.75 29.00 27.75 39.25 15.25 7.00 4.00 3.75 12.25 9.00 13.75 5.50 26.25 82.25 77.00 50.25 59.50 49.75 55.50 70.50 81.00 25.25 28.25 17.50 11.00 8.25 6.50 6.00 6.75 13.00 13.50 6.50 6.75 8.25 4.50 2.25 2.50 7.25 27.00 25.50 37.75 67.25 116.00 99.75 103.00 116.75 104.75 50.75 34.00 26.00 17.25 18.00 37.50 41.25 38.00 41.75 84.50 79.00 80.75 83.25 134.75 106.00 121.75 78.25 88.00 104.25 93.75 71.25 79.25 47.00 51.50 29.50 50.75 90.50 63.75 61.25 38.75 108.75 64.00 67.75 74.75 74.00 101.00 86.00 83.50 82.75 85.75 101.00 99.75 122.00 129.25 125.25 125.75 112.50 102.75 94.50 73.25 29.00 81.25 69.25 72.75 77.00 49.75 56.00 95.25 106.00 112.50 108.75 94.00 107.50 108.75 107.50 91.50 84.25 85.50 58.75 90.00 102.75 109.50 123.00 123.25 93.75 80.50 47.50 50.25 47.25 23.00 19.00 24.50 29.75 34.00 36.00 51.00 57.00 75.00 103.75 60.50 108.50 99.25 104.50 125.00 132.75 90.50 112.00 96.25 62.00 46.75 51.75 40.50 47.75 69.50 96.25 46.00 39.50 71.50 75.25 94.00 89.25 71.50 62.50 76.25 89.00 90.50 98.00 78.50 70.50 56.25 80.75 113.25 91.75 96.25 68.25 90.00 93.25 100.50 132.00 95.00 69.75 67.50 107.00 74.00 51.25 72.25 71.25 98.00 98.00 75.25 77.50 85.75 63.00 81.25 83.50 81.50 83.25 82.25 87.75 63.00 61.50 45.50 37.75 54.00 59.00 85.50 72.25 39.25 42.00 55.75 47.00 29.00 18.25 46.25 53.25 59.25 106.75 113.25 90.75 93.50 100.00 90.50 100.50 86.75 74.75 69.00 65.50 45.75 80.00 64.50 72.50 96.00 63.25 57.75 57.75 42.50 36.50 30.50 24.50 59.75 35.50 48.00 69.25 89.25 62.50 50.50 40.00 32.75 36.50 46.00 42.00 27.00 36.50 52.25 75.25 100.50 95.50 119.50 78.50 99.00 79.25 79.50 83.25 88.00 83.50 65.50 37.50 81.00 117.00 101.75 98.25 103.25 86.50 119.25 64.00 55.75 69.25 57.75 56.75 62.00 56.25 42.50 59.75 54.00
107.75 79.00 87.25 43.00 59.75 113.75 98.50 68.25 69.25 60.25 37.25 77.75 92.25 62.25 33.75 77.50 63.00 68.00 68.00 70.50 87.00 64.75 82.00 37.00 19.25 27.25 28.50 14.25 5.75 0.75 10.50 20.25 48.50 54.75 40.75 56.00 48.50 40.75 37.00 34.25 18.00 21.25 11.00 5.50 7.25 5.25 4.00 4.00 2.75 2.00 3.75 3.00 2.50 3.00 2.75 2.00 12.00 36.75 26.00 36.00 83.25 108.75 122.25 107.50 126.00 129.00 90.50 66.25 41.00 72.25 67.00 103.25 105.00 105.25 119.00 95.25 116.75 145.00 137.50 148.00 138.75 88.75 47.25 92.00 76.25 94.75 54.50 58.75 42.25 58.00 69.25 95.25 108.25 91.25 96.25 107.50 87.50 40.50 43.00 68.25 109.75 95.50 85.25 64.50 67.00 73.25 108.00 95.25 102.00 132.25 146.00 132.25 86.25 109.25 134.00 108.75 120.25 147.75 91.25 75.50 73.75 49.50 70.25 61.50 99.50 137.00 115.00 109.25 95.25 107.50 113.50 129.00 99.50 82.75 91.50 90.75 92.50 84.75 101.75 87.25 80.25 55.75 48.00 27.00 25.00 30.00 33.75 37.75 83.00 115.75 91.50 90.75 73.75 72.25 95.50 104.25 125.25 114.00 118.25 123.00 94.00 108.00 112.00 117.75 84.50 60.75 70.00 41.75 76.00 81.50 77.50 67.00 73.25 70.75 77.00 83.25 85.25 90.75 77.50 79.00 81.75 93.25 113.00 100.25 83.25 69.75 74.00 110.25 132.00 117.25 104.25 99.75 116.00 102.00 105.25 80.75 105.00 146.00 133.25 131.75 65.75 76.75 88.00 92.75 100.50 91.75 45.25 55.00 76.75 95.75 75.75 74.50 76.50 80.50 78.50 88.75 67.00 91.25 106.00 97.50 59.00 84.00 79.75 45.25 40.25 39.25 23.00 26.00 16.75 29.25 26.75 52.75 82.75 89.50 106.25 116.50 124.50 125.25 113.75 109.25 81.00 72.75 91.00 53.00 72.00 98.50 44.25 36.75 37.25 45.00 46.00 35.75 24.25 20.00 31.75 40.00 45.00 56.00 82.25 63.00 40.00 29.50 36.50 52.25 50.25 24.50 12.00 20.00 26.25 37.75 66.50 87.25 79.00 124.00 83.25 82.25 86.50 101.50 84.00 94.75 66.50 52.00 61.25 72.75 73.25 126.50 101.50 93.00 119.75 83.50 81.00 67.25 51.00 42.25 38.00 69.75 88.25 80.25 106.75 91.75
159.75 59.25 104.25 52.75 77.25 66.25 64.75 95.75 50.50 103.00 59.00 76.50 137.25 82.50 41.00 56.50 88.25 78.00 53.25 48.50 69.50 71.25 68.50 74.50 65.25 65.75 69.00 52.50 66.50 60.00 36.00 32.00 34.00 43.75 50.00 57.25 44.50 51.50 25.25 12.00 5.00 10.50 5.50 2.50 2.50 1.25 0.25 0.75 1.50 1.50 1.25 2.00 4.50 4.00 3.50 2.75 9.50 29.25 33.50 46.75 118.75 131.25 126.50 77.75 120.50 105.25 108.75 95.50 95.00 97.25 93.50 102.75 91.75 116.00 116.25 115.25 85.00 96.75 100.25 108.25 135.50 116.00 40.25 51.50 54.75 74.75 60.75 29.75 50.00 52.50 61.75 42.50 125.00 127.25 126.50 97.00 74.75 68.00 53.00 92.25 85.50 90.75 78.50 59.25 64.50 85.75 89.25 98.50 97.75 79.00 110.75 125.75 108.50 122.00 104.00 118.50 89.50 60.50 72.75 62.50 36.75 34.75 44.50 56.25 79.50 100.00 105.75 98.50 75.00 80.50 57.50 94.75 73.00 70.00 67.00 70.75 50.50 57.00 46.50 59.50 50.50 46.75 48.75 37.25 43.75 44.75 39.25 79.25 118.75 119.50 123.50 126.00 92.75 59.25 90.75 69.25 85.25 81.25 101.25 76.25 88.50 103.00 77.50 91.25 91.00 67.00 87.50 85.25 78.00 64.25 89.50 82.75 89.50 101.50 78.75 98.00 72.75 75.50 78.50 82.75 93.00 90.75 87.25 89.25 89.50 81.50 96.25 95.50 99.75 101.00 89.75 96.75 78.50 71.00 55.00 89.25 119.50 117.75 105.25 114.50 93.75 95.75 87.25 74.75 60.25 63.00 78.00 46.75 63.00 53.75 79.00 90.25 97.00 86.00 99.75 111.00 135.25 121.75 142.50 113.00 84.50 72.25 79.25 52.50 43.75 43.75 41.00 39.75 28.00 20.00 24.75 24.50 50.25 76.00 64.75 71.25 68.00 87.25 108.50 95.75 95.75 97.75 80.75 88.00 72.00 60.75 34.25 34.75 41.00 39.50 38.00 44.25 35.50 46.00 41.75 48.25 92.25 52.50 41.00 20.25 36.00 52.25 33.75 20.00 19.50 11.00 7.50 11.25 16.25 40.00 45.25 78.50 74.25 78.50 72.50 72.25 76.25 76.50 32.75 54.25 75.75 72.25 64.00 51.50 68.50 81.00 76.25 97.75 119.25 105.00 70.75 61.00 55.25 51.75 55.25 46.25 111.75 138.25 132.25 113.25
167.75 61.50 58.25 45.75 51.50 62.25 70.50 57.00 42.75 52.75 51.50 126.25 86.00 103.75 58.50 57.50 111.00 59.50 40.50 50.75 51.50 47.00 55.00 56.50 66.25 59.25 67.75 77.00 71.25 85.50 71.00 64.25 63.00 81.50 59.00 57.50 44.25 32.50 43.50 30.75 12.25 14.75 1.25 9.00 7.75 1.50 3.75 4.50 2.75 5.00 9.00 7.50 9.50 33.50 28.00 38.00 45.50 56.50 74.00 84.50 84.50 110.00 108.00 79.50 95.50 99.25 129.00 119.75 96.00 86.75 83.00 79.25 94.00 109.75 75.50 81.50 91.00 93.00 74.25 99.00 95.50 96.00 62.00 44.50 43.25 46.50 61.50 57.25 49.75 51.75 51.25 49.75 79.75 100.00 108.50 96.00 122.00 108.75 59.00 94.25 118.25 99.75 79.25 58.25 74.50 88.50 92.00 74.50 105.50 88.25 68.50 83.00 87.75 89.50 97.75 105.50 51.50 66.25 53.00 37.50 36.00 42.75 37.25 46.75 45.25 45.25 55.50 67.00 46.00 35.50 44.50 49.25 93.00 94.75 66.25 60.25 95.50 69.25 90.75 66.25 45.00 39.25 72.50 68.25 59.25 53.25 53.25 86.50 111.00 104.50 111.50 105.75 113.00 97.50 81.50 98.50 92.50 63.50 68.00 59.50 68.00 67.50 45.75 62.25 70.25 78.50 68.75 77.50 75.00 83.75 92.25 88.50 73.75 76.75 109.00 82.00 88.25 88.25 95.00 97.00 94.25 104.25 91.50 75.50 73.00 73.75 63.75 60.25 80.50 85.00 113.00 82.75 71.00 50.25 78.50 94.50 108.75 86.00 94.75 119.25 122.25 101.75 88.50 72.50 57.00 117.75 120.75 72.50 81.25 74.50 72.25 73.50 86.25 110.50 107.50 115.00 136.75 116.00 156.50 129.75 130.25 82.50 80.00 78.50 50.25 48.50 33.50 33.75 25.25 9.25 6.50 6.00 13.50 48.75 38.75 61.75 70.75 44.25 66.00 76.75 69.00 64.50 62.00 48.00 36.50 46.00 30.25 44.50 50.00 37.25 31.00 52.25 51.00 61.25 64.00 47.00 37.75 43.25 60.50 55.25 39.25 31.75 6.75 0.25 0.50 2.50 3.00 2.50 18.00 55.75 33.50 58.25 84.75 79.50 70.25 74.75 91.25 90.25 74.75 76.25 36.75 48.50 59.25 45.00 72.00 85.00 89.50 86.75 84.50 95.75 106.75 73.25 61.50 42.75 55.50 59.75 100.25 119.25 113.00 100.25
177.00 60.75 100.00 49.25 49.00 66.00 65.00 42.50 41.50 59.00 56.25 75.50 92.75 107.50 86.00 77.50 95.75 91.50 84.00 39.75 52.00 40.00 49.00 35.75 31.50 35.75 25.75 32.50 45.75 45.00 54.25 25.75 31.75 32.75 28.00 23.25 32.50 27.00 24.25 30.75 17.50 24.50 18.25 2.75 15.75 22.00 26.75 31.75 21.75 34.75 56.25 47.75 75.25 67.50 62.25 105.75 87.75 84.25 91.25 79.50 103.00 67.25 80.50 89.00 76.00 85.00 87.75 116.00 106.25 83.50 83.25 85.00 69.50 69.25 66.00 51.50 73.00 66.00 38.25 50.00 50.25 26.50 31.00 43.75 50.25 65.50 66.25 52.75 94.50 88.50 40.75 50.75 37.00 68.50 68.75 89.50 106.50 103.00 67.25 68.75 99.00 105.75 86.75 60.50 83.50 136.75 114.50 122.75 132.50 123.25 105.75 68.25 63.00 86.50 84.25 79.50 54.75 86.00 62.25 32.00 41.75 35.25 56.75 72.50 90.25 91.00 44.50 84.75 112.25 55.00 70.50 37.50 45.75 43.50 48.00 47.00 49.25 54.75 77.00 78.25 53.00 31.00 50.00 54.25 40.75 39.50 32.50 73.75 107.75 100.25 105.00 118.75 75.25 78.00 57.50 50.75 45.50 31.00 46.00 48.25 31.25 28.25 49.25 61.00 71.25 92.25 87.50 79.75 80.75 82.25 107.00 84.00 78.50 95.00 97.75 93.25 87.50 97.25 80.75 78.25 81.25 97.25 99.25 99.00 85.50 70.75 71.75 88.25 118.75 100.25 102.50 104.50 108.50 51.75 70.00 86.75 111.25 95.00 86.25 68.75 90.75 116.00 98.00 66.75 96.00 85.25 116.50 89.00 86.75 77.25 83.75 77.50 81.75 100.25 92.50 78.75 132.75 117.50 139.00 135.00 139.50 99.50 63.75 74.00 74.25 42.75 44.50 41.00 43.00 10.00 1.50 7.00 18.00 22.50 29.75 26.00 30.50 42.25 65.50 75.50 46.50 30.25 43.50 41.00 40.25 28.75 34.50 38.75 34.25 36.00 44.25 50.00 60.00 55.25 31.00 25.75 36.50 53.25 37.25 19.25 10.50 11.25 1.50 2.50 0.50 2.50 3.00 2.50 14.00 34.00 62.25 47.25 90.00 85.75 91.50 101.25 60.25 77.25 81.50 57.75 59.50 41.00 38.75 46.25 69.50 91.75 68.50 76.00 94.50 102.00 130.00 67.25 58.00 56.25 72.00 75.25 102.25 105.25 142.25 125.75
172.25 68.75 63.00 35.00 52.75 86.75 57.25 43.50 38.25 63.25 65.50 66.25 54.75 60.25 83.25 79.75 53.00 41.00 47.75 48.50 39.75 27.75 35.75 38.25 25.75 21.25 34.00 32.00 34.25 34.00 33.75 42.00 34.75 27.50 37.00 44.50 43.25 43.75 38.75 51.50 86.00 51.25 52.25 87.50 77.75 74.50 82.50 85.25 107.50 114.75 111.00 89.75 69.75 84.50 82.25 59.75 93.25 109.50 107.25 79.25 94.75 51.00 62.75 61.50 53.00 51.25 67.75 92.50 72.75 90.75 64.75 72.25 62.25 48.75 54.25 49.50 79.25 47.00 39.25 39.25 34.50 32.75 43.50 78.25 63.00 56.00 78.50 100.50 122.00 114.75 74.75 46.75 49.00 48.75 88.25 99.00 85.75 74.25 80.75 83.25 59.25 108.00 72.75 80.75 84.75 104.00 102.25 140.00 134.75 112.00 103.50 76.50 50.00 46.75 64.75 48.25 54.25 106.25 62.50 54.75 59.00 39.00 47.75 46.50 48.25 33.75 67.00 49.75 56.00 44.00 36.50 41.75 31.50 33.50 50.00 46.50 54.75 50.00 36.00 30.25 36.75 45.75 76.75 82.50 47.50 47.50 43.00 69.75 91.00 81.50 83.00 79.75 115.00 90.00 50.50 44.50 46.50 25.75 20.50 18.50 22.00 25.00 35.25 75.00 78.25 75.75 78.25 88.25 83.00 87.00 70.75 108.00 88.00 88.25 90.00 83.50 93.00 81.25 95.75 71.50 70.50 81.25 87.25 96.25 88.75 89.00 82.25 55.75 66.50 72.00 75.50 119.75 100.75 80.25 113.00 79.00 68.75 61.50 60.00 77.00 114.50 109.25 99.50 91.25 59.25 66.75 80.25 74.50 80.25 82.00 87.75 85.75 101.50 73.25 107.00 115.75 122.50 134.25 103.75 83.00 88.00 74.25 65.50 88.50 102.25 67.25 34.00 49.50 28.75 17.50 17.75 17.75 29.50 34.25 22.75 26.25 19.50 25.75 13.25 26.25 24.75 12.75 30.75 46.50 22.50 36.50 33.00 54.25 45.50 61.25 57.25 47.50 26.75 34.25 63.00 70.50 27.00 31.00 6.00 3.00 1.00 2.75 0.00 1.75 0.50 2.50 3.00 2.50 11.00 32.75 82.50 36.75 65.75 81.00 68.75 84.00 67.50 83.25 56.25 39.00 60.00 72.25 82.00 91.00 124.25 98.00 79.50 75.75 80.50 65.25 64.50 50.50 48.50 49.75 54.25 55.25 93.75 95.25 117.25 113.00
45.00 42.75 48.50 38.25 39.50 31.75 30.75 41.50 41.50 87.25 77.50 63.25 89.25 86.50 48.75 60.25 28.25 31.50 33.25 56.50 48.50 65.00 57.00 53.75 42.75 35.75 30.25 39.75 42.75 44.00 43.25 47.25 40.50 42.25 58.75 90.00 47.75 65.00 90.25 105.75 118.50 90.00 54.50 68.50 108.25 74.25 84.00 74.25 80.00 100.00 88.50 88.25 61.75 81.25 64.50 85.50 79.00 102.75 93.25 92.50 52.75 37.75 48.00 37.50 43.00 42.75 35.50 38.75 54.75 78.00 62.00 66.50 47.50 116.75 138.25 130.00 198.25 140.50 68.75 64.50 41.25 48.25 66.25 55.00 84.50 72.75 104.75 100.50 135.75 124.00 72.75 33.50 51.00 47.75 97.50 71.75 58.00 80.00 76.50 123.75 132.50 97.25 112.75 116.75 128.00 106.00 79.75 116.25 102.50 108.25 101.00 70.50 54.50 68.50 90.00 84.50 100.00 128.75 129.00 88.75 86.75 94.25 105.75 99.50 95.00 78.75 110.50 65.00 50.00 53.75 73.25 75.50 56.25 68.25 69.75 57.25 34.00 49.00 48.25 29.25 51.00 57.25 74.00 74.75 74.00 71.00 76.50 75.75 83.25 50.00 65.00 58.00 59.75 74.50 61.25 53.00 57.50 68.50 60.00 32.25 22.50 43.50 59.00 87.75 83.00 66.25 74.00 94.50 96.50 110.00 86.00 121.25 128.00 107.00 155.75 137.25 112.25 96.50 87.50 73.25 82.00 84.50 84.75 94.75 93.75 92.50 97.25 77.50 62.00 98.50 95.25 143.50 115.75 103.00 71.00 53.75 42.00 59.25 37.00 56.75 73.50 111.25 81.75 82.50 49.00 46.00 39.75 61.50 67.50 87.50 83.50 94.75 89.75 91.50 103.25 98.50 117.25 125.50 83.00 103.25 81.00 72.00 101.50 105.75 100.25 94.50 53.50 41.25 36.00 31.00 38.25 41.25 31.75 32.25 27.50 31.75 33.75 49.50 18.75 29.25 41.25 33.75 22.75 39.00 53.00 31.75 49.75 75.25 62.00 58.50 31.25 53.75 60.00 65.25 46.25 24.00 16.00 16.75 6.00 4.50 1.25 1.75 0.75 1.00 0.50 2.50 3.00 2.50 8.50 26.00 56.50 37.75 57.25 77.00 94.75 91.00 89.00 95.25 87.75 73.00 68.25 101.50 111.25 110.75 111.00 109.50 94.25 61.25 56.75 50.50 56.75 53.00 53.75 53.25 54.25 63.25 70.00 75.25 116.00 122.75
40.75 62.25 56.25 32.75 28.75 50.75 64.25 73.50 111.75 119.25 83.50 99.50 120.25 118.00 87.75 51.00 29.75 54.00 43.00 56.75 73.50 42.25 48.50 51.75 42.50 52.75 43.75 45.00 37.25 46.75 43.75 43.50 56.00 46.50 52.25 113.25 77.25 68.25 47.50 79.50 66.00 89.75 73.25 40.75 47.75 66.50 101.25 93.50 104.50 87.00 104.25 111.00 79.25 77.25 81.25 85.25 85.00 66.25 92.50 92.00 77.50 43.00 50.25 81.00 31.75 55.00 51.50 50.25 68.00 54.75 67.00 69.75 108.00 119.50 128.00 195.75 246.50 171.25 67.25 36.25 49.00 40.00 70.50 61.25 55.25 69.75 91.50 79.75 80.25 84.00 67.75 41.50 56.50 48.25 28.50 40.75 50.50 64.25 67.75 105.00 87.25 134.25 139.50 156.00 96.75 67.75 75.00 88.50 93.50 70.25 74.25 66.00 72.75 97.50 100.75 135.25 136.00 99.75 120.75 102.00 104.25 103.50 66.25 65.00 60.50 53.25 80.50 100.25 82.00 69.50 54.75 107.75 80.25 81.50 83.00 72.00 42.75 47.50 49.25 70.50 66.75 56.75 68.50 90.00 92.75 112.75 66.25 73.75 70.25 58.25 46.75 62.00 78.75 89.50 74.75 66.50 78.25 84.75 77.50 67.25 75.25 82.75 96.50 80.75 82.75 82.00 78.25 92.25 109.25 110.75 115.25 118.75 91.00 104.75 109.25 87.75 104.25 94.00 97.75 90.50 76.25 87.25 90.75 103.25 73.25 91.00 82.75 90.00 97.00 131.00 136.25 136.00 132.75 125.50 112.50 74.00 44.75 38.75 38.75 46.75 45.25 68.00 61.75 78.50 80.50 76.25 54.25 97.25 83.75 85.75 79.00 81.50 76.25 75.75 76.25 91.00 99.75 120.25 111.75 114.50 76.50 112.25 75.00 95.25 96.50 81.00 48.50 42.25 34.25 42.75 41.00 33.75 41.50 47.00 42.00 38.50 47.25 25.50 53.50 39.75 44.25 35.00 37.00 32.50 41.75 58.50 44.00 54.50 37.25 46.75 76.00 67.00 28.50 25.25 14.50 2.75 1.00 1.00 1.00 1.00 1.00 1.00 1.00 1.00 1.00 1.00 1.00 1.00 6.50 17.50 44.50 42.75 36.00 53.25 71.50 78.25 75.75 77.75 79.50 74.50 128.50 131.25 136.25 110.00 136.25 77.25 75.25 74.75 32.00 31.00 29.75 42.75 36.25 55.00 50.50 60.50 77.25 128.50 110.25 92.25
17.75 31.00 34.75 23.00 33.75 39.50 43.25 89.00 126.75 118.75 85.50 120.25 108.75 107.00 106.50 65.50 55.50 54.00 34.00 17.25 48.50 33.50 50.25 98.25 91.75 89.75 76.50 74.75 75.25 51.00 49.50 56.50 48.00 59.75 67.25 119.75 103.00 90.50 62.25 66.75 68.25 73.00 64.50 39.75 62.00 73.25 57.25 63.75 103.00 110.25 76.00 67.25 104.00 76.50 81.75 112.50 83.50 69.75 48.75 69.75 54.00 40.75 46.00 62.75 74.25 70.25 81.00 104.50 127.75 169.00 167.50 172.50 164.25 195.00 174.75 152.00 197.25 199.75 72.75 59.00 50.50 53.00 62.50 57.50 77.75 69.00 99.25 88.50 77.00 105.75 57.25 32.75 50.00 64.50 24.75 42.25 36.50 47.00 38.50 48.75 65.25 77.25 110.00 99.75 58.00 48.00 50.00 59.75 60.75 34.00 31.00 50.50 33.75 81.25 117.50 97.50 100.75 98.00 102.75 97.25 95.75 92.25 59.50 78.25 86.25 55.25 104.75 122.75 122.50 112.50 86.75 91.25 112.75 139.25 101.50 82.75 53.75 54.25 75.25 91.25 79.00 47.25 54.50 33.75 41.75 43.50 44.25 36.00 71.25 95.25 58.00 82.25 95.25 87.25 79.00 60.25 72.75 81.25 80.50 87.00 96.25 83.75 99.75 85.00 69.50 82.25 94.75 105.00 111.25 107.50 144.50 131.75 81.50 103.25 88.75 100.75 105.50 80.50 88.75 88.25 89.50 72.75 79.25 88.00 85.25 71.50 67.00 77.25 130.50 104.25 111.00 103.75 105.00 106.50 71.25 62.00 56.75 37.75 51.25 93.00 89.25 39.50 63.50 77.25 96.00 125.50 77.25 73.50 83.25 74.50 61.50 90.75 81.25 76.25 74.75 78.00 97.25 129.00 98.50 81.50 60.50 71.75 73.00 71.75 75.25 47.25 38.50 33.25 41.75 52.25 61.00 88.25 87.25 119.00 81.50 39.75 31.00 33.25 40.50 41.75 42.50 36.25 34.75 51.75 52.00 45.00 32.00 36.25 53.50 49.25 36.50 14.75 13.00 13.00 8.50 2.25 1.00 1.00 1.00 1.00 1.00 1.00 1.00 1.00 1.00 1.00 1.00 1.00 1.50 23.25 22.75 50.25 55.00 60.00 86.50 73.00 81.75 75.25 96.25 92.00 92.25 126.75 135.75 94.25 75.00 77.75 65.50 46.75 22.75 18.25 26.25 66.75 53.00 43.75 61.00 48.50 65.50 74.75 90.25 82.00
48.50 67.25 80.50 59.50 48.75 41.25 60.75 93.00 103.50 78.00 65.25 97.75 87.25 60.75 75.50 65.50 96.25 88.75 79.00 50.00 36.50 36.00 31.25 51.00 85.75 77.00 104.00 100.75 90.50 99.75 72.00 63.50 40.25 49.75 78.25 130.50 118.50 109.75 133.50 76.25 65.50 28.75 30.25 27.50 15.75 29.75 54.75 50.00 68.25 63.25 58.25 69.25 80.25 98.00 87.75 101.75 207.25 83.00 84.25 85.00 100.25 125.25 112.25 131.50 142.00 155.25 181.25 176.25 114.25 167.25 130.25 155.25 161.00 109.25 116.00 114.00 100.00 150.00 105.25 43.75 38.25 65.50 72.25 56.25 66.00 68.00 93.00 64.25 77.25 88.75 81.50 44.75 38.25 34.00 45.25 57.50 38.50 63.25 41.25 52.00 46.50 76.75 105.75 107.00 70.00 48.75 51.25 57.00 59.50 40.25 39.25 53.00 45.50 94.00 89.25 76.75 109.25 80.25 94.25 77.75 89.25 84.50 102.75 113.00 116.75 92.25 99.50 117.75 118.50 113.25 132.25 127.50 96.75 87.25 85.75 66.25 83.00 62.00 32.50 49.00 74.75 56.00 45.25 52.75 43.25 41.75 47.25 83.75 123.50 107.25 71.75 55.50 68.75 52.25 64.75 73.50 78.00 99.50 69.75 88.75 101.75 80.00 86.50 85.00 81.00 93.00 98.50 100.50 65.00 79.25 76.75 73.25 78.50 64.25 50.50 48.75 69.50 109.25 74.00 80.00 82.25 81.25 89.50 85.25 81.25 80.25 82.25 90.00 92.50 96.50 84.00 70.00 88.00 119.00 80.00 85.25 64.00 80.00 132.00 142.50 136.25 61.50 83.00 91.50 127.50 82.50 102.25 105.75 77.25 95.75 87.50 77.50 103.75 92.00 68.25 80.50 97.25 93.75 70.75 83.25 75.25 72.50 99.00 81.25 50.50 33.50 43.00 35.00 33.75 64.00 87.00 98.25 91.00 100.75 109.25 73.75 34.75 45.25 35.75 52.25 52.75 60.25 89.25 63.75 34.00 29.50 46.50 40.00 37.50 11.25 20.25 3.00 0.00 0.75 0.75 0.00 1.00 1.00 1.00 1.00 1.00 1.00 1.00 1.00 1.00 1.00 1.00 1.00 2.25 22.00 11.25 43.50 58.50 33.25 83.25 67.25 73.75 84.50 71.50 98.00 88.00 106.25 106.25 84.25 60.75 56.00 37.25 49.25 32.50 45.50 35.25 49.25 59.75 52.00 51.75 47.50 52.75 48.25 45.25 57.75
105.00 110.25 126.50 112.00 65.50 54.75 105.75 83.50 70.25 67.00 80.25 60.00 63.00 44.75 72.25 93.50 92.75 89.25 83.25 52.75 54.75 61.50 65.25 66.00 89.00 74.00 78.75 108.75 148.00 115.50 106.00 69.50 72.25 67.75 95.25 102.75 147.00 122.75 84.25 69.25 73.75 50.50 86.75 97.25 90.00 115.00 135.25 81.00 79.75 96.25 85.00 77.50 99.50 128.75 181.75 203.75 245.75 157.50 138.50 165.75 178.00 152.25 141.25 156.50 196.75 156.50 160.00 153.25 134.50 144.75 120.25 104.75 121.50 65.75 59.00 77.75 170.75 81.25 153.25 59.50 51.75 59.75 70.00 54.25 63.75 73.25 82.50 58.50 70.25 72.00 69.25 54.50 79.00 42.75 73.50 90.25 73.75 69.00 65.75 51.25 45.50 91.00 122.50 120.25 103.75 48.00 57.00 60.00 39.00 45.00 67.50 56.00 46.50 62.50 51.75 94.25 95.00 82.50 104.75 83.75 73.50 93.75 116.00 118.75 123.25 104.25 89.25 80.75 110.50 111.00 103.75 136.75 141.50 113.00 96.50 79.25 80.00 69.75 59.00 56.50 72.00 57.75 32.75 24.25 46.50 43.75 44.25 82.50 83.25 50.75 52.00 47.50 55.00 43.75 76.75 70.25 81.25 107.25 114.50 124.50 125.25 132.00 123.75 117.50 143.50 135.75 111.00 101.75 94.00 77.75 32.25 41.00 37.25 55.50 46.25 21.25 68.25 80.75 80.00 80.25 81.50 88.25 82.50 83.00 79.75 82.75 71.50 89.75 78.50 83.25 72.25 58.00 78.50 101.00 64.50 81.50 87.00 90.00 107.75 152.00 105.50 61.25 85.25 85.00 85.50 76.00 90.00 74.50 73.25 69.00 85.50 90.25 87.00 77.25 89.25 69.00 78.50 69.50 69.25 74.00 84.00 146.75 110.50 86.00 59.75 51.25 47.00 33.50 42.75 67.75 101.00 85.75 139.50 115.25 113.50 87.75 45.00 44.25 31.25 54.75 39.00 82.50 86.50 61.00 51.25 79.75 42.75 31.75 17.50 18.25 22.25 5.25 1.75 1.75 1.00 0.50 1.00 1.00 1.00 1.00 1.00 1.00 1.00 1.00 1.00 1.00 1.00 1.00 0.50 10.00 20.25 34.50 74.75 44.00 54.00 79.25 78.75 88.00 56.50 91.25 84.25 78.75 62.25 51.50 53.75 70.25 52.00 32.50 39.75 39.50 24.75 56.50 50.25 36.75 41.25 36.00 39.25 32.50 33.50 41.00
127.50 139.50 99.50 99.50 128.00 85.25 86.00 49.75 55.75 51.50 45.50 45.50 63.00 46.50 65.75 89.75 68.00 55.25 89.75 102.50 112.75 97.50 134.00 106.25 107.25 126.75 145.50 114.00 111.25 178.25 116.50 65.50 78.50 67.25 90.75 95.50 71.75 74.50 67.50 59.50 91.00 66.25 140.75 118.75 148.25 127.25 107.75 114.50 55.50 72.00 62.75 65.00 92.00 146.50 140.00 163.75 246.25 198.00 158.25 203.25 189.25 190.00 216.75 142.50 186.50 171.00 137.75 80.00 55.50 55.00 66.75 60.50 85.00 64.25 64.25 132.00 241.25 214.00 152.75 80.00 62.75 77.00 80.00 63.75 107.00 105.75 100.50 102.50 75.00 68.75 76.25 44.00 71.00 76.75 67.50 74.00 78.50 97.75 67.50 71.75 52.50 103.25 113.25 88.75 74.25 55.75 72.50 38.75 39.50 75.75 112.25 125.50 63.75 59.00 73.50 78.25 69.00 54.25 52.75 82.00 70.25 97.25 90.25 116.00 88.00 90.00 72.75 88.00 91.75 98.00 114.25 120.25 124.75 82.50 95.00 110.00 92.00 95.75 68.75 70.75 77.75 52.00 65.50 37.00 52.75 34.00 40.75 46.00 31.75 61.50 66.75 63.00 63.00 91.50 119.75 128.75 140.00 139.25 105.50 98.25 92.25 84.25 93.75 79.75 90.75 97.50 99.75 143.00 83.75 110.00 94.75 139.75 103.00 70.25 71.00 51.50 95.50 108.50 86.00 61.00 89.50 99.00 84.00 89.25 93.00 90.25 85.75 82.00 73.75 79.25 68.50 50.50 51.00 86.00 80.75 109.75 119.00 97.00 80.00 117.50 80.50 58.50 72.00 67.25 72.00 46.25 60.50 73.50 85.25 90.75 88.25 82.50 53.50 59.50 62.75 62.50 44.50 44.75 53.00 84.00 119.50 145.00 118.25 88.75 82.75 57.50 61.75 43.50 48.25 63.75 71.25 75.50 66.25 72.25 53.50 74.75 40.25 28.25 35.50 50.25 63.50 79.75 74.25 77.75 77.25 67.00 57.75 32.00 9.25 8.00 7.25 3.75 1.00 0.75 0.50 0.25 1.00 1.00 1.00 1.00 1.00 1.00 1.00 1.00 1.00 1.00 1.00 1.00 5.50 21.00 25.50 27.50 53.25 59.00 37.25 64.50 76.00 65.75 75.75 71.75 69.25 68.75 70.25 66.50 45.50 34.25 44.50 40.00 39.25 45.25 61.50 95.50 53.00 60.00 50.75 47.25 31.25 27.25 29.00 15.75
173.25 176.00 111.50 115.50 134.00 120.50 57.50 72.00 62.50 71.75 56.75 42.75 51.25 88.25 140.00 122.50 104.75 122.50 144.75 151.75 145.50 128.75 158.00 155.25 150.00 116.75 152.25 143.00 151.50 150.75 169.75 80.75 84.25 62.00 97.75 52.75 54.25 53.00 59.25 39.00 88.75 46.75 86.75 68.75 55.75 55.25 64.50 102.00 68.00 94.50 92.00 82.25 103.00 130.00 120.25 130.25 193.00 217.25 199.50 212.25 208.75 209.00 235.00 150.25 149.25 147.00 144.75 46.75 55.75 47.50 72.50 61.50 49.50 62.00 64.00 122.00 231.25 237.75 108.25 86.75 62.75 48.75 84.75 50.25 69.25 93.25 93.50 88.75 58.25 72.00 71.75 53.75 50.75 62.00 72.75 89.00 98.25 89.00 59.00 78.75 128.75 136.75 94.75 85.25 85.25 55.75 65.25 55.50 40.75 53.50 72.25 73.25 44.00 35.75 48.00 64.50 77.25 56.50 71.25 96.00 90.75 100.50 70.50 92.50 101.50 77.50 58.75 64.75 62.75 96.50 81.25 103.00 99.50 120.25 99.50 87.00 107.25 74.50 48.00 52.75 48.75 32.50 34.75 26.25 27.00 47.25 65.25 38.00 35.75 29.25 39.00 80.00 80.25 53.25 86.75 56.50 51.00 100.00 135.75 106.50 115.25 128.75 122.25 140.50 132.50 178.25 187.75 139.25 149.25 116.50 136.00 191.00 148.75 123.25 66.75 41.75 63.25 76.00 93.75 86.75 69.75 85.75 96.00 94.00 101.50 83.50 76.00 69.75 65.00 52.75 72.00 44.00 58.00 65.25 97.50 127.00 131.75 92.00 88.00 48.50 54.00 91.25 63.50 60.25 70.25 58.75 91.75 92.00 96.00 73.25 98.00 88.75 86.50 85.75 68.25 56.25 45.50 45.25 76.25 82.50 81.25 93.00 84.75 81.75 74.00 55.25 40.50 46.75 56.00 60.00 53.25 118.25 89.25 87.50 101.25 60.75 40.75 30.00 36.25 47.25 59.50 73.75 107.50 98.25 82.25 60.25 62.00 8.75 8.75 6.00 10.00 3.00 0.50 1.00 1.75 2.00 1.00 1.00 1.00 1.00 1.00 1.00 1.00 1.00 1.00 1.00 1.00 1.00 3.25 8.50 8.25 14.00 24.25 59.75 40.75 64.75 76.75 79.75 96.75 55.75 57.50 51.00 52.50 54.50 54.00 52.50 50.50 54.25 41.00 40.75 55.00 48.75 31.75 45.25 37.50 42.75 18.75 23.25 29.50 24.75
129.50 132.25 145.00 103.25 123.75 113.00 85.25 114.75 71.00 65.75 88.25 60.25 68.75 72.00 115.00 118.50 130.00 125.50 130.00 167.50 132.25 173.00 206.00 199.25 211.25 187.00 191.75 193.00 201.25 180.50 147.75 138.00 78.50 74.00 85.00 52.75 45.50 36.25 54.00 59.75 66.00 76.00 80.50 41.25 39.25 49.75 22.50 65.50 73.75 72.75 74.25 81.50 72.25 77.75 58.75 93.75 115.25 171.50 145.25 190.00 210.25 173.25 190.50 198.50 107.00 184.25 147.25 67.25 46.00 33.50 51.50 65.00 55.75 52.50 47.25 111.50 196.00 254.50 104.50 79.00 57.00 61.50 51.50 48.75 43.50 61.75 61.00 43.75 32.00 36.75 37.25 46.00 48.50 65.75 50.50 58.50 68.75 103.75 89.00 71.50 103.00 116.25 68.75 62.50 70.25 65.25 75.00 74.00 26.75 33.00 35.50 52.25 32.75 38.75 43.25 52.25 70.00 73.25 91.50 97.00 79.50 73.75 80.00 86.25 81.25 86.25 73.00 56.75 63.25 103.00 80.50 86.25 104.25 110.25 134.25 117.25 81.75 90.50 75.75 56.50 73.50 51.25 42.75 41.00 44.50 36.75 50.25 76.75 82.00 35.25 28.75 36.00 55.25 66.25 108.50 103.75 126.00 147.50 138.25 175.25 178.75 184.00 140.00 129.00 181.00 168.00 139.25 151.00 124.00 117.50 158.25 238.25 174.25 144.50 58.00 43.75 87.00 110.00 84.75 95.00 68.75 87.00 74.50 88.00 72.75 95.25 84.50 81.00 84.75 62.25 56.25 54.00 51.50 65.50 84.25 121.75 131.50 92.25 58.00 41.75 38.25 68.50 60.75 71.00 66.25 73.50 72.50 72.25 88.50 81.25 86.25 84.00 76.75 87.00 69.00 61.25 55.00 41.50 26.75 48.25 46.25 56.00 51.50 89.00 82.50 61.25 45.75 36.25 43.00 39.75 27.00 40.25 54.00 43.50 28.75 27.25 35.25 43.25 34.75 57.50 59.25 74.25 93.25 113.75 89.50 83.25 121.50 54.75 38.00 26.75 27.00 6.75 1.50 1.25 1.00 0.50 1.00 1.00 1.00 1.00 1.00 1.00 1.00 1.00 1.00 1.00 1.00 1.00 5.25 10.00 7.75 12.75 19.75 63.75 48.50 53.50 81.50 68.25 88.50 69.00 59.75 47.75 37.00 76.25 52.00 43.00 46.50 64.75 75.75 65.00 50.25 57.00 78.00 47.75 57.25 48.00 45.00 43.75 30.25 20.00
103.25 141.75 127.00 107.00 110.50 85.50 88.00 98.50 83.50 69.00 89.50 79.50 94.25 124.25 151.50 140.75 119.75 169.25 207.00 237.75 217.50 201.25 183.00 194.50 218.25 178.00 147.50 127.75 142.50 113.75 119.25 155.25 72.75 81.00 79.25 47.75 35.25 53.00 60.25 57.00 48.50 79.75 59.50 41.50 38.25 49.25 51.00 77.00 58.75 72.25 87.50 87.75 96.50 49.50 79.50 158.00 191.50 124.50 107.50 111.00 167.75 178.75 165.50 241.75 106.00 143.50 169.00 77.00 67.75 78.50 57.25 69.50 79.25 61.75 59.75 121.50 153.00 243.25 151.25 117.25 63.00 61.00 67.50 67.75 45.75 41.50 47.50 30.50 28.50 31.50 41.25 42.75 54.25 59.25 67.75 40.00 46.75 32.50 103.25 108.25 83.00 90.50 53.00 44.00 61.25 59.00 62.00 70.50 59.25 90.50 58.50 57.75 70.25 58.00 39.75 46.00 57.50 62.00 59.00 67.25 63.75 64.25 60.75 59.50 33.50 52.75 47.75 63.00 62.00 72.00 101.25 120.50 128.50 122.00 99.00 110.50 83.50 53.00 84.25 64.75 70.50 36.50 33.25 29.25 33.00 52.25 33.00 42.50 83.00 71.75 45.50 59.75 120.00 119.25 133.25 133.50 153.75 133.25 141.25 172.25 145.75 169.75 162.00 130.25 120.75 105.75 121.25 136.50 115.00 126.50 194.50 223.75 191.50 217.50 80.75 58.50 79.50 97.50 86.25 82.00 76.50 75.50 70.75 78.75 84.25 71.00 78.25 80.00 54.00 54.25 68.00 68.75 45.75 61.25 73.00 86.00 74.50 79.75 40.00 36.50 72.25 87.25 38.50 57.00 65.00 72.75 89.75 90.75 79.75 69.75 89.75 110.25 58.50 81.00 68.25 68.00 59.50 43.75 21.25 43.50 49.75 55.25 72.50 64.00 58.25 76.25 48.25 40.50 53.50 48.25 24.75 26.50 43.25 31.50 33.25 34.00 42.50 29.50 37.50 34.75 79.25 92.50 102.50 110.00 104.50 100.25 80.75 54.50 50.50 37.75 43.00 19.00 8.25 6.75 3.50 2.00 1.00 1.00 1.00 1.00 1.00 1.00 1.00 1.00 1.00 1.00 1.00 1.00 2.00 14.00 14.00 13.50 19.75 52.75 50.75 39.00 84.00 87.00 90.75 64.75 64.50 37.25 44.25 53.75 37.75 40.25 62.25 62.00 61.25 87.50 66.75 53.75 60.25 49.25 60.75 46.75 46.50 49.75 33.75 27.50
104.75 107.75 160.75 115.75 82.25 71.00 92.00 141.00 136.25 102.50 82.50 98.75 105.00 143.00 175.50 185.75 147.00 150.25 147.50 106.50 168.25 155.25 117.50 177.00 144.00 128.50 162.75 166.75 149.50 100.75 118.75 131.75 76.75 78.25 69.50 31.50 30.75 25.50 39.50 44.25 40.75 66.00 63.50 60.00 61.75 56.00 64.50 46.75 54.50 77.75 91.00 78.25 76.25 56.50 101.50 98.50 194.25 162.25 117.00 118.75 109.00 161.75 140.75 243.00 135.00 149.50 151.00 87.75 58.75 68.50 63.25 61.25 51.75 76.50 58.00 117.25 147.25 237.25 170.50 117.00 91.75 87.25 72.25 60.25 62.50 69.75 80.75 67.25 37.50 43.50 52.75 49.75 72.00 73.25 78.25 48.25 45.75 56.50 101.25 112.50 69.25 65.25 68.50 55.25 81.00 89.75 85.25 80.25 81.75 125.50 66.25 40.00 44.75 44.25 46.75 58.75 60.75 67.75 53.50 61.00 47.25 55.75 62.50 54.00 54.25 62.25 51.00 53.50 39.75 75.25 136.00 164.75 121.50 122.25 90.75 61.75 62.00 60.25 52.75 42.00 52.00 39.50 49.50 41.75 46.50 51.25 35.75 35.75 54.75 107.25 150.50 131.50 151.25 188.00 169.75 152.50 187.00 154.75 144.25 125.25 115.50 129.50 98.75 90.50 101.25 78.50 85.00 90.75 86.50 132.00 249.50 247.50 219.75 183.25 72.75 78.25 56.75 105.25 95.75 73.50 71.50 71.25 62.25 86.25 85.50 87.50 94.75 83.50 67.50 50.25 64.00 81.50 55.50 58.75 61.75 59.25 54.25 52.00 50.75 37.00 76.75 69.50 95.00 73.25 54.00 67.75 68.00 80.75 84.75 84.75 88.50 94.25 92.25 94.25 69.00 50.50 38.00 35.00 43.50 18.00 21.50 32.50 46.25 97.25 80.00 74.25 67.25 51.25 48.00 37.25 34.50 44.25 38.25 19.25 40.50 27.75 52.75 50.00 70.00 105.50 128.75 95.75 83.50 82.50 98.50 89.25 61.25 71.00 35.75 69.75 53.50 55.00 29.75 17.50 21.50 4.75 2.25 3.00 2.25 0.75 1.00 1.00 1.00 1.00 1.00 1.00 1.00 1.00 2.50 3.50 3.50 2.50 14.50 49.00 54.75 52.00 68.75 93.00 91.75 70.50 56.25 27.00 36.00 45.50 50.50 29.50 46.25 51.75 59.75 60.00 73.00 74.50 47.00 63.00 51.75 48.50 44.75 46.25 40.75 43.75
107.25 80.00 112.50 122.25 57.25 81.50 67.25 94.25 108.00 84.25 84.00 82.00 96.25 78.75 107.00 99.75 82.50 107.50 138.25 144.75 136.00 168.25 168.50 179.50 177.00 140.00 157.50 108.00 151.00 158.00 110.50 174.00 76.25 83.00 75.75 33.75 44.75 35.25 37.25 41.25 45.00 71.25 93.50 90.25 69.00 63.25 58.75 66.25 78.50 75.50 81.50 84.75 72.25 66.00 98.75 98.75 176.50 147.00 109.25 126.25 111.50 158.75 143.50 208.75 170.50 145.25 160.75 104.75 72.00 77.25 71.50 74.25 66.75 81.50 83.50 92.75 147.00 212.50 232.25 153.75 189.00 116.25 80.00 72.00 69.75 55.00 73.25 126.25 88.50 67.75 58.00 55.50 43.25 62.75 96.75 67.25 86.00 54.25 56.00 83.50 84.25 70.25 85.75 101.00 91.75 93.25 92.50 76.25 105.00 111.25 72.75 55.75 50.75 48.25 41.00 41.75 37.25 42.25 49.75 55.00 59.50 64.75 45.00 37.50 48.50 69.25 53.75 48.25 61.75 78.00 100.25 95.25 107.00 94.25 99.50 44.25 72.25 72.25 58.75 42.50 45.00 31.50 41.75 44.00 62.25 88.75 63.75 63.25 76.00 80.25 132.75 110.75 146.25 192.25 167.00 131.75 110.50 107.25 89.25 62.25 52.00 62.00 83.75 76.00 93.00 113.25 104.50 115.00 91.50 106.75 199.00 235.00 225.00 180.25 91.25 62.50 46.00 76.50 100.25 77.00 75.00 87.50 74.25 92.25 84.75 76.75 97.50 81.25 66.50 42.75 44.25 61.25 67.75 68.25 67.75 42.00 38.00 71.25 79.75 33.75 87.50 98.00 75.25 83.50 61.00 87.50 69.00 79.25 68.75 60.00 78.25 68.75 88.75 88.75 49.75 94.00 67.25 34.75 26.25 30.75 41.00 42.75 51.75 116.50 87.00 93.75 108.75 100.00 121.50 52.00 70.75 54.00 29.25 34.25 20.00 24.50 34.25 45.75 80.00 88.00 94.25 112.75 86.00 81.00 75.00 76.25 62.75 59.50 49.75 71.25 87.50 88.50 59.50 34.00 31.00 6.75 2.25 3.00 2.25 0.75 1.00 1.00 1.00 1.00 1.00 1.00 1.00 1.00 1.75 3.00 3.00 1.75 11.00 21.50 37.25 36.50 60.75 74.25 72.25 72.25 44.00 35.75 37.25 61.00 43.75 50.75 63.75 58.75 69.00 62.25 48.00 51.00 59.75 61.25 68.50 73.75 68.25 71.50 58.50 49.25
115.75 187.75 207.75 155.75 103.25 106.25 74.25 65.75 68.00 80.50 81.25 94.75 91.00 92.50 68.50 99.50 107.75 119.75 136.50 121.50 117.50 135.75 95.25 131.00 119.50 103.50 162.75 108.25 148.50 153.25 128.00 156.50 72.25 79.00 76.75 42.25 38.50 41.25 38.75 41.50 41.75 81.00 107.25 95.50 59.75 65.00 57.75 67.75 94.50 104.50 110.75 101.25 78.75 63.00 82.00 120.25 151.50 180.75 85.50 125.00 101.50 201.25 156.50 187.25 205.25 128.00 174.75 184.75 108.50 67.25 62.25 62.50 78.00 137.25 117.75 176.00 137.75 165.00 225.50 239.75 214.75 116.50 79.00 94.50 47.25 84.50 87.00 66.75 77.75 56.25 44.25 41.00 52.50 63.25 82.75 58.25 45.75 40.00 47.50 56.00 68.00 60.50 79.25 93.00 96.75 93.75 105.75 129.25 117.25 110.25 95.00 92.25 55.75 51.00 45.50 51.25 36.25 56.00 49.25 69.25 67.25 68.75 49.50 45.25 63.75 67.00 61.25 54.00 60.75 72.50 89.50 80.50 69.75 79.00 83.25 70.75 41.00 103.75 60.50 92.25 72.75 38.50 31.75 64.50 69.50 74.00 57.50 41.75 46.25 112.00 64.75 92.25 131.50 126.75 110.50 74.25 86.00 99.50 98.75 93.75 98.25 74.50 90.75 56.25 54.75 46.25 53.75 64.75 53.00 57.25 79.25 209.25 220.00 157.00 131.00 79.50 46.25 144.25 98.25 91.75 94.50 70.75 95.75 71.50 99.00 82.25 96.25 78.25 44.25 44.75 44.00 50.00 62.75 61.75 59.50 48.00 50.75 56.75 74.00 52.00 93.00 94.75 77.25 67.75 74.25 57.00 98.25 86.75 87.00 85.25 76.00 88.50 78.75 98.00 88.00 72.00 47.25 38.25 23.50 28.00 30.00 36.75 55.00 94.75 102.25 117.75 117.50 111.00 100.25 93.75 115.75 75.25 115.75 99.75 42.75 41.25 46.50 65.75 96.75 92.00 116.50 109.75 77.50 56.75 51.50 55.00 58.00 42.75 39.00 60.50 74.00 88.50 66.75 38.25 18.50 6.75 2.25 3.00 2.25 0.75 1.00 1.00 1.00 1.00 1.00 1.00 1.00 1.00 1.00 2.25 2.25 1.00 12.50 32.25 54.50 54.75 60.25 81.50 84.00 98.50 82.75 45.25 39.75 49.00 35.50 45.50 50.25 63.50 62.50 64.00 56.75 61.75 65.50 49.75 49.00 58.75 45.00 58.00 59.00 59.50
66.50 83.75 108.25 126.75 113.00 118.50 126.00 62.25 61.75 65.50 78.75 83.25 83.50 103.50 50.50 132.25 83.75 68.50 97.50 80.00 73.00 84.50 58.25 131.00 144.00 115.75 162.50 91.50 121.00 159.75 105.25 189.25 85.25 83.25 82.50 58.25 43.00 63.50 63.00 60.25 78.50 134.75 140.75 118.50 78.50 67.00 70.00 89.00 101.75 99.50 98.75 90.75 81.25 65.75 73.00 127.50 128.25 226.75 99.50 103.75 100.75 160.75 185.50 215.00 238.75 228.25 225.25 241.75 139.00 141.50 97.75 69.50 69.50 126.00 175.00 108.25 104.25 138.00 230.50 249.25 241.25 171.75 102.50 81.00 84.00 60.50 63.00 70.50 73.75 67.50 57.25 42.00 54.00 57.75 62.00 67.50 62.25 38.25 47.50 43.00 56.00 37.25 48.25 61.75 87.00 126.00 124.25 131.25 97.00 111.50 113.50 124.50 63.75 47.75 39.75 52.75 36.00 44.00 45.25 53.25 61.50 51.75 44.00 33.75 34.25 42.50 69.50 46.50 45.75 47.75 60.50 55.25 67.25 64.75 51.00 68.75 80.75 68.75 47.25 52.00 80.00 35.00 53.75 31.25 28.75 50.00 54.75 87.75 94.75 90.75 118.75 121.50 89.75 124.25 114.25 90.75 79.25 57.00 43.25 46.75 37.25 28.50 28.75 14.25 34.00 20.00 29.75 51.25 59.00 50.75 70.00 84.25 187.25 174.00 123.00 82.50 52.75 115.50 102.50 77.50 84.75 82.25 85.75 91.00 84.75 80.25 90.75 89.50 64.25 53.75 33.75 34.25 74.25 93.00 70.25 57.25 46.50 51.25 86.25 77.75 90.25 76.00 78.25 92.00 66.50 67.00 96.50 86.75 72.50 94.00 97.50 100.00 82.25 79.00 84.00 54.75 41.00 32.50 25.50 62.50 79.00 50.75 57.25 58.75 84.00 89.75 128.75 107.75 100.50 91.50 118.00 107.00 133.75 126.00 88.75 61.75 46.50 69.50 90.75 102.75 91.50 129.75 102.50 71.75 38.00 47.75 79.00 74.25 63.75 35.75 67.75 99.50 55.25 66.75 30.25 10.50 2.25 3.00 2.25 0.75 1.00 1.00 1.00 1.00 1.00 1.00 1.00 1.00 0.50 1.50 1.50 0.50 8.75 23.75 31.50 51.00 53.25 86.00 81.00 84.75 70.25 67.75 54.50 64.25 65.25 66.00 53.50 74.50 83.75 80.00 76.00 57.00 55.50 75.50 62.75 54.50 53.00 54.00 47.50 50.00
100.00 87.75 100.75 135.75 124.50 125.50 108.25 62.75 46.25 66.00 77.25 99.00 85.50 66.75 50.50 73.50 95.50 61.50 105.25 110.00 66.25 65.25 63.25 83.25 131.50 112.50 132.75 99.00 104.50 174.00 122.25 184.00 120.00 92.00 74.00 83.00 68.25 129.50 109.25 89.00 73.25 103.00 115.50 104.50 96.25 72.25 70.00 74.00 85.50 96.75 98.25 72.00 67.00 58.25 57.00 124.75 134.75 234.50 89.25 105.25 85.75 141.00 135.50 205.75 252.75 239.00 240.00 240.75 190.25 194.00 167.25 162.25 154.75 158.75 133.25 103.75 146.00 141.75 222.75 235.50 239.50 181.50 115.00 98.75 82.75 79.75 65.50 76.75 53.00 118.50 66.00 61.25 59.50 57.75 73.75 59.00 68.50 52.50 49.50 62.00 33.75 46.25 41.25 91.25 110.50 133.25 98.50 128.25 108.75 114.00 75.25 71.50 77.75 60.75 42.75 45.75 44.50 36.25 77.50 45.25 52.75 53.00 50.00 45.50 49.00 47.75 52.25 52.75 54.00 53.50 60.00 48.00 53.50 69.00 67.25 71.25 76.50 85.00 85.50 79.50 71.75 48.75 52.00 56.50 48.75 37.00 58.50 53.00 68.50 136.00 86.00 59.25 52.50 66.75 95.00 79.25 83.50 59.25 42.75 24.00 35.50 25.50 27.25 25.00 27.50 12.00 45.75 51.50 34.25 62.75 58.50 68.00 136.25 194.25 99.50 65.75 54.75 65.75 88.25 80.00 92.25 79.00 74.00 77.50 95.25 75.50 88.75 77.50 80.00 51.25 54.25 53.75 66.00 58.50 71.75 77.50 63.50 68.25 94.75 79.75 97.75 92.75 80.25 82.00 76.50 83.25 85.00 81.25 95.00 93.00 87.75 80.25 46.00 40.50 67.50 43.75 44.50 75.25 71.50 57.00 60.25 66.75 59.25 91.75 94.50 100.75 111.25 139.50 134.75 95.25 101.25 121.00 109.75 120.50 130.00 71.00 53.00 75.00 91.25 109.25 89.50 85.25 89.00 99.00 88.50 79.25 114.25 176.00 108.75 41.50 50.25 53.00 73.25 75.50 61.75 26.50 9.50 10.50 7.50 2.50 1.00 1.00 1.00 1.00 3.00 3.00 3.00 3.00 8.50 17.50 15.75 13.25 32.75 36.25 37.25 62.50 54.75 76.50 78.25 95.50 70.25 85.75 70.50 58.25 76.00 58.25 67.25 66.00 60.25 59.00 65.25 50.50 53.75 42.25 47.00 56.00 45.75 39.75 69.75 54.75
91.00 156.00 153.25 192.25 131.25 116.50 106.25 61.00 58.50 95.25 79.50 92.75 89.75 75.00 65.50 96.50 106.50 36.50 55.75 85.75 74.00 76.75 93.75 74.00 142.50 129.25 157.25 161.75 132.75 152.50 112.25 176.50 140.00 71.25 75.75 98.50 79.75 112.00 106.50 90.75 69.25 75.25 74.25 89.75 97.25 64.25 63.00 77.00 55.00 46.75 40.50 55.75 52.50 78.00 78.50 116.50 117.25 243.00 133.75 182.50 109.25 143.50 168.00 215.00 211.00 227.25 172.75 201.25 204.00 181.25 183.75 235.50 159.75 161.50 168.00 121.25 112.50 120.00 223.50 238.25 236.00 173.75 100.00 85.25 142.25 124.50 70.75 87.50 80.75 76.75 54.00 50.25 55.25 67.50 79.00 67.50 70.25 67.25 70.25 77.75 64.75 57.75 71.00 109.25 136.25 151.25 114.50 79.25 75.75 78.25 66.25 59.50 68.25 58.25 44.75 48.00 46.00 47.00 58.75 54.25 55.00 56.00 54.50 51.00 25.50 70.50 67.00 79.00 103.75 71.50 37.50 47.00 55.25 63.25 76.75 86.75 125.75 77.25 60.00 50.25 35.50 48.25 47.25 79.00 83.50 41.75 53.50 49.50 42.50 50.00 55.50 70.50 46.50 70.50 117.50 125.00 61.75 45.75 42.50 45.25 26.25 36.25 48.50 51.50 108.25 139.50 91.25 89.50 120.00 136.00 189.50 204.00 178.75 122.50 118.75 53.25 89.25 102.25 157.50 136.00 132.75 116.00 94.25 88.75 108.75 80.75 93.75 97.00 97.25 62.25 61.50 62.50 77.75 96.00 104.50 90.00 79.00 77.75 79.50 92.50 97.25 70.75 95.75 90.00 82.50 82.75 80.00 91.75 100.75 70.75 63.75 46.50 42.50 49.00 77.00 108.25 83.25 67.75 76.75 59.75 79.00 62.00 64.50 64.00 82.00 88.75 90.50 94.50 115.75 104.50 107.25 106.00 127.75 124.00 110.00 44.75 50.50 59.75 51.50 59.50 55.25 91.25 108.50 96.50 106.75 109.50 103.00 154.75 100.00 93.50 53.75 47.75 69.75 73.25 56.75 17.25 10.50 10.00 6.00 1.75 1.00 1.00 1.00 1.00 2.50 2.50 2.50 2.50 2.50 1.25 0.75 2.00 8.75 27.50 22.25 44.75 62.00 50.00 56.00 66.75 80.00 76.50 62.25 70.00 78.50 60.25 65.00 69.75 63.50 77.00 71.00 70.75 55.75 57.25 39.50 37.00 36.25 40.75 61.50 46.00
134.25 108.25 98.75 70.50 105.25 130.00 113.75 85.75 102.25 101.50 68.50 76.00 75.75 61.00 49.00 59.00 59.75 56.75 92.00 86.50 98.75 94.75 128.75 97.25 130.75 118.75 144.00 112.50 203.25 203.00 147.00 125.50 177.00 91.75 97.00 73.00 76.00 78.50 61.50 43.25 54.00 50.50 46.25 66.25 91.50 77.50 82.75 88.25 72.50 66.00 50.50 52.00 50.00 70.75 78.00 113.75 102.25 226.00 155.75 133.50 103.75 99.50 193.00 144.00 174.00 199.50 152.25 117.25 133.50 180.25 190.75 242.25 139.75 108.50 167.75 111.25 114.75 103.75 185.00 226.00 237.25 193.00 157.00 160.75 78.25 72.50 68.75 61.25 46.50 105.50 58.00 45.75 53.25 50.50 38.75 40.75 38.00 43.50 53.25 61.75 33.75 53.00 49.75 55.75 76.25 84.25 88.25 68.25 44.75 59.00 75.00 80.00 95.50 74.25 55.50 62.50 50.75 59.00 73.25 82.75 72.75 71.75 66.50 60.75 63.25 77.00 75.50 72.25 64.25 71.50 65.50 40.50 46.25 52.00 51.25 59.25 65.00 70.75 57.50 51.25 37.50 47.75 54.00 48.25 85.50 143.75 151.00 139.25 55.00 51.00 74.75 74.50 77.50 152.50 188.00 145.00 57.50 61.00 58.00 59.50 72.50 92.00 112.75 185.00 232.50 177.25 182.25 193.00 152.50 120.25 107.75 76.75 59.75 51.00 83.00 55.00 62.00 100.50 139.50 135.00 162.50 132.75 124.00 165.75 134.75 107.00 73.00 90.25 78.50 64.50 73.75 68.50 100.50 125.50 153.00 124.75 90.25 85.00 83.00 77.00 98.25 74.25 78.50 75.25 95.50 86.75 95.50 61.50 47.50 36.25 25.25 33.25 34.75 60.25 53.50 81.75 75.00 67.50 87.50 76.75 80.75 95.25 66.00 59.75 75.00 59.50 62.25 72.75 72.00 104.75 127.50 127.50 92.00 82.00 123.00 108.00 77.00 49.00 54.50 37.50 34.00 63.00 82.25 79.25 76.50 62.75 86.00 64.50 42.00 96.00 36.50 41.75 77.75 47.50 44.50 8.25 2.25 3.00 3.25 3.50 1.00 1.00 1.00 1.00 1.50 1.50 1.50 1.50 2.25 0.25 1.25 1.50 4.25 22.50 24.50 40.75 54.75 47.50 71.00 86.25 71.25 76.75 69.50 77.50 52.50 59.75 63.50 58.25 50.25 67.75 56.25 60.00 58.25 47.25 52.25 45.00 49.00 45.75 53.50 59.50
75.25 65.00 87.00 55.75 82.50 101.50 105.50 87.50 72.00 73.50 116.00 72.25 60.25 69.25 31.50 95.00 144.50 108.25 68.75 118.25 117.25 79.25 87.75 60.00 129.00 136.25 130.75 95.75 102.00 145.25 150.50 143.50 194.50 85.25 98.25 77.25 83.50 83.25 50.75 34.75 37.75 45.50 49.50 49.50 68.75 79.75 78.75 51.00 58.00 66.00 80.50 76.00 90.50 190.75 166.75 188.25 137.75 126.75 120.25 111.50 166.25 193.25 120.25 127.75 197.00 194.75 229.25 123.75 99.50 98.75 166.75 228.75 180.00 136.25 183.50 100.00 111.25 161.75 147.00 189.75 229.00 197.00 140.75 70.50 58.75 54.00 61.00 46.25 48.75 116.50 112.00 42.75 43.00 53.75 37.75 43.25 42.25 41.75 50.75 63.00 36.00 30.75 60.25 78.00 73.25 64.50 62.00 50.50 70.75 83.75 82.75 86.50 71.25 78.75 77.25 79.25 72.00 60.00 78.50 58.25 66.50 71.00 74.50 74.25 63.50 78.50 72.25 62.50 68.50 86.50 60.50 43.75 51.00 75.25 58.25 71.50 61.50 67.75 80.75 73.75 51.25 51.75 57.00 60.75 95.25 100.50 124.00 63.00 51.00 63.00 65.25 101.00 74.75 50.75 128.75 173.25 155.00 194.00 203.75 198.75 217.00 209.25 188.25 165.75 221.00 116.75 130.00 118.25 57.75 49.75 19.75 30.75 36.00 28.50 53.75 55.75 66.75 62.25 80.50 99.50 111.25 132.25 144.50 176.50 200.50 146.75 95.25 82.75 73.75 85.25 98.00 71.75 112.25 129.50 114.25 114.00 99.00 101.50 74.50 82.75 86.00 71.50 88.75 81.50 115.25 64.25 86.50 59.75 33.25 34.00 59.25 70.75 72.25 91.00 49.25 58.75 75.75 74.00 66.25 77.75 85.00 87.25 73.75 73.00 56.50 37.25 45.00 54.75 89.75 92.75 88.50 91.50 70.75 77.50 91.50 102.00 120.75 52.50 33.50 33.75 20.25 31.50 39.50 39.25 36.50 29.50 40.75 31.25 9.75 12.50 8.25 22.50 36.00 34.50 17.75 4.25 3.00 2.00 1.75 2.75 1.00 1.00 1.00 1.00 1.00 1.00 1.00 1.00 0.25 5.00 10.25 2.75 10.00 14.50 33.50 44.00 48.00 56.25 66.50 70.25 82.50 78.00 64.50 74.25 69.50 71.50 64.75 59.75 68.25 73.75 61.00 53.00 43.25 56.00 51.50 42.50 40.00 46.75 45.25 50.25
46.50 125.00 149.00 91.50 89.25 77.50 62.75 64.75 66.00 77.25 126.00 113.50 78.25 58.25 47.75 41.25 78.50 129.75 70.50 117.50 116.25 76.00 87.00 76.25 132.50 122.50 139.25 119.75 78.00 170.75 144.50 141.25 241.50 132.50 86.00 90.75 92.75 69.00 85.00 64.25 39.00 32.75 39.00 41.50 55.25 43.25 57.75 55.25 63.00 84.75 81.75 58.75 124.00 81.50 46.25 74.25 88.75 45.00 88.00 96.00 129.50 182.00 128.25 113.25 123.25 158.00 127.50 78.75 78.75 71.75 84.75 132.75 158.50 202.75 204.00 117.00 88.25 104.50 65.50 75.75 160.00 204.50 183.00 95.00 48.75 62.00 67.00 41.00 40.75 104.00 117.75 67.25 44.50 54.00 44.75 45.00 44.25 35.75 42.25 59.75 62.75 60.75 114.75 93.75 86.75 45.75 58.00 39.00 50.00 46.75 39.25 79.25 63.00 75.50 71.75 58.50 61.00 60.75 72.75 68.00 58.00 59.50 52.50 77.75 69.25 65.50 77.50 66.50 73.25 91.75 61.75 71.00 110.75 118.50 114.50 97.00 77.00 69.25 32.25 47.50 53.25 54.25 41.75 52.25 78.50 57.00 56.25 47.25 38.50 66.00 54.25 52.00 45.25 74.75 188.75 182.50 114.25 101.75 59.25 118.25 152.75 100.50 76.50 101.25 159.00 139.75 125.75 153.50 39.75 48.75 41.50 15.00 15.75 25.50 24.25 33.00 52.50 44.75 54.25 49.75 68.50 104.50 136.25 123.75 120.25 116.25 145.75 144.00 150.00 130.25 99.50 79.50 92.00 99.25 93.00 79.50 78.00 85.00 90.75 85.75 70.50 86.25 88.50 68.25 39.00 44.25 37.00 93.50 78.75 74.25 92.75 63.25 76.00 74.00 68.00 73.50 83.00 74.00 78.75 76.75 77.25 57.00 69.75 63.50 46.50 62.00 49.50 60.50 86.50 74.25 100.75 84.25 78.75 80.00 88.50 99.25 97.75 57.00 48.75 35.50 31.75 36.25 57.25 80.50 33.50 35.75 28.00 15.75 2.00 21.50 6.75 23.50 26.75 29.50 18.75 2.75 0.50 2.00 2.25 1.25 1.00 1.00 1.00 1.00 3.00 3.00 3.00 3.00 1.00 1.00 1.00 1.00 8.00 17.00 17.75 28.00 64.75 41.75 74.25 68.75 69.00 111.75 54.75 67.50 65.75 63.25 44.50 54.75 56.00 51.00 70.50 63.50 54.50 59.00 52.50 34.25 50.75 36.25 28.50 52.25
134.50 92.00 77.25 88.50 79.25 60.25 57.75 48.25 57.50 62.50 90.00 74.75 69.75 53.75 31.50 49.25 89.75 79.25 104.00 77.00 89.25 46.50 83.50 63.50 93.50 119.00 128.75 109.75 104.25 176.00 177.50 139.25 185.75 180.50 88.25 87.00 69.25 76.00 64.25 55.00 69.75 34.25 20.75 37.00 58.50 54.25 56.00 62.75 51.00 65.25 49.25 62.75 114.25 74.50 51.50 74.25 92.00 90.75 130.25 101.50 126.25 118.25 85.50 85.50 82.75 136.75 81.25 57.25 75.25 79.50 74.50 62.00 87.25 107.75 165.50 117.00 51.50 59.25 68.50 97.25 113.75 146.75 159.25 115.75 71.00 113.25 86.75 30.25 48.00 62.50 113.75 59.25 59.75 47.00 41.75 35.50 34.25 47.50 49.25 50.00 43.50 63.75 26.00 38.75 37.50 38.50 60.25 70.50 58.25 51.50 37.50 49.00 61.25 61.25 73.75 62.75 68.50 55.75 74.75 57.25 65.25 66.50 67.75 59.25 63.75 59.75 78.75 77.00 66.00 77.25 69.00 94.25 85.75 108.00 103.25 104.00 121.25 80.00 55.25 54.50 38.75 43.50 60.50 74.50 109.50 121.00 66.75 70.75 57.75 43.50 26.50 23.25 37.25 23.50 40.50 56.25 47.75 60.25 44.25 56.25 146.25 79.25 100.75 80.50 142.25 169.75 191.25 229.25 132.75 94.00 120.00 39.00 46.50 37.00 24.75 25.00 54.75 33.50 51.50 29.50 26.00 57.50 71.75 106.75 99.75 133.25 184.00 151.75 144.00 158.25 144.00 125.25 87.00 89.75 68.25 61.25 90.00 93.00 80.50 89.50 77.50 73.25 58.00 45.00 41.25 40.25 73.00 81.00 100.00 67.25 54.50 53.50 64.25 65.75 81.75 70.50 93.75 92.75 71.00 70.00 73.00 93.00 61.25 40.75 33.00 66.25 59.75 50.25 79.75 79.75 89.50 70.75 77.00 73.00 74.50 80.00 89.25 55.50 37.25 37.75 38.00 29.25 58.50 83.25 65.75 21.50 34.75 21.75 12.25 0.75 10.00 17.50 35.50 29.00 19.50 12.75 0.50 1.50 1.00 0.00 1.00 1.00 1.00 1.00 2.50 2.50 2.50 2.50 1.00 1.00 1.00 1.00 4.25 15.75 15.75 22.25 60.00 48.50 48.00 76.75 65.75 67.00 45.75 58.00 75.25 72.00 41.50 58.50 61.75 64.50 55.50 70.00 50.75 40.50 62.00 49.25 48.75 56.50 51.75 56.25
77.50 55.50 42.00 66.50 63.75 54.25 39.50 52.75 42.00 65.25 58.25 59.50 65.25 69.00 37.50 38.50 113.00 128.00 59.75 105.00 120.00 103.00 78.25 99.50 93.25 119.75 148.50 121.00 118.50 121.75 130.50 161.25 160.00 169.00 72.50 103.00 78.75 65.00 64.75 108.00 98.25 49.50 49.75 64.75 66.50 40.25 59.50 64.00 73.50 64.50 94.50 113.75 117.50 74.75 45.50 60.25 70.75 55.00 76.75 103.50 143.75 100.50 65.50 46.00 74.00 140.25 79.25 51.00 72.25 54.50 62.25 58.75 80.25 67.75 126.00 143.25 158.25 172.75 142.50 127.00 140.75 68.75 91.25 90.50 48.00 51.75 42.75 35.50 68.50 77.50 84.50 44.25 44.00 60.50 46.75 47.75 53.75 60.50 84.25 88.75 77.50 85.75 50.75 43.50 53.75 42.25 59.00 107.25 89.75 104.75 58.75 69.75 84.25 67.50 72.00 65.00 53.75 59.50 70.00 71.00 60.50 49.75 57.25 52.00 49.75 66.00 88.25 120.25 122.00 83.25 72.25 61.50 105.25 108.00 99.50 114.25 129.25 136.25 115.25 55.50 48.00 43.25 46.00 50.25 61.75 59.00 58.50 63.25 76.50 60.00 39.00 33.50 28.25 39.50 49.75 44.75 42.00 38.75 44.75 59.50 153.75 89.75 121.25 81.25 143.25 134.00 131.75 144.00 123.25 110.50 93.25 66.25 33.50 40.50 42.50 30.75 38.75 43.75 81.75 78.25 50.50 42.00 37.50 85.75 108.75 122.00 146.75 115.25 114.25 115.75 145.75 121.00 79.25 60.75 45.25 51.25 89.75 105.25 79.00 56.25 37.25 37.50 31.75 44.50 47.75 69.75 107.50 66.25 76.75 66.25 57.75 57.25 47.50 47.75 85.50 88.75 69.75 76.25 73.00 56.75 66.50 82.50 66.25 72.25 40.50 50.50 42.75 38.75 56.75 50.25 46.25 63.25 51.75 51.50 58.00 67.25 84.00 45.50 30.75 41.00 35.25 37.75 55.75 70.25 78.00 33.50 38.75 94.75 45.25 89.50 112.75 39.50 45.00 53.00 38.50 10.75 4.25 4.50 3.00 1.25 1.00 1.00 1.00 1.00 1.50 1.50 1.50 1.50 1.00 1.00 1.00 1.00 3.50 12.75 9.25 13.25 36.50 40.25 33.50 70.50 66.50 78.25 59.75 82.50 74.75 49.75 46.25 56.75 51.50 47.50 64.75 72.75 75.00 41.25 117.00 65.50 53.00 66.50 54.50 43.75
94.75 92.75 55.00 70.25 101.00 65.50 56.75 67.50 68.00 96.75 112.50 94.25 77.50 76.50 48.75 38.00 96.25 128.25 80.75 158.00 70.25 62.25 80.00 76.25 62.75 118.00 125.75 86.50 91.00 131.50 109.50 161.75 140.75 197.75 82.50 73.75 76.50 67.25 81.00 83.00 71.75 51.00 45.00 104.75 106.25 64.25 57.00 74.50 59.50 85.75 134.00 122.25 67.75 75.50 57.50 60.00 131.50 65.25 95.00 125.00 170.75 112.50 105.00 63.50 81.25 117.75 78.25 53.75 36.75 22.25 43.00 31.00 43.50 60.50 47.75 47.75 44.00 42.75 50.00 44.75 45.25 26.50 58.50 140.00 48.75 40.75 59.25 34.50 50.50 54.75 87.50 89.50 39.25 43.75 47.50 51.50 46.50 93.50 108.25 141.75 114.00 71.75 55.50 37.25 50.00 54.75 74.50 99.25 112.75 105.25 85.00 130.50 128.50 101.75 77.75 74.75 82.00 70.25 81.75 65.25 57.25 65.00 76.50 83.00 72.50 61.25 101.00 115.50 104.25 84.50 64.25 67.75 69.50 102.00 123.50 117.00 98.75 114.25 87.50 53.75 46.00 48.00 36.50 47.50 49.00 82.75 51.25 72.00 65.25 86.75 66.75 58.75 50.50 45.00 26.25 43.00 47.25 77.50 123.25 100.75 125.75 88.50 99.00 82.75 122.25 99.25 157.25 73.75 97.00 159.00 174.75 37.50 47.75 45.25 50.00 39.00 39.50 49.00 43.00 39.75 78.50 41.75 62.50 106.50 77.50 67.75 96.25 138.50 153.25 89.50 91.50 105.50 82.00 38.25 46.00 64.00 79.75 65.00 52.00 44.00 34.75 44.75 45.75 69.00 85.50 76.50 71.50 65.75 54.50 62.00 77.00 68.75 55.50 61.75 77.25 66.00 69.00 84.50 75.00 88.00 72.00 80.00 95.75 66.00 70.25 60.75 45.75 39.00 56.75 48.75 28.00 56.50 35.25 35.00 41.00 50.00 60.75 39.50 38.25 18.25 29.25 30.00 25.25 53.75 60.75 67.50 58.75 99.00 103.25 138.00 62.75 46.75 36.75 49.50 36.50 5.00 4.50 4.00 2.00 0.25 1.00 1.00 1.00 1.00 1.00 1.00 1.00 1.00 1.00 1.00 1.00 1.00 6.50 9.75 2.50 6.75 31.75 45.50 62.00 77.00 60.50 79.25 58.50 47.50 62.00 73.25 69.50 68.00 48.50 53.25 71.50 73.75 71.00 60.50 43.25 35.75 44.75 54.00 44.00 41.75
100.25 105.25 52.75 73.75 98.25 43.00 42.00 60.50 67.50 104.75 91.00 86.50 89.25 87.25 52.00 49.00 96.75 82.00 57.50 65.50 61.00 51.75 65.75 56.75 66.50 105.50 130.25 118.50 148.75 111.00 118.25 167.50 143.50 209.00 113.00 83.75 80.50 81.00 59.00 46.75 60.00 44.75 37.50 55.25 87.00 62.50 54.25 64.50 54.25 75.25 97.00 87.25 66.25 137.75 179.50 136.50 89.25 111.50 128.50 82.25 66.25 106.75 77.25 40.25 36.75 77.25 71.50 50.75 32.00 34.50 23.50 20.00 43.50 44.50 42.75 35.25 31.00 33.50 26.75 84.75 57.00 41.00 52.75 59.75 49.00 43.75 25.50 29.50 45.50 36.00 68.00 41.50 37.00 42.75 45.00 39.50 52.50 78.25 84.00 78.75 83.75 39.75 48.00 39.50 56.25 49.50 52.00 66.25 90.25 73.50 118.50 127.00 128.50 153.50 97.00 66.50 50.25 77.25 83.25 52.75 67.25 69.50 81.25 68.75 64.50 60.00 68.50 83.25 76.75 104.00 97.25 124.25 96.50 104.25 105.75 125.50 113.25 97.75 75.25 51.50 36.00 46.00 32.00 51.00 46.25 64.25 46.75 54.00 132.75 131.75 85.75 71.00 50.75 43.00 27.25 39.50 47.75 70.50 122.75 116.75 93.00 50.75 48.00 107.50 151.00 201.00 194.75 133.75 141.75 154.75 84.00 56.50 44.50 39.25 39.50 25.25 25.00 27.50 44.25 29.50 44.75 47.00 27.00 37.00 54.75 49.00 47.75 78.25 65.00 67.00 68.75 91.75 66.50 33.00 31.75 48.50 49.50 40.75 30.75 53.75 56.00 118.25 90.00 78.75 72.50 60.00 38.00 51.50 54.25 52.50 63.75 72.75 65.75 63.50 61.00 72.75 68.25 85.25 73.75 89.50 60.50 81.50 87.25 76.50 88.00 68.50 40.25 51.00 70.25 36.25 28.75 28.25 29.75 29.00 31.50 25.50 43.75 43.50 34.50 29.75 28.75 18.75 29.75 47.25 61.00 41.25 60.25 95.25 133.00 131.50 54.00 65.00 45.50 41.75 36.75 2.50 0.50 1.00 0.75 0.50 1.00 1.00 1.00 1.00 2.00 2.00 2.00 2.00 1.00 1.00 1.00 1.00 3.25 3.75 2.00 4.00 25.50 53.50 41.00 64.25 67.00 82.50 62.25 60.25 57.75 68.50 55.25 55.25 55.00 84.75 75.00 66.00 62.25 58.50 52.00 59.25 39.50 49.75 47.75 64.50
103.50 66.25 47.25 42.75 91.50 101.25 44.75 100.50 47.50 71.00 64.25 74.00 85.25 91.00 76.00 36.50 102.75 129.50 63.00 55.50 104.00 79.00 48.25 84.00 59.00 109.25 104.25 152.75 124.75 139.00 132.75 189.25 140.25 124.00 96.75 84.25 72.50 74.25 80.75 94.75 115.75 78.50 54.50 70.25 110.25 137.75 90.75 57.75 49.50 25.50 85.25 83.25 55.50 55.00 57.00 45.50 33.75 46.25 103.25 105.25 100.50 82.75 87.00 73.50 37.25 56.25 64.25 51.75 34.00 41.25 23.00 27.75 16.75 23.75 20.50 39.25 47.25 50.75 69.75 178.00 198.00 71.25 49.00 49.25 51.25 64.75 45.25 29.25 62.25 54.75 56.00 40.25 30.00 47.75 50.50 58.50 51.00 73.75 127.25 134.00 103.50 77.25 73.75 53.75 38.75 51.75 54.25 61.50 50.75 63.50 111.25 92.75 120.25 107.75 105.75 109.75 67.50 51.75 60.75 65.00 48.50 59.25 65.25 71.75 65.50 57.00 68.75 57.25 67.25 104.25 116.50 137.25 122.75 116.00 104.00 110.75 101.00 97.25 67.25 33.00 35.75 36.75 30.25 24.25 49.75 84.00 50.25 50.00 121.00 85.50 50.75 87.50 66.50 10.00 29.25 24.75 40.25 44.25 87.25 98.50 54.75 100.75 59.50 106.75 121.75 132.00 102.75 67.75 105.25 198.00 112.50 71.25 45.75 28.00 44.75 33.25 30.75 55.00 77.25 42.75 41.50 44.25 7.75 24.25 18.50 57.75 29.50 70.00 42.25 42.00 55.00 61.75 69.25 51.75 67.00 43.75 39.50 67.75 92.50 126.00 78.25 82.25 83.50 65.75 42.50 57.75 56.50 60.50 71.00 72.50 81.50 59.50 64.25 60.50 78.25 73.25 69.50 67.00 67.50 74.50 71.00 71.50 66.75 84.00 70.50 59.75 45.00 55.00 47.25 43.50 33.50 44.25 38.25 33.00 42.25 85.50 74.25 69.25 43.75 54.25 29.50 39.00 48.25 55.75 55.50 30.50 48.75 56.00 81.50 51.25 114.25 72.25 35.25 65.00 61.75 15.25 11.50 10.75 7.50 4.00 1.00 1.00 1.00 1.00 1.50 1.50 1.50 1.50 1.00 1.00 1.00 1.00 8.75 22.25 20.25 9.50 36.25 73.75 46.00 72.50 75.00 66.50 94.50 61.50 62.75 58.00 61.00 64.25 64.25 62.75 63.50 65.50 82.75 53.00 60.75 90.75 48.75 61.75 63.00 47.50
51.50 69.25 55.75 70.75 116.25 179.00 83.75 97.50 87.00 87.50 123.25 100.50 71.00 75.00 82.00 41.75 54.25 123.25 74.25 43.25 77.75 72.25 68.00 70.75 78.50 86.25 113.00 134.75 122.75 114.75 115.25 189.50 107.75 154.75 132.50 83.00 89.50 96.25 99.00 88.75 100.75 81.25 57.75 55.25 91.50 138.75 116.50 68.00 63.25 51.50 86.50 88.00 44.75 43.00 36.25 63.25 84.00 103.25 124.50 239.25 107.00 94.25 81.00 121.00 87.00 70.25 96.25 46.50 36.25 29.75 24.75 44.00 34.75 46.50 40.00 48.50 49.75 60.75 106.00 144.75 251.75 142.00 69.50 56.50 62.50 74.25 58.00 48.75 31.50 40.75 36.75 30.75 18.00 32.25 62.25 44.75 62.75 126.75 113.00 100.50 90.25 118.75 119.25 82.50 57.25 51.00 75.75 51.75 44.75 64.50 69.75 80.50 67.00 89.00 104.50 82.25 58.00 71.25 76.75 81.25 69.00 76.00 91.00 64.50 56.25 61.25 62.75 71.75 97.50 103.00 109.25 121.50 107.75 94.00 104.00 82.00 82.50 85.50 58.25 37.50 49.00 36.75 40.00 43.50 31.50 81.50 53.50 97.25 132.50 134.50 133.50 130.50 78.50 24.50 28.50 33.50 26.50 30.00 61.50 124.50 60.50 92.50 76.50 67.75 132.75 64.00 102.75 165.50 235.75 248.00 198.00 125.00 70.75 70.75 98.00 82.75 92.75 56.00 46.50 45.50 26.50 55.00 22.00 21.50 24.00 20.50 17.50 22.25 17.25 23.25 12.25 26.50 39.00 47.00 60.75 43.25 53.25 56.25 68.25 75.75 73.75 69.25 55.25 62.75 59.25 74.75 76.00 66.25 46.25 63.00 57.50 65.50 72.00 50.00 68.25 66.25 63.75 74.00 83.25 74.75 54.50 50.00 74.00 70.75 84.50 75.50 64.50 62.00 59.50 57.75 35.00 41.75 45.25 53.25 79.75 84.75 73.25 81.50 49.25 36.75 38.50 26.75 23.25 50.75 81.25 49.25 48.00 66.75 56.50 35.00 33.25 28.75 35.25 40.75 50.50 30.75 11.25 11.00 5.75 0.25 1.00 1.00 1.00 1.00 0.50 0.50 0.50 0.50 1.00 1.00 1.00 1.00 1.50 2.75 1.50 2.50 32.25 58.25 30.50 68.00 80.00 80.00 110.25 70.25 74.00 62.25 59.50 63.00 104.00 91.75 55.75 67.00 55.75 76.50 93.75 70.00 47.00 55.75 46.25 70.25
37.00 52.75 83.75 91.25 171.75 204.50 131.25 114.50 106.50 48.00 67.50 69.00 65.50 80.75 83.25 38.00 46.50 85.00 78.25 43.00 87.75 56.75 54.75 65.50 79.50 66.00 136.00 108.50 143.00 132.00 151.00 156.00 133.00 128.50 129.75 72.25 79.50 80.00 80.00 60.50 81.75 71.50 54.75 53.50 100.25 89.50 171.75 79.00 72.00 55.25 68.00 62.75 58.25 45.25 82.00 93.25 61.00 99.00 84.25 247.00 137.00 99.50 113.00 132.75 112.50 81.25 83.25 48.75 38.25 28.25 33.25 25.25 34.50 29.75 39.50 52.50 56.00 71.00 106.50 116.25 246.75 161.75 76.25 47.50 50.25 71.75 61.50 50.25 45.75 65.25 71.25 57.25 34.50 37.00 54.25 54.25 68.75 83.00 90.75 98.00 95.00 100.75 89.00 82.00 88.50 105.50 117.25 62.50 37.00 41.00 41.75 61.75 67.25 67.75 63.00 90.75 73.00 92.75 125.50 80.75 77.75 88.25 91.25 79.00 80.25 63.75 82.25 101.50 125.00 118.50 113.00 97.25 78.25 67.75 61.50 71.75 54.25 51.25 30.75 36.00 35.25 35.75 29.50 29.75 38.50 57.50 61.50 77.00 114.00 94.50 114.00 93.25 78.75 42.25 39.75 39.25 46.50 42.75 87.75 119.75 95.25 96.50 53.50 100.25 68.00 155.75 239.75 243.50 246.75 238.75 235.75 233.00 90.00 94.25 114.25 118.50 100.00 70.00 40.25 32.00 42.00 56.75 53.75 75.25 40.00 19.50 10.25 39.25 40.75 36.25 43.50 60.00 55.25 38.75 68.75 52.50 43.50 29.00 66.50 83.75 67.25 58.25 64.25 64.50 84.75 83.75 82.00 73.25 63.25 69.75 61.50 52.50 74.75 68.75 82.50 81.25 74.75 81.00 77.50 75.75 72.25 70.50 76.25 69.00 68.75 63.50 59.25 51.25 75.50 61.25 42.75 45.75 50.25 63.50 73.25 83.25 89.00 89.25 64.00 36.00 53.25 33.50 28.50 73.00 72.75 85.00 36.75 22.50 24.00 9.25 24.75 30.50 32.75 23.50 50.75 26.50 11.00 12.50 8.00 1.25 1.00 1.00 1.00 1.00 0.00 0.00 0.00 0.00 1.00 1.00 1.00 1.00 4.00 5.00 2.50 5.25 27.25 50.50 38.25 66.25 72.75 78.50 62.50 76.00 66.75 70.75 60.00 69.75 104.50 92.50 74.25 73.75 108.25 118.50 133.50 120.50 71.25 64.25 51.50 51.25
58.25 44.75 105.75 126.00 100.00 88.00 99.50 44.25 88.00 56.50 51.25 57.00 62.00 57.75 70.00 51.75 32.75 68.25 64.25 41.50 61.00 61.50 71.50 55.75 99.75 136.50 134.50 132.25 107.75 148.75 129.75 138.50 138.75 145.75 165.75 78.50 75.25 77.75 83.75 87.75 98.75 110.00 102.75 65.50 107.00 106.00 130.00 79.75 57.75 50.50 35.75 44.50 56.25 45.50 40.25 47.50 55.00 90.75 91.25 234.00 170.75 94.50 84.25 173.75 146.50 88.25 75.50 52.50 42.00 41.25 52.75 32.75 19.25 18.00 23.00 61.00 72.50 45.00 93.75 114.00 221.25 215.75 71.00 50.50 43.25 86.00 55.75 42.25 36.75 47.50 101.75 64.25 35.25 104.00 57.00 56.00 62.00 79.25 89.00 97.75 162.75 137.75 112.00 122.75 132.50 132.00 116.25 92.00 46.50 44.00 45.75 57.75 55.00 79.75 67.00 78.00 90.50 117.75 103.50 107.25 100.25 107.50 122.00 95.25 75.25 74.75 80.00 90.75 95.25 111.50 99.00 78.50 72.75 51.50 43.50 33.50 50.00 37.75 28.50 27.75 27.00 27.75 43.50 47.75 39.00 86.50 111.75 105.75 76.25 63.75 79.75 52.75 69.25 63.00 42.00 30.25 50.25 52.75 44.25 74.50 94.50 89.00 160.75 159.75 184.25 246.00 236.25 244.25 250.25 245.75 252.75 249.75 170.00 116.75 130.75 144.25 123.50 164.00 107.75 52.75 52.00 76.50 50.00 51.75 64.75 65.00 45.25 33.00 26.00 51.75 45.25 48.00 60.75 51.25 68.25 60.50 43.00 44.75 49.75 82.75 78.75 77.25 73.50 72.25 65.75 71.75 66.25 81.25 90.25 54.00 66.25 67.75 70.75 67.75 81.00 72.75 74.00 75.75 69.25 79.25 86.00 62.25 58.75 77.50 68.75 86.75 71.50 81.25 66.00 74.25 42.50 62.25 74.25 64.00 60.25 61.75 77.50 75.00 76.25 46.75 51.00 50.75 42.50 60.75 105.25 84.75 44.75 31.00 11.00 19.25 18.25 20.75 21.75 27.25 38.75 18.50 18.75 14.00 12.50 5.75 0.50 0.00 0.25 1.00 1.00 1.75 2.25 1.50 2.50 0.50 0.00 0.50 2.00 7.00 7.75 3.75 26.50 55.25 37.00 63.75 79.00 62.00 77.25 75.50 58.50 119.25 108.25 111.25 154.50 106.75 67.25 75.00 147.75 144.25 114.50 102.25 123.00 63.50 57.50 46.00
72.25 71.50 52.50 51.00 42.25 36.50 71.25 52.25 47.50 50.25 49.25 50.00 84.75 67.50 59.75 50.25 29.50 44.50 71.00 54.75 52.25 85.75 63.25 73.75 67.75 90.50 42.50 54.25 51.75 69.50 116.25 131.00 129.75 108.75 187.50 67.75 88.75 61.75 79.75 94.75 91.75 98.75 66.00 66.25 110.00 86.50 147.75 125.25 70.50 72.25 49.00 47.50 35.25 34.50 51.75 48.00 50.25 80.25 108.50 150.50 190.25 92.50 75.25 106.25 164.50 107.25 75.50 40.50 43.50 42.25 79.25 25.75 50.75 34.25 37.75 42.50 61.50 39.25 84.25 108.25 192.25 237.50 124.25 61.25 57.75 62.00 59.50 54.25 78.00 102.25 60.75 104.50 74.25 109.25 109.50 74.75 61.75 77.00 97.25 90.00 98.00 119.75 109.75 119.50 118.25 144.75 139.00 133.50 119.00 66.00 58.50 51.50 51.25 82.00 79.25 83.75 91.00 100.00 75.75 107.25 96.00 101.00 136.75 119.75 104.25 123.75 91.25 63.75 67.50 88.50 89.00 72.75 49.75 28.75 18.75 17.75 10.50 23.75 30.25 25.75 22.50 20.25 15.75 28.25 20.25 51.25 78.25 67.25 61.00 53.50 84.50 62.25 85.00 74.50 76.25 43.50 65.50 77.25 97.00 78.75 112.50 94.50 129.25 187.00 244.00 252.75 245.75 252.50 242.25 250.25 241.50 247.00 201.25 130.50 102.75 102.25 116.75 116.75 110.00 40.00 36.75 55.50 48.00 59.50 40.75 82.25 39.50 56.75 58.00 75.25 66.75 62.00 72.00 58.00 52.50 64.25 63.75 62.25 55.50 88.25 93.25 85.00 87.50 79.00 71.50 95.00 80.50 77.50 85.75 73.75 74.75 93.00 139.00 111.50 81.00 70.25 76.25 66.75 52.00 85.75 61.00 81.25 83.75 67.25 55.00 66.25 75.00 79.00 73.00 58.50 27.00 69.50 52.75 73.00 75.25 42.50 41.75 45.50 73.00 50.25 45.50 48.75 44.25 54.75 89.50 108.75 60.25 45.00 18.25 8.75 16.00 21.75 29.00 25.25 46.50 47.50 89.75 81.00 36.00 18.50 8.75 10.50 8.75 4.75 4.75 6.75 7.50 6.75 2.50 0.50 0.00 0.50 1.00 6.00 8.25 7.00 27.75 69.75 56.25 65.00 82.75 77.75 80.25 60.50 58.25 112.25 142.50 118.25 118.25 119.25 85.25 73.00 104.75 109.50 121.00 103.25 111.75 70.25 63.75 56.00
67.00 41.50 34.00 23.00 30.25 36.75 41.00 33.50 39.50 59.00 65.50 92.00 80.50 80.75 70.00 71.50 34.50 50.75 93.75 67.50 48.50 80.75 69.75 45.25 28.25 32.75 28.25 27.75 61.25 95.00 109.50 166.50 157.50 142.75 202.75 101.25 78.50 92.50 96.25 100.75 67.00 66.50 58.00 50.50 62.50 77.50 95.25 56.00 58.00 56.50 53.25 51.00 50.50 32.25 36.00 29.75 57.50 47.75 118.00 131.25 205.50 93.00 76.75 76.25 79.25 131.25 71.75 58.50 55.75 143.50 150.75 65.25 58.50 54.75 53.25 71.75 64.50 65.50 161.00 149.50 148.75 252.75 239.25 79.50 74.00 52.50 67.25 63.75 49.25 82.75 80.50 103.00 106.00 93.25 116.25 97.00 55.75 85.75 121.25 72.25 99.75 94.75 104.50 103.00 108.00 102.00 129.50 119.00 152.25 98.00 102.25 79.75 64.75 69.00 55.75 73.25 88.50 96.25 86.75 123.75 127.75 79.50 88.75 104.00 104.50 120.25 120.00 90.75 82.50 79.50 93.25 53.25 50.00 42.25 35.25 40.50 32.00 25.75 20.00 18.00 23.75 35.00 28.75 25.50 24.75 48.75 61.00 53.50 67.00 78.50 78.75 75.75 94.75 93.00 109.50 56.75 64.25 60.25 92.25 91.00 153.25 113.25 139.00 220.50 252.50 250.50 238.75 244.25 238.25 239.00 246.75 251.00 228.25 154.50 63.75 66.75 161.25 172.75 89.25 77.50 49.25 63.25 57.00 41.75 47.25 62.50 39.00 59.25 70.25 89.50 53.75 42.00 53.75 50.25 64.00 57.50 125.75 71.00 67.50 76.50 92.00 95.25 67.75 70.75 86.25 62.75 80.50 88.25 95.50 80.25 86.00 95.50 92.00 85.00 78.75 81.75 86.50 75.25 73.50 61.50 76.50 70.00 67.50 70.00 80.25 52.50 53.00 68.75 60.75 78.00 63.25 64.75 68.25 74.75 75.75 38.75 29.50 40.50 46.25 51.50 56.00 63.00 58.50 50.00 89.75 91.00 68.00 34.75 40.25 30.75 39.75 89.50 33.75 34.00 44.50 76.75 67.00 53.00 22.00 8.50 3.75 5.25 3.50 0.25 1.00 5.00 9.00 10.75 2.50 0.50 0.00 0.50 0.50 3.25 6.00 6.00 26.00 50.25 44.50 65.50 63.75 68.00 73.50 64.50 87.00 95.25 104.25 112.50 89.75 116.75 80.75 74.00 116.75 76.00 117.00 103.00 86.75 71.75 66.25 64.25
111.00 97.75 28.50 23.50 50.00 22.50 40.25 28.25 32.50 53.25 36.25 52.00 58.50 86.75 77.25 74.25 53.25 29.00 64.75 79.75 39.50 105.00 80.75 109.50 123.25 111.50 133.25 119.25 127.50 91.00 70.75 65.00 159.00 152.50 197.50 116.50 94.75 83.50 86.00 78.00 45.75 70.25 66.75 43.50 30.75 47.00 70.75 60.50 102.00 138.25 157.25 91.75 46.25 49.50 44.75 40.00 64.75 45.50 118.50 109.00 233.00 105.25 78.25 78.00 85.00 107.25 100.25 72.50 107.25 144.00 163.00 75.25 88.00 105.00 132.75 125.75 157.75 147.75 139.75 143.75 134.25 221.50 240.00 81.75 84.25 64.00 75.75 66.00 66.25 76.75 82.00 95.50 113.50 88.00 81.50 77.00 62.50 63.25 109.50 71.25 96.75 94.25 96.25 104.00 132.50 125.25 88.75 123.25 128.75 123.25 153.00 128.50 131.25 56.00 67.75 74.75 109.75 113.00 104.50 101.00 97.25 73.00 72.25 96.00 94.00 107.00 75.75 40.50 36.75 55.50 58.25 39.75 34.75 36.50 20.25 15.75 22.75 18.75 14.75 13.25 23.50 24.50 36.00 33.75 31.25 43.50 54.00 100.75 39.25 55.25 71.00 72.25 87.00 70.75 85.75 56.25 53.50 75.50 101.25 122.50 91.75 102.50 235.00 249.50 246.00 217.50 212.25 231.00 224.25 169.25 216.75 240.50 249.50 158.25 71.00 58.00 151.00 179.00 144.75 63.25 49.00 52.25 58.25 47.50 37.50 89.75 36.50 82.75 50.75 44.75 51.75 44.50 50.00 60.25 58.50 62.75 62.00 36.50 48.25 62.00 71.25 76.75 69.25 74.50 86.00 66.00 75.00 78.50 52.25 88.25 81.50 80.25 60.50 65.75 78.00 61.00 85.50 76.25 66.00 64.25 68.50 78.50 82.00 77.00 73.50 79.75 74.50 70.75 68.75 71.00 78.50 83.25 68.00 78.50 106.75 90.75 85.25 61.75 56.00 55.25 49.75 37.50 44.00 59.50 117.25 107.75 62.00 59.00 47.00 66.50 143.50 87.25 72.00 41.75 62.25 69.75 73.00 45.00 20.75 14.50 5.00 4.50 4.25 5.00 0.00 1.50 2.75 2.50 2.50 0.50 0.00 0.50 0.00 1.25 1.75 2.00 37.00 65.25 50.00 43.50 73.75 90.50 83.00 56.00 98.75 86.50 88.50 83.00 92.25 75.00 85.50 74.75 111.75 110.00 120.25 104.25 54.00 58.50 54.25 56.75
104.25 87.75 49.25 29.00 42.25 31.00 82.25 74.00 48.50 40.50 36.50 55.75 52.25 75.50 85.50 78.00 44.25 40.75 116.25 73.25 60.50 121.50 120.00 70.50 33.50 22.25 24.25 29.00 44.75 29.75 33.75 54.00 92.75 97.75 136.25 171.25 62.00 87.50 79.00 103.75 58.75 60.25 59.00 57.00 55.50 79.00 88.50 68.25 97.75 98.75 106.25 110.00 71.00 66.50 57.50 49.25 76.75 77.25 96.50 112.00 248.25 118.00 109.25 93.00 62.75 57.75 72.75 46.25 88.50 154.50 184.25 169.75 158.00 142.00 164.50 149.50 131.50 105.25 122.00 117.50 79.75 91.00 211.50 93.00 81.75 57.00 71.50 64.00 55.50 57.50 86.50 99.50 120.75 76.00 65.50 59.25 38.25 50.00 51.25 54.00 76.50 88.75 83.25 105.25 119.75 114.50 104.75 144.50 133.25 118.50 130.50 130.75 116.00 68.25 51.75 74.50 86.25 82.25 77.00 65.25 74.00 64.25 51.00 51.50 50.75 51.00 41.75 39.25 49.50 37.50 23.25 7.25 12.50 11.00 1.00 4.00 0.75 3.00 6.25 7.00 6.75 14.25 16.00 10.50 29.25 46.00 46.50 31.50 33.50 56.75 61.25 57.50 63.50 67.50 60.50 65.25 50.25 71.75 85.25 106.50 120.50 150.25 232.00 246.50 213.00 166.00 162.75 180.25 204.00 192.00 169.25 140.00 222.25 152.25 54.00 48.00 92.00 118.75 133.00 81.50 49.00 59.50 63.75 34.00 45.75 106.50 53.25 60.75 42.25 95.50 44.00 36.50 57.50 68.75 54.50 41.75 52.75 59.00 46.00 48.50 76.25 60.50 63.50 102.50 104.50 59.50 64.00 72.50 67.25 59.00 57.75 54.25 38.75 49.75 88.50 49.25 69.50 70.50 66.25 74.75 73.75 73.00 79.00 64.75 54.25 73.50 77.00 71.25 77.25 75.25 71.00 79.75 97.25 108.25 114.00 116.00 101.00 95.50 76.25 55.00 55.25 42.25 51.50 119.25 133.25 126.50 152.00 108.75 58.50 68.50 133.50 104.00 84.50 42.00 68.00 85.50 58.25 48.50 20.50 5.25 7.25 7.25 5.50 3.50 0.25 1.25 2.75 4.00 1.50 1.25 0.75 1.00 3.50 4.75 5.50 4.75 37.25 74.00 50.00 74.25 75.50 77.50 76.00 62.25 88.25 96.00 69.75 92.75 117.75 107.75 82.00 94.75 98.50 140.75 81.75 100.00 84.25 56.00 51.25 44.50
97.25 87.25 59.25 46.25 57.25 59.75 107.25 141.25 108.00 101.00 73.00 115.25 108.25 64.00 80.75 69.50 52.50 44.25 99.50 93.25 67.75 50.00 36.00 25.00 2.00 3.50 2.00 17.00 53.75 37.75 44.00 51.75 112.00 124.25 164.50 222.00 65.00 77.25 89.00 82.50 57.25 99.25 73.00 52.50 41.75 78.50 71.50 62.25 72.50 60.25 61.50 71.75 110.50 85.75 75.25 85.00 89.75 81.50 171.25 117.00 210.75 205.75 68.25 55.75 54.00 64.75 52.25 80.75 171.00 103.75 197.75 131.25 129.50 119.50 123.50 124.00 113.50 123.00 107.25 115.00 107.25 78.25 82.25 69.75 62.25 45.00 56.00 47.25 55.50 48.00 79.75 107.50 104.25 92.00 77.25 77.75 61.50 48.75 57.75 49.50 61.25 87.50 95.75 113.50 96.50 112.50 112.00 87.00 81.50 113.75 109.25 123.75 99.50 80.25 70.75 77.00 89.25 62.00 79.00 95.75 85.50 89.00 65.00 60.25 41.00 35.75 34.25 13.25 25.50 21.75 13.75 9.75 14.25 11.00 2.00 3.25 1.25 4.00 7.50 9.00 11.00 12.75 9.25 4.75 9.25 25.25 30.00 21.25 29.00 32.50 39.25 58.00 36.25 58.25 61.50 73.50 71.00 78.75 87.50 92.00 111.25 152.75 193.25 215.25 173.75 191.50 171.00 144.25 142.00 154.25 152.50 119.75 148.75 196.50 99.25 73.50 77.50 105.00 171.50 81.75 56.00 66.50 89.00 53.25 40.00 139.75 100.25 63.25 44.25 71.75 59.75 55.75 45.25 41.75 38.50 44.75 63.75 61.25 41.00 52.00 77.25 76.25 48.75 52.75 64.75 71.25 70.00 66.25 64.75 58.50 67.50 65.50 28.50 44.00 78.25 63.00 58.50 78.50 67.00 68.25 71.50 61.00 52.50 60.25 70.50 67.75 76.00 66.50 88.25 88.25 96.75 108.50 108.50 139.50 135.25 114.75 124.00 114.75 119.50 101.75 45.00 53.25 47.00 122.75 117.00 123.50 131.00 94.50 50.00 95.50 113.25 97.75 106.75 67.25 61.00 88.25 74.75 56.25 30.00 14.50 9.00 9.50 8.00 6.00 2.25 2.00 2.00 1.75 1.50 1.50 1.75 2.00 1.75 3.25 4.25 4.50 28.25 59.50 67.50 75.25 54.50 79.00 83.75 79.50 72.00 46.50 89.50 103.50 87.25 97.75 68.50 93.75 121.50 83.25 77.00 78.25 73.75 59.75 44.75 42.25
136.50 110.00 97.50 74.25 52.75 44.00 98.75 99.75 124.75 101.00 91.75 110.50 97.25 71.25 66.00 87.75 63.25 39.75 116.25 85.50 74.50 35.50 36.50 36.00 18.50 23.00 21.25 33.50 36.75 32.00 40.00 63.00 106.00 134.25 112.75 191.75 93.25 86.00 90.75 60.50 61.50 68.25 68.50 55.25 57.75 78.50 88.50 85.50 68.50 62.00 91.25 85.50 74.00 77.00 73.25 65.00 61.50 64.25 87.75 116.50 161.25 248.25 153.00 71.75 63.00 40.00 50.50 56.00 94.75 67.25 119.75 105.00 131.75 101.25 117.00 118.75 79.25 86.50 82.50 24.75 19.50 43.00 40.00 104.50 79.50 59.50 59.00 54.00 45.00 32.25 71.75 64.75 76.25 100.50 95.25 89.25 87.00 54.00 75.25 88.75 108.25 94.00 121.00 91.50 101.25 68.00 79.50 87.25 81.00 97.75 108.00 87.25 83.50 55.75 86.50 107.50 100.75 80.25 83.75 79.00 103.25 103.50 116.50 101.50 93.00 87.00 49.75 27.50 27.25 34.75 20.50 13.75 16.75 11.00 3.75 2.25 3.25 5.50 9.00 9.50 7.00 7.75 7.75 7.50 11.75 7.50 7.75 12.50 10.50 23.50 29.00 35.75 38.75 67.50 54.00 101.75 124.00 99.50 95.25 132.00 122.25 115.25 135.50 161.00 144.50 145.75 110.75 97.75 114.50 115.25 117.00 78.25 117.75 147.50 106.50 71.75 102.50 82.75 147.50 68.50 56.25 49.75 74.75 57.75 45.75 109.25 64.25 87.75 44.25 37.00 53.50 44.00 35.75 37.00 40.75 37.00 41.50 83.50 26.25 54.75 48.75 60.75 60.25 72.50 68.00 57.50 67.75 63.75 74.75 76.75 74.25 80.25 31.25 51.75 65.75 64.50 81.75 71.75 55.50 64.25 39.25 52.25 46.50 85.25 78.00 69.00 74.50 65.75 101.75 137.50 142.50 147.75 120.25 126.50 106.50 104.50 95.50 104.75 109.50 73.50 60.75 48.00 77.75 103.75 137.50 119.25 114.25 102.25 88.25 88.00 105.50 102.25 86.25 80.25 78.50 61.00 52.25 25.50 29.50 1.75 0.25 0.75 0.75 0.00 2.25 2.00 2.00 1.75 3.50 7.25 12.25 16.00 19.25 24.50 30.50 33.50 49.00 63.00 67.75 87.25 87.25 85.75 81.00 71.75 82.75 87.25 80.75 96.00 105.00 109.25 92.00 139.50 126.75 99.25 89.75 78.00 63.25 68.25 70.25 72.75
162.75 143.50 152.50 83.25 50.75 52.75 79.50 93.00 111.00 98.50 89.00 86.50 80.25 92.75 70.00 84.50 68.75 38.75 64.50 95.75 101.00 43.00 38.25 27.00 7.00 3.00 5.75 2.75 3.75 6.25 2.25 45.75 45.50 50.25 84.00 133.00 111.75 137.50 77.25 89.25 78.75 82.00 81.25 59.00 55.25 107.25 107.75 106.75 93.00 94.50 80.25 73.75 73.50 38.00 26.00 44.75 57.50 47.75 78.25 88.00 52.50 136.75 210.25 73.50 68.25 60.25 43.25 102.50 128.25 94.25 90.50 67.75 43.50 48.50 53.50 52.00 31.75 41.50 37.75 44.25 32.25 37.00 42.00 99.25 71.50 50.25 52.50 65.00 58.00 51.50 49.25 46.00 86.25 94.00 102.00 107.75 72.25 65.00 96.75 121.50 117.00 98.50 132.75 107.75 78.75 60.50 64.50 57.25 59.75 74.00 84.50 83.50 72.00 80.50 80.75 92.00 113.00 100.50 112.50 85.00 115.50 115.00 117.25 111.00 126.75 106.75 84.25 61.75 54.00 68.25 40.00 17.00 18.50 10.50 5.00 1.75 5.25 7.25 10.00 11.50 14.75 9.50 5.25 4.00 2.25 10.25 17.50 18.50 20.00 35.75 36.25 33.75 39.75 59.50 67.00 94.75 93.00 56.00 78.00 72.00 80.00 105.25 122.75 149.25 134.50 115.50 87.00 81.25 88.75 94.75 90.75 88.00 97.75 226.75 157.50 79.75 73.75 105.25 109.75 97.25 51.00 56.50 69.00 58.00 42.75 93.50 83.00 99.75 98.00 123.00 78.00 49.25 44.50 39.50 47.50 44.50 63.25 119.25 47.50 52.25 63.00 69.00 77.50 62.50 63.00 85.25 83.50 75.00 69.75 81.25 52.25 68.25 45.50 69.25 59.00 52.75 62.50 64.25 78.25 72.25 76.00 62.25 76.75 66.00 66.00 75.00 75.25 75.50 144.25 137.75 142.00 106.50 117.75 107.75 84.75 106.50 110.75 120.25 105.75 76.50 49.50 60.75 50.75 116.00 109.00 93.50 118.75 124.00 115.50 116.75 135.50 111.75 77.00 88.50 75.25 82.25 35.75 36.00 24.00 3.25 1.50 2.75 3.00 2.00 0.25 1.25 2.75 4.00 6.50 5.00 3.00 2.50 6.75 7.00 6.00 3.75 41.00 79.00 61.00 93.25 89.75 61.75 80.75 86.25 72.25 70.50 55.50 61.50 54.00 67.50 80.00 123.75 116.50 82.00 46.25 36.50 30.25 37.25 59.25 54.50
145.50 142.75 133.25 106.50 91.00 63.50 126.25 125.00 110.25 102.50 110.50 73.50 124.75 113.25 99.00 96.25 86.25 37.00 51.25 119.25 117.00 57.25 22.00 30.50 10.00 19.00 17.50 7.00 8.50 4.75 3.50 39.00 54.75 26.75 83.00 117.50 139.00 82.75 84.00 73.50 85.75 70.50 61.50 53.50 86.50 107.50 98.75 109.00 119.00 92.75 86.75 65.75 28.50 24.50 17.75 28.25 49.00 44.00 63.50 82.50 84.25 97.25 88.75 47.75 34.50 32.75 35.00 53.50 85.00 49.50 62.00 38.50 11.50 12.75 26.75 8.00 3.00 0.25 5.75 17.75 11.25 16.00 21.50 56.25 91.50 64.75 42.75 51.50 51.50 55.50 41.75 38.25 48.00 65.25 66.50 91.00 59.50 54.00 62.75 97.00 75.75 98.00 109.75 77.50 60.00 49.75 61.50 58.50 55.75 55.50 64.50 63.50 86.25 114.25 114.75 107.75 95.25 111.25 99.00 84.50 113.50 102.75 99.75 106.50 107.25 121.75 84.25 64.75 63.75 59.00 46.25 29.00 19.25 12.25 6.00 2.75 3.25 3.25 9.75 2.25 7.50 14.50 11.75 8.50 15.25 19.75 13.25 32.00 28.50 17.25 33.00 23.75 35.50 52.50 34.75 42.25 58.00 42.00 57.75 81.00 82.50 90.00 120.75 104.50 107.00 108.50 81.00 83.00 89.50 91.75 84.75 55.75 85.25 139.25 87.50 48.00 57.25 93.00 137.50 96.00 75.50 54.00 52.00 51.00 30.50 77.25 109.00 68.50 95.50 96.25 132.00 75.50 57.50 86.25 59.00 48.75 61.25 72.00 42.75 59.00 48.75 57.75 58.25 55.75 88.75 58.75 84.75 68.25 67.25 66.75 54.75 56.50 44.75 70.50 73.00 69.25 63.00 60.75 81.75 82.00 81.25 70.00 74.00 72.00 64.25 71.00 64.50 73.25 108.25 113.50 122.25 121.00 90.25 88.25 77.00 91.25 96.50 98.50 113.25 77.50 49.25 55.25 52.50 62.25 66.75 77.75 79.75 70.75 94.75 100.50 111.75 82.75 80.25 62.25 52.00 30.75 13.25 5.25 2.75 0.75 1.00 1.00 1.00 1.00 1.00 1.00 1.00 1.00 1.00 1.00 1.00 1.00 2.75 8.75 7.25 11.00 43.25 76.75 43.25 66.00 83.25 67.75 69.25 63.00 71.50 52.50 52.75 40.75 36.25 77.25 74.25 99.25 77.25 49.50 41.75 49.50 48.75 69.50 73.00 65.00
138.00 130.50 136.25 142.50 127.00 92.00 117.25 137.25 119.75 88.00 120.50 74.00 100.75 105.50 78.50 65.00 86.25 52.00 23.75 34.75 4.25 7.00 7.00 3.50 2.50 0.75 2.25 7.25 4.25 3.75 6.50 14.25 23.75 17.00 22.75 67.00 85.75 35.75 54.50 62.00 65.00 47.75 51.50 44.00 55.50 69.00 88.75 110.75 127.00 97.00 84.25 80.75 41.25 23.75 24.00 24.75 7.00 1.75 6.00 7.75 10.50 2.00 4.75 2.00 8.75 8.25 9.00 23.25 64.75 23.00 42.25 46.00 61.25 39.75 36.50 27.00 5.50 2.25 5.00 12.25 3.25 9.50 15.75 38.75 62.75 37.50 88.25 66.75 51.00 59.75 57.50 53.00 32.00 24.75 40.25 39.75 44.00 39.50 58.25 72.00 76.00 102.25 81.25 55.25 60.50 70.25 64.75 52.25 43.50 58.00 43.75 75.25 83.50 123.50 136.75 123.75 125.75 132.00 109.25 87.25 103.25 95.50 106.00 97.00 87.00 72.00 87.00 90.00 75.00 59.75 69.50 36.25 40.00 32.00 42.25 25.50 23.25 20.00 19.00 12.25 16.50 31.50 14.75 21.25 19.25 25.25 6.75 10.75 21.00 29.75 35.00 47.75 46.00 72.50 54.50 52.00 57.00 74.50 60.50 111.00 142.75 94.50 115.00 92.25 81.75 72.75 71.75 66.50 61.75 44.75 64.00 79.00 63.75 97.00 58.50 94.00 104.25 95.00 144.75 111.75 69.00 55.25 52.50 53.25 63.75 104.50 207.25 99.50 69.50 66.25 197.25 113.00 84.75 83.00 86.00 60.00 44.00 76.75 45.00 49.00 64.25 67.50 73.50 62.00 61.75 67.00 70.75 77.75 75.25 65.75 79.00 78.00 59.75 71.50 73.25 58.75 70.50 80.25 83.00 56.50 56.25 51.75 55.50 57.50 63.00 62.00 65.00 74.50 101.75 75.25 71.50 83.25 92.75 92.25 75.00 69.50 101.25 78.50 90.00 49.50 39.00 43.25 39.25 38.25 49.25 38.25 53.25 97.50 104.00 81.75 69.00 88.00 83.00 45.00 46.75 4.75 2.75 0.75 3.00 2.25 1.00 1.00 1.00 1.00 1.00 1.00 1.00 1.00 1.00 1.00 1.00 1.00 2.75 7.25 3.00 5.25 32.00 59.25 40.25 55.25 76.00 68.50 81.00 81.50 57.50 65.50 76.00 61.25 57.25 51.75 65.00 56.75 85.50 46.00 28.00 34.25 41.50 43.25 41.25 32.50
56.75 117.25 104.50 119.50 147.75 134.75 159.50 186.50 167.00 107.75 108.00 90.75 74.75 81.50 68.75 57.00 77.75 43.50 31.25 25.50 1.50 2.25 4.00 5.25 1.75 0.75 0.00 0.75 3.25 3.00 3.00 3.50 12.00 11.00 13.00 43.75 45.00 24.00 57.00 61.50 68.00 47.25 54.00 51.00 60.25 59.75 64.50 78.50 72.25 80.75 68.75 59.75 43.75 34.50 36.50 31.75 12.50 9.50 13.00 9.50 4.50 3.50 2.25 0.75 1.50 1.75 1.25 9.25 20.25 3.00 14.00 3.50 3.75 3.00 5.50 4.00 2.50 1.00 1.00 3.00 1.75 1.25 7.25 22.25 29.00 59.25 39.50 66.50 61.25 44.50 42.50 48.25 49.75 35.25 13.00 15.50 23.75 34.75 49.75 43.25 27.50 35.50 29.25 25.50 34.75 43.25 51.50 59.50 58.50 58.50 52.00 76.00 90.50 106.25 106.25 82.50 103.25 131.75 89.75 68.00 81.50 93.75 91.00 76.00 61.25 69.25 87.50 106.00 79.75 58.25 37.50 33.50 65.25 52.50 46.00 33.00 22.50 18.75 10.25 9.75 16.75 20.50 26.00 28.75 28.00 42.00 34.00 46.50 49.25 62.25 35.75 30.75 36.25 58.50 59.25 87.50 111.00 98.75 60.75 55.75 130.00 149.50 93.50 77.25 72.75 65.75 81.25 64.75 69.25 79.25 52.00 56.75 70.75 118.00 75.00 39.50 57.00 47.75 61.25 119.50 72.75 49.25 45.00 71.50 35.25 58.00 96.25 64.25 61.75 62.50 126.00 70.00 50.50 47.25 62.50 55.25 60.75 73.75 48.75 48.25 74.25 84.00 101.25 67.25 65.00 85.00 59.25 59.00 52.00 71.25 75.75 67.75 75.75 74.75 67.25 69.00 63.25 69.75 75.25 72.75 73.50 64.75 57.75 64.50 84.50 60.00 83.50 62.50 58.25 70.25 63.75 70.00 76.75 104.25 90.00 76.50 96.75 78.50 78.25 69.25 46.50 44.50 48.75 48.00 47.50 51.00 88.00 114.75 122.25 85.25 55.25 64.50 47.25 50.50 37.75 2.75 0.50 1.75 4.25 1.00 1.00 1.00 1.00 1.00 1.00 1.00 1.00 1.00 1.00 1.00 1.00 1.00 8.50 12.50 7.50 9.00 43.75 64.25 31.00 82.50 82.25 90.25 89.00 54.25 65.00 62.25 61.25 58.75 41.00 48.50 56.75 62.25 72.75 40.75 67.50 31.75 51.25 50.75 61.25 56.75
111.75 109.00 97.00 113.50 135.50 159.75 84.75 140.25 129.75 130.00 89.25 90.75 60.50 53.50 73.50 75.50 78.75 81.25 18.50 33.00 3.00 0.50 1.00 3.50 3.75 3.00 2.75 3.25 3.00 5.25 1.75 26.25 18.00 34.25 32.75 68.75 118.25 65.75 53.75 93.50 94.75 127.00 59.75 57.25 52.75 59.00 43.50 55.75 44.75 58.75 53.50 72.00 62.50 74.75 66.75 60.50 77.25 57.75 43.50 32.00 12.75 9.75 7.75 11.75 1.50 3.00 0.25 4.75 7.50 4.25 17.50 2.50 2.75 0.75 1.00 2.50 1.00 1.75 1.75 1.50 6.00 3.00 24.25 50.50 82.00 72.00 56.50 65.25 55.75 39.25 41.75 42.00 35.50 42.50 31.00 26.50 29.50 41.00 55.75 82.75 116.25 59.75 57.50 45.75 40.75 38.50 53.75 48.75 64.00 75.25 69.00 95.75 111.75 102.00 100.50 88.75 101.50 104.25 95.75 77.50 71.75 109.25 74.25 66.50 53.75 54.00 70.25 79.25 81.75 71.25 54.75 56.50 35.75 74.25 61.25 61.50 35.00 33.25 22.75 29.25 34.00 45.50 45.50 63.50 55.25 61.75 52.25 70.00 53.25 55.75 43.25 57.25 48.50 62.00 55.50 82.75 117.00 75.75 49.50 58.00 71.50 136.75 89.00 58.50 63.50 71.00 82.50 57.75 63.00 64.50 39.50 44.25 69.50 105.50 45.75 34.75 50.75 55.75 36.75 59.00 69.75 48.00 34.75 57.50 52.50 60.75 57.00 79.25 76.25 70.75 49.50 92.75 92.00 88.50 51.50 59.50 66.50 100.25 42.00 55.00 83.50 73.75 97.00 67.50 87.75 82.75 67.00 85.00 68.25 70.00 87.50 68.25 55.75 81.25 62.25 66.50 82.00 78.50 72.75 75.75 61.25 73.00 65.25 62.75 70.25 63.50 66.25 44.50 39.50 47.25 50.00 69.25 75.25 92.25 63.75 73.25 54.25 45.50 42.25 61.75 57.75 35.25 31.50 28.50 49.00 47.25 52.50 121.00 112.00 82.00 96.00 106.00 97.75 70.25 45.75 30.50 18.50 18.75 15.75 5.75 1.00 1.00 1.00 1.00 1.00 1.00 1.00 1.00 1.00 1.00 1.00 1.00 1.75 5.50 2.00 4.00 32.50 46.25 28.00 71.75 77.25 61.50 64.00 59.00 56.00 53.00 41.50 36.00 22.25 39.25 45.25 46.00 54.00 54.75 115.50 94.50 60.00 53.75 59.00 40.50
115.50 123.00 107.50 91.00 87.50 94.00 66.00 133.25 125.00 71.25 71.25 68.25 43.25 49.25 54.50 66.00 62.75 53.25 21.25 23.25 12.00 2.00 6.75 2.25 5.00 4.50 10.25 8.25 17.75 15.50 14.50 28.50 38.50 71.75 102.00 60.50 61.00 49.75 80.25 74.75 86.50 99.25 69.75 43.50 39.00 49.25 41.50 67.75 89.75 88.50 52.75 59.00 56.25 76.50 73.25 73.00 80.25 47.50 25.75 37.00 2.00 3.25 3.25 2.00 0.50 0.00 0.50 2.50 6.50 1.00 1.75 2.00 1.50 2.00 1.50 3.25 4.00 2.25 5.75 4.75 5.00 1.25 20.00 36.25 57.75 90.25 64.50 104.25 108.00 104.00 95.75 51.00 58.25 72.00 93.50 81.50 95.00 122.50 70.50 98.00 116.75 131.00 99.75 58.25 71.00 49.75 40.75 47.25 58.25 46.50 53.50 83.75 70.50 61.50 82.75 86.75 72.25 67.75 80.25 55.00 50.00 60.25 54.00 66.00 57.50 50.50 43.50 41.75 43.50 30.25 50.00 53.50 45.75 58.00 52.50 116.00 45.00 51.00 65.25 54.50 74.25 51.00 41.75 44.25 51.50 56.00 45.00 58.25 61.25 28.00 42.75 47.75 39.00 35.50 54.25 55.00 32.75 34.25 40.00 44.50 60.25 92.00 103.75 49.00 46.50 86.75 101.00 66.50 75.50 69.50 34.25 39.00 129.25 96.75 65.50 36.50 45.25 48.00 55.25 63.50 55.50 61.25 37.25 41.75 65.25 55.50 88.25 106.75 77.75 62.00 55.00 79.00 86.75 49.25 78.00 58.75 81.75 83.25 38.00 56.00 36.25 22.25 21.25 30.25 45.50 51.00 43.25 65.75 75.25 81.50 89.50 61.75 66.50 76.75 76.00 79.00 79.00 76.75 71.75 74.25 87.25 88.75 54.25 71.25 66.25 62.75 67.25 47.25 38.00 39.25 52.75 60.75 67.25 73.75 56.00 44.50 54.50 44.50 46.25 28.75 51.25 40.75 30.75 27.00 24.00 46.50 67.75 94.50 92.25 121.25 129.50 99.25 114.50 119.00 45.75 38.50 28.75 27.50 20.75 8.00 1.00 1.00 1.00 1.00 1.00 1.00 1.00 1.00 1.00 1.00 1.00 1.00 7.50 12.25 9.75 14.00 49.25 56.25 65.75 73.00 69.75 85.50 53.25 62.00 56.00 44.25 55.75 42.00 39.50 76.25 75.25 38.75 42.50 67.00 88.00 95.75 59.75 50.25 92.25 50.50
110.00 106.50 107.25 111.75 149.00 143.50 82.75 74.50 162.75 75.50 62.00 72.00 43.00 44.75 52.50 49.25 56.75 43.50 44.00 21.75 32.75 47.75 41.25 61.75 36.00 30.00 27.25 36.50 56.25 82.50 79.00 81.50 131.25 47.75 55.00 84.00 123.00 103.50 68.25 92.25 83.00 59.75 63.50 42.00 18.25 20.25 41.75 35.50 46.00 40.25 68.75 76.50 76.50 83.00 67.75 63.75 54.75 57.50 28.50 38.75 2.75 4.00 4.00 2.75 0.50 0.00 0.50 2.50 4.75 10.25 13.75 16.75 17.00 9.50 5.75 8.25 8.25 5.00 6.75 8.00 3.75 3.00 10.50 38.50 61.75 58.50 86.50 85.50 110.50 115.50 113.50 68.50 58.50 84.25 102.50 120.25 119.75 113.25 83.25 95.75 106.00 88.25 76.00 59.25 34.00 32.75 49.50 37.50 31.25 24.50 52.00 48.25 36.25 62.75 58.50 53.25 45.00 32.25 63.75 51.25 52.25 76.25 86.75 95.00 78.00 57.25 33.00 19.00 29.50 45.00 44.25 36.75 45.25 60.75 54.00 98.50 86.25 36.00 39.00 42.25 38.00 32.25 30.25 25.25 32.75 54.00 56.75 60.00 62.25 54.25 41.25 39.25 42.75 29.25 42.00 32.00 43.25 40.00 46.75 34.50 33.50 60.00 121.50 55.50 54.00 98.50 73.25 46.75 53.50 57.25 62.75 70.50 98.00 123.50 50.25 32.75 48.25 28.25 21.75 32.25 41.00 70.25 54.25 34.25 68.00 31.00 70.50 81.00 105.25 70.25 47.00 56.75 109.25 45.25 61.00 61.25 52.75 45.00 40.25 44.25 89.00 52.50 34.50 32.75 9.25 5.25 7.75 30.75 29.75 41.25 47.50 84.00 76.25 57.75 65.50 88.00 81.00 79.75 95.75 83.00 93.75 87.75 57.00 76.50 69.25 70.75 59.00 45.00 39.50 21.50 57.75 60.25 47.75 41.75 51.75 32.75 26.75 36.00 37.75 48.75 47.75 37.75 38.25 48.75 29.75 30.50 78.00 78.75 93.00 100.50 117.75 121.75 99.50 77.50 53.25 33.75 15.75 22.50 21.50 7.50 1.00 1.00 1.00 1.00 1.00 1.00 1.00 1.00 1.00 1.00 1.00 1.00 7.25 12.75 11.25 16.50 55.50 45.00 57.25 91.25 82.00 79.25 52.25 52.00 50.75 54.00 78.00 54.75 84.00 119.25 93.75 59.25 51.50 56.00 50.50 35.75 49.50 44.50 48.00 50.50
74.25 100.75 110.25 131.25 173.25 93.25 95.25 97.00 83.75 98.75 73.00 61.75 48.50 54.75 77.75 107.50 165.50 157.50 143.50 107.50 85.25 76.00 67.25 60.00 78.00 163.75 100.75 125.25 152.50 131.75 171.50 159.75 222.75 80.50 77.00 75.75 58.50 141.00 77.75 73.75 71.75 54.25 77.50 61.50 37.50 37.25 51.75 72.25 99.75 97.75 94.25 69.75 50.00 86.25 78.00 54.50 53.75 61.50 18.00 19.00 0.25 1.25 1.25 0.25 0.50 0.00 0.50 2.50 11.75 15.25 11.00 22.50 25.25 27.75 28.00 24.75 12.75 28.75 64.75 20.75 21.50 30.50 33.50 45.00 72.00 113.25 88.75 74.50 76.75 67.75 81.25 72.00 54.50 100.00 104.25 98.25 117.50 103.00 100.50 94.25 62.50 68.00 60.75 28.00 38.00 40.00 32.50 31.50 23.50 25.00 24.00 36.75 44.50 25.25 40.25 54.00 46.75 39.50 58.00 86.75 100.50 96.25 96.25 118.75 87.25 70.25 69.25 86.50 111.75 97.25 58.00 42.75 46.25 119.00 58.25 54.25 36.75 48.50 23.75 28.75 31.50 25.00 28.00 31.00 22.50 34.75 36.75 30.75 57.50 62.00 59.75 44.50 45.25 70.25 64.25 72.00 67.50 35.75 26.75 36.50 33.25 38.00 103.25 43.50 40.00 54.00 55.00 46.75 44.50 42.25 62.25 79.50 84.25 174.75 76.50 48.75 43.75 36.25 26.50 20.50 54.50 74.25 67.50 53.75 70.00 39.50 75.00 56.25 52.75 31.75 21.00 19.00 36.75 46.25 59.25 46.00 67.00 53.25 38.00 67.00 84.75 104.25 92.00 75.25 75.50 61.25 52.50 37.50 38.00 42.75 34.50 54.25 86.75 40.00 33.25 37.50 64.25 62.25 80.75 89.75 94.75 66.50 81.00 72.50 71.50 90.00 70.75 31.00 41.25 15.00 28.00 22.75 37.00 44.50 30.75 32.25 45.50 27.50 26.25 24.75 46.00 32.00 27.25 34.25 26.75 31.75 43.50 62.00 82.25 81.00 99.75 115.50 94.50 94.50 38.75 41.25 18.75 20.50 16.50 3.50 1.00 1.00 1.00 1.00 1.00 1.00 1.00 1.00 1.00 1.00 1.00 1.00 2.00 7.50 8.00 14.25 54.25 37.50 82.50 80.75 77.00 59.25 53.50 52.00 53.50 50.25 62.25 62.00 83.50 94.25 92.75 67.00 97.00 127.00 75.50 57.50 59.25 52.25 47.75 39.75
92.75 105.75 117.50 74.50 71.75 55.25 102.00 130.50 164.25 122.75 69.00 75.00 72.50 82.25 69.75 92.00 110.00 124.50 72.50 61.50 60.25 55.75 52.75 50.75 112.50 219.00 178.75 158.00 158.50 185.50 180.75 200.00 188.25 97.50 122.50 94.50 49.25 144.00 72.25 90.75 65.75 81.50 83.75 60.75 48.75 48.75 74.75 98.50 95.00 91.75 107.00 87.25 82.75 119.50 99.25 58.25 53.25 52.50 25.50 35.50 1.00 2.00 2.00 1.00 0.50 0.00 0.50 2.50 5.75 5.25 3.50 32.25 38.25 30.00 39.25 60.00 55.50 125.75 156.00 62.75 54.75 40.75 48.75 56.50 109.00 110.25 93.75 88.50 79.75 62.75 76.50 76.75 49.75 60.25 61.50 64.75 85.00 97.75 116.75 102.25 64.75 50.25 31.25 35.25 16.50 20.00 31.00 20.25 11.50 15.00 4.25 11.25 12.75 8.50 5.25 39.25 30.00 46.00 90.75 110.00 125.00 107.75 91.25 116.50 111.50 75.50 125.75 98.25 109.50 96.75 82.25 77.00 77.75 78.00 62.50 45.50 28.50 28.75 17.00 25.00 22.75 29.25 32.75 22.50 33.50 26.50 27.75 29.75 24.25 50.25 37.50 41.25 48.00 81.25 75.00 62.25 72.50 67.00 34.50 31.00 26.50 38.50 63.00 54.75 45.75 56.50 55.75 48.75 40.00 51.75 50.50 47.00 104.75 203.00 74.50 57.00 42.50 36.25 26.00 18.00 33.25 44.75 38.00 22.25 67.25 49.25 81.25 67.75 102.75 131.25 125.00 68.50 67.25 81.00 56.25 65.75 60.50 76.00 70.50 70.50 69.50 97.25 65.25 69.00 87.25 73.00 87.75 84.00 85.50 93.25 63.00 119.25 81.00 40.00 45.00 30.00 16.75 33.25 20.00 32.25 35.75 73.00 117.25 75.50 69.50 85.50 88.00 46.50 39.00 41.50 28.75 38.50 42.00 44.50 20.00 21.75 29.50 26.00 17.50 39.75 52.00 43.00 34.75 32.75 32.50 14.00 21.00 39.75 67.50 67.75 70.25 61.00 74.50 56.75 43.25 16.00 5.75 2.00 3.75 3.25 1.00 1.00 1.00 1.00 1.00 1.00 1.00 1.00 1.00 1.00 1.00 1.00 13.50 21.00 22.50 30.00 56.75 48.25 65.25 88.75 87.25 56.25 62.25 56.75 45.50 56.00 49.75 65.75 57.50 56.25 73.50 122.00 125.25 119.50 86.25 56.50 71.00 70.50 58.25 68.25
63.50 80.50 111.00 107.00 97.75 97.50 157.50 144.75 153.25 129.00 94.25 143.00 120.00 83.75 82.50 76.50 72.00 76.25 50.00 36.50 48.50 48.25 50.25 48.50 163.25 188.50 163.25 183.50 130.75 155.75 133.75 106.75 178.25 76.00 91.00 119.00 67.00 140.00 94.50 90.75 123.75 65.50 72.50 72.75 53.75 43.75 46.25 74.75 80.50 85.25 75.50 69.25 99.50 104.25 58.50 45.00 62.50 81.50 27.50 32.00 41.50 23.00 33.00 73.25 37.25 23.00 27.50 31.00 39.00 42.50 60.25 104.00 78.75 92.50 67.50 54.75 56.50 75.00 49.75 82.00 49.25 46.25 71.00 77.00 96.50 70.75 93.75 112.75 100.50 56.50 79.00 125.50 66.25 61.50 47.00 83.50 93.00 83.50 58.75 54.75 45.75 24.75 14.25 14.00 35.75 37.25 42.00 47.25 76.25 34.25 21.50 9.25 14.75 21.75 23.00 34.25 40.50 58.50 75.00 103.50 112.50 101.50 95.50 119.75 108.75 112.00 101.75 112.25 119.00 144.50 109.75 103.75 87.75 71.75 72.50 58.00 59.25 46.25 33.00 15.75 27.50 24.00 22.50 19.25 31.75 31.00 24.25 28.00 44.50 43.75 39.75 42.50 82.25 82.75 84.25 72.75 74.00 59.50 38.00 40.25 45.50 41.25 68.50 153.75 49.75 61.75 63.25 38.00 34.25 44.00 51.00 55.75 92.25 187.50 91.75 48.25 53.00 50.25 32.75 47.00 34.00 41.75 28.75 42.75 55.00 63.00 48.00 94.75 152.75 160.25 174.25 161.50 119.00 83.25 78.00 110.75 86.75 79.50 79.50 66.75 79.25 84.25 55.50 66.00 68.25 62.75 75.25 86.25 80.00 71.50 66.00 74.25 98.50 85.25 100.25 60.25 54.25 59.25 36.25 25.75 45.25 39.75 53.25 37.50 20.50 28.50 41.00 29.00 34.75 24.25 16.00 45.25 57.00 37.00 35.75 22.25 32.00 41.50 39.00 52.25 65.25 37.25 44.75 38.25 36.50 26.75 29.00 36.25 50.75 51.75 56.50 42.50 43.25 51.75 55.25 46.25 46.75 30.50 38.25 16.50 10.50 12.00 16.25 3.25 1.25 1.00 1.50 4.50 1.25 3.00 1.25 2.25 15.75 12.75 22.50 20.75 64.25 68.50 61.25 77.00 87.50 83.00 63.50 56.75 42.50 50.00 36.50 54.50 61.50 63.75 64.00 98.75 101.75 103.00 75.50 44.50 71.25 84.75 48.00 81.00
50.75 72.00 121.25 165.00 156.75 144.50 128.50 110.50 138.75 119.50 97.25 100.00 116.50 90.75 143.25 122.50 50.00 49.00 38.75 42.25 45.75 57.50 48.75 54.00 155.25 146.50 96.25 140.25 69.50 85.75 98.75 91.75 108.50 70.50 107.75 118.00 59.75 102.00 90.25 63.00 183.00 97.50 86.50 98.25 79.75 43.50 44.25 28.00 39.50 51.50 65.75 86.25 85.25 47.50 57.00 82.50 85.75 109.00 33.75 40.00 46.25 70.75 46.75 68.00 100.00 46.25 30.25 32.25 29.75 36.00 82.75 130.75 121.75 120.25 98.00 58.75 51.75 47.75 42.50 67.50 62.00 66.75 72.00 100.25 108.25 101.50 102.50 118.75 119.50 85.50 59.75 61.50 57.00 70.50 50.75 50.00 56.75 67.75 33.50 31.75 17.75 35.25 42.75 77.75 56.00 56.75 100.50 116.00 108.25 100.75 84.75 54.25 97.75 91.25 92.25 83.50 52.75 92.75 98.00 110.25 103.50 119.50 67.50 96.75 91.25 76.50 114.50 81.75 93.00 110.00 115.75 106.00 90.25 71.75 84.25 44.75 53.75 44.75 41.50 33.25 36.25 41.25 27.75 32.75 28.00 33.50 36.00 46.25 28.25 45.75 40.25 56.50 77.50 66.50 70.00 71.25 74.25 49.50 25.75 33.75 28.75 30.25 33.50 100.50 32.00 36.75 27.75 18.50 24.25 22.75 45.25 36.00 109.25 86.50 60.50 43.25 30.50 31.25 8.50 20.50 26.50 51.00 47.75 23.00 35.25 46.75 41.25 94.50 120.75 118.00 117.00 139.50 126.50 97.75 79.00 72.75 103.25 87.50 62.25 80.75 75.25 81.25 99.50 72.50 82.00 71.50 71.25 67.75 44.00 64.25 72.50 83.75 71.25 82.00 82.00 54.75 73.75 85.75 80.50 99.00 72.50 106.75 122.50 47.25 42.25 32.00 19.50 26.50 38.25 8.00 18.00 16.75 19.75 21.50 24.50 19.75 43.75 35.50 69.75 71.50 77.50 59.00 47.50 50.25 39.25 21.75 18.50 14.75 11.25 9.50 14.25 15.75 21.75 20.25 32.50 34.00 32.75 49.50 57.75 50.00 49.50 33.50 24.25 27.75 16.75 21.00 18.25 8.75 7.25 0.00 2.25 4.00 15.25 23.50 29.75 47.75 64.50 50.75 64.75 78.25 64.00 42.75 43.00 34.75 51.00 57.50 45.75 55.50 53.50 31.25 43.75 75.75 61.75 73.75 62.25 77.00 149.75 112.75 76.50 66.50
71.75 77.75 114.25 139.25 84.50 62.25 49.00 78.50 50.25 60.00 68.25 103.50 108.50 117.75 131.50 154.25 55.00 47.00 43.00 44.50 45.00 57.50 45.25 44.50 70.00 95.75 76.75 96.75 63.50 71.75 67.50 77.50 66.50 51.50 114.00 114.25 73.25 100.75 135.25 91.00 169.25 137.50 142.75 95.25 80.00 61.25 46.50 40.50 57.75 51.75 45.50 54.25 43.00 37.00 46.25 73.00 77.25 47.75 49.00 67.25 94.00 86.25 89.25 80.50 74.50 65.50 34.00 52.00 36.25 39.75 54.25 107.50 105.75 79.75 75.25 69.50 80.00 87.25 70.75 85.25 84.25 76.50 81.00 54.50 92.25 77.25 86.50 89.00 64.75 46.00 52.75 86.75 92.50 84.75 57.00 50.50 44.50 53.50 47.25 37.00 26.75 41.50 63.00 88.00 79.50 82.25 119.50 108.25 146.00 86.25 126.50 90.25 117.00 136.00 122.00 65.25 68.75 79.75 75.25 87.25 95.00 81.25 87.25 74.25 82.00 87.50 97.75 93.75 99.00 98.25 82.50 62.25 47.00 69.00 123.50 37.75 52.00 38.75 33.25 27.50 30.75 36.25 22.75 27.50 29.00 29.50 24.75 30.00 43.00 60.25 49.75 59.00 72.75 80.25 77.50 68.50 67.25 84.50 35.25 19.50 19.00 26.25 25.00 65.00 37.75 27.50 53.50 43.25 45.75 49.00 43.75 73.50 168.75 43.50 38.25 41.50 28.75 42.50 59.75 81.00 25.75 65.00 42.25 75.00 68.75 98.75 55.50 76.25 61.25 53.25 59.00 62.50 68.00 86.25 62.50 84.25 78.75 69.50 74.75 62.75 79.00 82.75 83.50 83.50 75.00 73.75 76.75 69.00 64.00 63.00 71.00 69.75 51.00 51.50 69.50 61.25 82.75 77.50 66.50 61.50 82.25 63.25 97.50 68.75 91.75 94.00 54.25 56.00 54.75 55.50 55.25 72.25 34.50 28.00 32.50 19.00 39.50 41.50 55.25 51.75 104.25 70.00 54.50 83.75 43.50 40.50 42.75 17.25 6.75 6.75 7.75 18.00 13.75 24.75 54.25 52.50 62.75 53.50 38.75 40.75 28.75 38.50 46.25 31.50 35.25 56.25 36.50 35.50 26.50 28.25 31.00 35.75 41.25 35.50 53.00 50.25 33.75 53.50 70.00 75.75 79.00 46.25 55.50 55.75 31.50 30.75 31.75 50.00 51.25 43.00 56.50 58.50 51.50 66.00 84.00 136.75 115.50 142.00 73.50 69.50
137.50 110.25 45.50 53.25 49.25 41.00 45.25 40.00 38.75 54.00 74.25 63.50 76.25 89.00 99.00 100.00 88.25 44.75 32.25 47.25 51.50 64.25 72.50 66.25 46.00 45.25 40.00 36.75 25.00 20.00 30.75 31.75 17.75 41.75 36.75 52.25 50.00 55.00 106.00 73.50 58.00 92.75 73.50 78.00 83.00 55.75 36.25 30.25 36.00 42.00 45.50 57.25 57.25 44.50 53.75 74.25 98.25 92.00 79.00 90.00 96.25 90.25 60.00 73.25 101.75 95.00 63.75 67.25 68.50 65.50 58.50 53.00 49.75 43.25 41.50 42.75 36.50 31.50 47.75 65.00 56.00 62.50 85.00 59.75 56.50 88.50 96.00 97.00 93.75 76.00 89.75 97.25 108.75 115.75 96.50 75.75 49.25 60.25 38.00 38.50 45.75 43.25 101.25 104.25 144.75 123.50 118.25 92.75 103.50 110.00 116.00 93.25 91.00 95.50 88.75 91.00 67.50 56.25 64.25 70.50 74.75 67.00 65.00 63.00 61.00 93.00 88.50 85.50 61.25 56.75 89.00 69.75 66.75 66.00 83.50 61.75 48.50 34.25 32.00 30.25 25.50 21.75 20.25 16.75 28.00 25.75 17.25 19.75 29.00 37.75 36.25 32.00 51.00 71.50 69.25 70.25 74.50 55.25 34.50 22.25 20.75 16.25 15.00 18.75 14.50 15.50 37.75 34.75 41.00 40.25 50.00 127.50 200.75 117.75 128.75 105.00 114.25 123.25 151.25 138.50 97.75 60.25 40.75 49.75 52.25 23.00 17.25 9.50 8.00 45.00 35.75 19.25 37.75 81.00 69.50 71.75 83.25 71.75 89.50 88.00 74.25 80.75 73.50 92.75 46.50 60.25 76.00 72.75 78.00 106.00 79.00 81.25 47.00 61.50 50.75 45.75 65.00 67.00 83.75 53.50 64.50 69.75 63.75 69.00 65.75 86.75 52.00 78.75 96.00 103.00 83.00 97.00 47.75 56.75 28.25 44.00 53.50 32.75 43.75 50.25 99.50 53.75 36.75 53.75 42.50 41.50 52.75 25.25 8.00 13.25 8.25 15.00 13.50 11.00 40.75 45.25 64.25 47.75 44.00 46.00 49.00 48.75 80.25 63.25 32.75 31.00 34.25 19.50 38.00 64.75 57.50 69.25 50.75 59.75 60.25 54.00 37.00 64.75 71.00 73.25 84.75 47.50 45.00 56.00 52.75 64.50 66.75 63.25 51.50 35.75 37.25 53.50 43.25 60.75 74.75 83.50 64.00 51.00 65.00 56.50
133.00 166.75 51.25 30.25 55.00 86.25 61.75 40.00 52.75 66.00 143.25 72.00 79.50 78.50 53.50 60.50 52.00 64.75 34.00 47.25 53.75 47.25 71.25 61.50 30.75 40.25 44.50 34.25 22.25 17.50 12.00 10.25 1.50 1.00 0.50 25.50 22.75 24.25 55.00 50.00 36.50 38.50 60.00 49.75 51.75 44.00 60.00 57.50 62.75 84.00 64.25 53.75 59.75 40.25 39.50 81.50 65.75 64.75 72.25 52.00 45.00 36.00 46.00 85.75 80.50 72.50 62.25 54.25 36.00 57.75 59.75 35.75 30.50 23.25 30.00 27.25 35.25 21.75 18.25 27.50 36.25 35.50 30.75 62.25 89.50 95.25 94.25 94.25 112.25 76.50 120.00 105.00 110.25 103.25 100.25 72.00 48.50 46.75 44.50 36.75 39.50 52.75 101.00 107.75 107.50 120.00 99.25 94.00 93.25 120.75 86.00 86.25 84.25 83.00 86.50 92.75 59.00 56.25 86.75 100.50 67.00 58.25 79.00 54.00 56.75 95.25 86.75 55.25 46.25 51.00 51.25 41.00 46.50 42.75 36.00 77.50 34.00 25.25 19.25 12.50 21.75 19.00 17.25 23.75 33.50 22.00 32.00 21.00 22.00 28.00 25.25 29.50 42.25 69.75 54.75 66.25 77.25 68.50 66.50 31.50 31.25 29.50 23.25 13.50 4.00 13.25 35.25 32.75 31.50 48.25 59.75 138.00 135.00 83.00 116.25 106.50 89.75 113.25 154.00 185.50 147.75 69.75 56.50 48.50 55.75 20.75 13.75 25.75 22.75 37.25 26.50 29.00 74.75 88.50 80.25 85.25 108.50 127.00 93.25 65.50 65.75 103.25 91.75 67.75 75.00 73.25 64.25 71.75 111.75 131.25 97.00 55.00 63.00 64.75 61.25 62.50 68.25 64.75 69.75 51.00 60.50 57.50 56.50 83.50 67.25 75.25 38.25 70.50 67.75 72.50 107.25 95.00 71.00 26.50 26.50 31.25 17.25 30.00 34.75 29.25 24.50 29.00 34.00 32.00 38.75 26.50 28.75 20.25 3.25 0.25 6.25 20.50 12.75 19.00 24.75 25.75 38.50 33.50 39.25 29.50 27.75 31.50 40.75 67.50 43.25 68.25 54.50 41.75 45.00 45.00 38.50 49.75 58.50 52.75 50.50 43.00 44.75 68.50 56.75 85.25 79.75 57.25 55.75 51.00 59.75 49.50 55.00 53.00 48.25 47.25 52.00 65.00 46.75 49.00 53.75 59.75 27.25 40.25 82.50 71.50
56.75 112.25 74.00 73.00 74.00 36.25 33.50 33.50 31.25 33.25 82.00 93.25 81.00 86.75 53.25 53.75 81.50 75.00 77.00 122.25 138.75 74.00 48.25 39.50 22.50 19.00 17.75 13.25 1.50 1.50 2.50 3.75 13.00 12.75 12.75 37.75 27.75 48.50 110.00 72.25 51.25 38.50 54.00 60.50 89.50 81.25 65.50 64.25 62.00 69.50 84.50 70.00 63.75 61.25 96.25 113.75 102.50 79.00 63.25 44.00 57.75 47.50 73.00 102.50 47.00 41.75 50.50 43.00 43.75 29.75 20.50 15.75 11.75 13.50 24.00 30.50 9.25 10.25 18.75 28.50 35.25 28.25 65.00 82.00 86.75 95.25 113.75 80.25 101.50 115.75 94.00 68.50 81.50 73.50 61.00 55.75 67.75 96.50 93.75 53.25 46.75 45.00 49.75 56.00 79.00 67.25 77.25 75.00 85.00 84.25 77.00 76.25 52.75 65.25 79.50 63.00 68.25 64.50 79.50 83.00 82.50 59.75 73.75 75.75 79.50 107.25 108.25 90.00 78.75 69.25 48.25 69.50 84.75 103.50 57.50 44.00 80.75 55.50 31.50 15.00 19.00 20.25 14.75 13.25 28.00 36.50 36.75 36.00 49.50 60.25 42.00 42.75 92.50 66.00 76.75 72.50 53.00 42.50 42.25 23.00 37.25 55.75 101.25 128.75 83.00 31.75 41.25 21.00 26.50 41.00 65.50 84.00 54.25 64.50 119.00 125.75 88.00 114.25 154.00 180.00 166.50 114.50 61.00 52.25 90.00 40.75 15.50 38.75 31.75 38.75 30.50 20.00 77.25 80.25 68.25 90.25 110.50 133.50 106.50 91.75 68.75 72.50 72.00 109.25 95.50 72.50 78.25 80.00 45.00 40.50 62.75 77.00 71.00 58.75 74.50 57.75 53.00 70.50 74.75 68.25 73.25 79.50 65.25 64.00 76.75 53.25 52.00 50.50 94.75 106.75 136.00 123.75 116.75 47.25 40.75 39.00 34.00 33.75 35.00 37.75 37.25 43.25 36.00 49.00 36.25 21.00 27.25 26.75 9.00 11.00 11.75 10.75 6.00 8.50 12.75 15.75 17.25 21.25 25.00 39.50 24.75 31.25 38.50 25.25 12.25 30.75 34.25 39.00 49.75 52.25 52.50 58.75 41.25 75.50 102.50 61.25 64.25 68.50 70.25 79.50 56.25 61.50 45.75 53.00 52.25 54.25 64.50 57.50 59.50 63.75 74.00 54.75 29.50 37.75 60.50 64.50 30.75 34.25 75.50 73.00
135.00 112.50 139.75 85.50 106.75 39.00 34.25 45.75 68.50 81.75 83.75 67.50 110.00 105.75 61.50 72.75 95.25 135.00 162.75 150.25 126.25 55.50 50.50 42.75 10.00 7.25 10.75 13.25 0.25 0.00 0.25 1.25 2.00 1.75 1.50 26.75 35.25 49.50 105.00 81.75 99.50 92.50 74.50 94.00 74.25 55.75 49.50 88.75 107.00 59.50 69.00 85.75 47.00 63.25 96.75 112.50 101.25 76.00 56.50 49.50 21.75 7.50 17.75 29.00 29.50 50.25 54.00 80.50 95.50 91.00 58.75 62.75 92.75 71.00 108.00 90.75 53.25 36.25 33.50 46.00 68.50 106.75 109.25 114.75 126.00 99.50 117.00 86.00 99.50 86.00 60.50 73.50 82.75 94.75 125.75 111.25 100.50 120.75 111.25 69.25 55.25 41.00 31.75 46.50 56.25 47.50 74.00 74.50 71.25 61.50 77.00 67.25 47.00 59.00 65.25 55.50 61.50 61.00 58.00 50.50 70.00 63.50 78.00 96.75 88.50 111.75 127.00 117.50 87.50 53.50 96.50 100.00 123.50 121.75 95.25 114.00 105.25 139.75 133.25 81.00 73.25 69.25 76.00 47.50 38.50 33.50 22.25 36.50 44.00 46.25 32.25 31.25 51.25 91.50 58.25 73.50 68.25 46.75 54.25 74.00 51.75 73.75 121.75 97.75 44.00 45.75 23.75 19.00 22.25 27.00 50.50 61.50 49.00 64.50 55.50 60.75 97.50 153.00 158.00 156.25 181.00 126.00 80.00 49.50 97.00 87.50 57.00 33.50 33.25 34.00 30.25 49.00 105.50 101.25 68.50 83.00 86.00 77.00 75.50 85.25 81.75 91.00 110.00 85.00 90.50 80.75 65.75 59.00 44.50 24.75 45.25 56.75 59.00 58.00 51.75 60.25 61.00 71.00 70.75 64.00 46.75 91.75 67.00 62.00 66.50 49.25 71.50 84.50 100.00 119.00 138.75 118.75 84.75 50.75 45.00 25.50 27.50 32.50 30.25 23.00 21.50 27.25 20.00 33.00 30.75 33.75 45.00 33.25 14.25 4.75 0.75 3.50 4.25 9.00 15.75 21.25 27.25 22.00 33.25 17.00 21.50 17.50 24.75 22.25 15.75 21.50 26.50 32.25 37.25 28.50 34.25 44.00 44.75 44.00 37.50 34.50 70.25 63.00 71.25 68.50 123.75 69.50 56.75 60.25 56.50 70.00 76.75 53.00 65.25 55.00 65.25 60.25 46.50 30.00 61.25 68.00 41.75 34.75 65.25 59.00
112.50 93.75 105.00 134.75 140.00 103.50 92.50 121.75 126.50 94.50 127.00 104.75 104.00 93.25 61.75 108.00 124.50 99.50 96.25 71.00 45.00 35.75 25.25 29.75 2.75 2.00 3.75 0.75 3.00 2.00 2.00 3.25 7.75 7.25 7.50 32.50 35.25 45.50 96.00 149.25 128.50 99.75 75.50 50.75 53.75 55.50 56.00 61.25 74.50 72.75 64.00 53.75 58.50 38.25 69.75 61.25 51.75 39.50 27.50 30.00 22.50 24.75 26.50 44.25 64.00 83.75 82.50 79.25 65.50 111.50 64.25 64.50 88.75 71.25 105.25 92.25 68.75 56.25 48.00 49.00 68.25 120.50 97.00 107.75 112.00 105.25 117.75 70.75 95.00 72.25 87.00 57.75 92.75 107.50 115.00 101.00 112.75 100.50 97.25 96.00 93.00 56.25 41.50 48.25 53.50 95.00 44.50 67.25 60.00 66.50 86.25 65.00 81.75 44.25 78.50 65.75 75.50 79.25 67.25 54.25 65.00 85.50 93.25 97.75 86.00 102.25 113.25 93.25 73.75 76.00 111.00 115.00 120.25 120.25 116.50 120.00 122.00 121.25 127.25 129.00 124.75 114.25 92.75 100.50 60.25 49.75 38.25 36.00 48.50 30.25 32.00 28.75 25.00 51.00 63.75 53.75 71.50 57.00 59.25 76.00 66.00 150.00 155.75 99.75 67.50 63.50 34.00 35.25 35.50 49.75 45.00 62.00 62.00 53.75 80.75 98.75 187.50 213.50 216.50 182.50 174.25 124.75 78.25 53.75 74.00 61.75 55.50 49.25 45.00 26.50 56.00 49.50 73.00 90.25 60.75 69.75 52.75 48.00 53.50 76.25 82.75 71.25 80.50 75.25 83.00 57.25 64.00 56.75 35.00 27.50 49.00 71.50 68.25 61.00 55.25 80.50 75.50 62.00 64.25 51.75 68.50 71.75 65.50 58.50 72.50 49.50 76.75 54.25 81.25 85.50 78.00 91.25 70.00 72.25 59.75 40.75 48.50 45.75 47.25 52.25 21.75 26.50 31.75 29.50 41.50 41.25 55.75 52.25 32.50 33.25 28.75 21.75 24.00 26.25 25.75 22.00 20.75 19.75 22.50 25.75 23.75 22.00 16.75 28.50 28.00 27.75 28.50 24.00 29.25 35.75 48.50 39.75 24.75 16.75 33.50 32.50 34.75 30.00 34.00 34.25 54.25 38.75 56.75 55.50 56.50 54.50 66.25 64.75 55.25 50.75 55.50 72.25 81.00 28.00 57.00 74.25 43.50 44.50 81.75 75.00
129.75 111.50 125.75 202.00 169.50 135.75 128.75 126.50 88.25 90.75 142.50 112.75 97.00 106.25 75.00 105.00 81.25 53.25 45.50 41.25 12.25 6.50 2.25 1.50 6.25 4.50 2.50 0.50 1.50 3.75 1.25 2.00 2.25 4.00 0.00 30.75 37.75 21.00 59.75 100.00 110.00 97.75 63.75 96.25 97.50 40.50 53.00 34.50 40.00 61.75 48.50 34.75 32.25 28.00 10.50 19.25 30.75 28.50 16.25 13.50 39.25 49.25 38.50 73.75 90.25 90.00 105.75 96.25 96.75 96.00 69.75 64.75 55.50 64.25 57.75 73.75 69.75 78.75 67.25 72.00 87.00 107.50 135.00 98.25 94.25 74.00 98.00 96.50 82.25 80.25 51.75 69.25 83.25 92.50 94.75 103.75 124.50 95.00 109.75 94.50 74.25 50.50 49.00 49.00 108.75 98.25 64.75 52.00 69.75 54.75 59.75 75.75 73.25 63.75 53.50 74.50 62.00 48.75 65.75 68.25 72.50 90.50 93.75 91.75 84.50 87.00 100.75 72.75 63.25 52.50 79.75 131.00 100.25 132.50 98.75 79.00 108.25 103.25 113.25 125.50 140.25 124.00 100.75 96.00 59.50 30.75 20.25 25.25 52.50 25.75 23.25 15.50 31.00 32.25 28.75 37.75 47.00 59.50 66.50 64.00 100.00 152.00 141.00 96.50 87.25 59.75 62.50 43.50 52.00 63.25 79.75 76.00 94.75 78.75 74.50 60.75 69.50 159.00 142.25 159.00 184.25 179.25 67.00 49.00 83.75 65.50 52.50 72.25 58.75 61.75 74.00 67.75 78.75 89.50 66.25 71.50 51.00 40.25 54.25 55.00 60.00 56.50 50.00 53.75 64.00 73.50 82.25 59.75 49.50 64.75 61.50 71.00 75.00 59.50 52.50 90.25 74.25 73.75 79.75 91.50 78.75 62.25 67.25 70.25 77.75 60.25 83.00 77.75 65.75 53.75 83.75 76.00 70.75 72.50 68.75 49.00 42.75 31.25 26.00 49.75 34.75 48.75 37.50 64.25 66.25 76.50 92.75 77.25 55.25 47.00 53.75 46.50 22.00 24.50 35.75 30.25 21.25 19.25 32.00 26.75 26.75 27.75 24.75 32.50 30.00 24.25 43.50 31.00 35.25 29.75 30.75 25.50 16.25 21.00 14.50 12.25 19.00 25.25 23.50 31.75 39.75 20.25 33.00 45.75 44.75 40.25 43.75 42.75 49.25 44.25 45.50 57.00 87.75 43.75 51.75 57.75 62.25 66.00 110.25 61.75
123.75 132.50 101.75 172.25 125.25 107.75 91.00 89.25 74.50 60.50 69.25 62.75 64.75 66.75 74.75 94.25 79.00 45.00 19.25 29.50 2.50 4.75 5.00 1.75 3.75 5.25 1.00 10.00 13.75 13.25 8.00 7.00 19.25 18.50 16.50 47.75 26.75 35.50 80.50 112.50 116.50 80.25 55.75 68.50 31.00 38.25 43.50 21.25 23.00 27.75 30.75 35.25 35.25 19.25 17.25 25.25 29.75 27.50 25.00 36.75 54.75 56.75 53.75 63.75 74.00 57.50 64.00 69.50 58.00 62.75 68.00 56.50 51.75 65.50 51.00 74.25 91.75 72.50 71.25 85.25 63.25 83.50 79.50 84.75 67.00 83.25 121.75 114.25 111.75 95.75 67.50 55.00 48.50 60.00 55.75 75.00 101.25 107.00 69.50 93.50 78.25 53.00 57.75 89.75 122.00 67.00 71.00 64.00 54.00 33.75 39.25 71.00 73.50 78.50 121.25 96.75 71.75 67.50 58.00 83.00 114.50 82.25 99.25 73.50 86.00 90.00 103.75 87.00 59.25 76.25 82.00 97.25 93.25 86.50 100.00 98.25 108.50 120.00 119.50 112.00 97.75 106.50 104.25 71.50 56.50 34.75 41.50 39.00 44.75 37.75 38.50 26.75 32.25 47.25 40.50 53.00 66.00 68.50 70.75 117.00 103.00 120.00 112.25 132.75 70.00 116.75 84.75 40.25 55.75 49.00 21.00 31.00 30.25 50.25 53.50 74.25 61.00 68.25 133.25 154.75 200.75 150.75 80.25 70.50 61.50 91.50 102.75 96.25 58.75 70.00 102.75 71.00 94.75 94.25 52.25 89.25 54.75 55.00 57.75 67.25 63.25 39.25 16.25 40.50 39.50 61.25 45.00 79.75 64.50 68.00 91.25 58.00 60.50 63.00 69.25 64.50 68.25 71.50 60.00 65.75 68.25 73.25 57.25 67.50 68.50 81.00 77.25 59.75 62.75 62.75 50.50 110.00 128.25 89.75 86.50 62.25 52.75 37.75 37.75 48.00 46.00 54.25 61.50 76.00 79.75 86.00 104.75 74.75 60.50 74.75 67.25 64.25 69.50 89.00 57.25 70.75 86.50 52.50 45.75 33.00 32.00 33.25 36.75 26.75 33.00 26.75 23.75 13.75 22.00 23.50 34.00 35.50 18.00 28.50 27.50 28.50 23.00 11.25 17.75 22.00 26.25 32.75 26.75 32.50 43.25 24.75 28.75 32.50 39.50 29.25 40.25 36.75 25.50 31.75 36.25 33.25 34.75 51.50 38.25 44.50
56.75 65.75 53.50 78.50 53.50 69.00 38.00 33.25 45.25 37.75 28.75 41.00 43.00 79.00 52.00 77.25 101.00 56.25 40.25 27.25 5.75 0.50 2.50 9.50 11.00 16.75 39.00 19.75 26.25 33.00 22.50 7.25 8.00 4.00 1.00 13.25 9.75 16.00 11.50 54.00 45.75 47.75 60.00 54.25 46.50 36.75 51.00 42.50 27.25 27.75 44.00 38.25 32.25 31.25 29.00 22.50 37.00 65.75 77.25 77.25 48.50 77.25 89.25 76.25 59.50 68.00 67.25 53.75 49.25 45.75 70.75 29.25 60.50 57.75 37.00 52.00 72.75 73.50 81.50 86.50 88.50 83.50 59.25 60.25 65.25 63.75 81.00 77.50 81.00 47.75 58.25 51.25 49.25 41.75 46.25 81.75 83.00 78.75 65.00 65.75 53.50 62.50 61.75 134.50 111.75 97.00 75.50 59.00 53.00 57.75 62.25 84.75 81.50 118.00 115.25 94.75 73.75 63.00 45.25 64.25 71.25 115.25 87.75 87.75 95.75 98.25 108.25 103.50 80.00 81.50 93.00 116.50 89.50 62.75 81.50 59.00 95.50 86.00 74.75 88.75 94.75 90.50 97.00 88.75 48.75 51.50 30.75 32.50 29.50 37.00 36.75 25.50 35.50 54.50 55.50 58.25 55.75 124.25 119.75 107.25 84.75 64.75 92.00 108.75 53.25 98.00 74.50 59.00 45.75 49.50 49.00 20.25 42.25 35.75 54.25 70.00 114.50 113.25 90.25 122.75 129.75 183.50 117.25 52.75 64.75 126.25 119.75 140.25 81.25 70.00 92.75 53.50 94.50 95.75 84.75 80.50 60.50 50.50 55.50 77.00 76.25 34.75 33.25 40.00 60.50 64.25 70.75 56.75 72.50 56.75 107.00 98.25 79.25 83.00 80.25 77.25 70.00 71.25 58.75 48.50 59.75 62.50 75.25 62.25 76.25 69.25 57.50 80.75 60.00 55.50 56.00 87.50 114.00 105.50 81.50 80.75 42.00 38.25 31.75 40.00 46.75 44.75 73.25 111.50 104.25 81.75 82.25 73.00 64.00 73.00 112.00 97.00 122.00 93.00 82.50 119.00 106.25 85.25 87.75 58.75 66.25 72.25 59.50 39.00 25.00 38.75 28.75 37.75 35.50 26.25 21.25 11.75 31.50 25.50 17.75 25.50 39.25 31.00 43.00 51.00 48.25 41.50 41.25 86.00 81.25 35.25 52.75 35.75 33.50 31.25 44.00 34.75 20.75 24.00 29.50 46.75 27.00 31.75 28.25 42.50
75.00 92.00 79.25 112.00 101.50 91.50 104.75 84.75 38.00 20.75 26.00 68.50 55.25 33.50 44.00 36.00 59.75 35.75 39.50 65.00 16.00 21.75 21.50 15.00 3.75 8.75 16.50 3.25 2.50 0.50 1.25 7.50 14.75 20.75 22.75 24.75 33.25 26.25 20.25 45.25 30.50 65.50 101.00 106.50 81.50 80.25 66.00 52.25 34.75 58.50 91.75 63.25 64.50 64.25 46.25 51.25 54.00 81.50 82.50 69.00 73.25 92.75 82.75 70.50 71.00 58.50 41.50 38.00 22.00 26.75 27.75 37.00 43.00 60.75 62.50 45.50 83.25 89.75 70.50 65.25 61.50 46.00 58.00 35.50 67.00 58.75 66.00 67.50 54.75 68.75 68.75 92.75 59.50 46.25 61.50 71.75 54.25 47.00 82.25 56.50 53.50 55.25 47.25 70.00 86.00 120.00 94.75 68.75 46.25 69.50 87.50 122.00 108.75 114.50 109.00 79.25 59.25 41.75 52.75 51.25 70.50 74.25 74.75 60.50 99.25 98.00 101.50 102.75 115.75 95.75 103.25 96.50 82.25 56.75 63.75 45.00 73.00 70.75 54.25 66.50 49.50 55.75 52.25 54.75 34.50 39.75 28.75 18.25 14.75 23.00 19.75 13.25 17.50 28.50 43.00 28.25 44.00 68.75 59.50 61.75 34.00 50.50 157.50 98.50 105.50 96.25 74.50 41.75 37.75 46.50 63.75 44.00 65.25 47.50 84.25 59.50 63.75 113.00 185.50 118.00 193.75 157.75 40.75 76.75 47.00 89.25 69.50 77.50 66.25 76.50 109.00 85.25 83.25 102.75 104.00 77.75 59.50 56.50 74.75 74.00 58.50 47.25 43.25 39.00 55.50 63.00 62.25 69.75 77.50 84.00 112.25 95.25 101.25 126.00 82.50 67.75 59.25 64.25 82.25 66.00 75.50 77.50 87.00 59.00 62.25 78.00 77.50 81.25 96.50 78.25 88.75 80.75 59.25 84.75 61.75 49.25 48.75 29.00 58.75 41.00 56.50 55.75 66.00 98.75 84.25 70.25 63.00 79.50 75.00 75.75 124.50 110.00 91.75 90.50 81.25 120.00 125.50 112.75 133.25 110.25 107.50 97.50 72.25 94.75 74.75 75.75 63.75 117.25 50.25 42.75 40.50 33.00 25.50 33.75 25.00 17.00 12.50 16.50 13.00 19.75 22.00 32.75 31.25 33.00 23.50 9.25 23.75 29.00 14.00 28.00 33.50 31.25 27.50 35.50 41.25 31.25 38.25 37.75 40.25 37.25
109.75 103.25 105.25 102.25 101.25 133.00 107.50 75.75 68.75 77.50 42.25 68.25 69.00 46.50 38.75 31.25 29.75 33.75 26.25 28.25 10.50 5.50 5.75 10.25 19.50 23.75 20.25 27.50 39.25 44.75 60.75 79.25 68.00 28.25 49.75 90.75 66.75 126.25 111.50 105.50 65.75 93.00 139.25 132.00 107.25 107.25 121.00 51.75 64.00 68.75 71.75 82.75 76.75 57.75 75.00 75.00 77.25 78.25 69.25 78.50 78.75 83.50 69.25 56.75 47.50 43.50 52.50 25.25 12.00 27.75 34.50 35.25 34.25 48.75 40.75 42.00 65.25 67.75 75.75 79.75 79.50 42.50 39.50 35.25 46.25 57.00 53.00 57.00 42.25 87.25 98.75 79.50 46.50 46.75 47.50 51.75 59.75 60.75 93.75 112.25 96.75 76.25 42.00 37.75 57.00 91.25 113.50 110.75 41.50 61.50 76.00 106.75 105.75 112.00 86.75 56.50 58.50 48.00 70.50 47.25 34.00 47.75 63.25 78.00 64.75 64.00 56.75 79.50 70.50 72.50 110.50 116.25 63.00 60.25 63.50 52.25 43.75 40.75 47.00 25.25 23.50 49.50 45.75 73.50 58.50 74.00 56.75 36.75 33.25 25.25 16.25 9.50 23.50 35.50 55.25 34.00 27.75 45.50 48.50 49.00 38.50 121.75 154.50 125.25 139.50 83.00 71.75 47.75 48.00 48.75 63.25 98.25 170.50 133.50 160.50 167.75 184.00 179.00 178.25 173.50 129.00 112.00 44.75 92.50 34.75 114.25 116.75 103.75 89.00 68.00 83.50 73.50 76.75 108.00 78.75 82.50 79.50 69.75 83.75 76.75 76.50 76.50 58.75 49.00 78.75 73.50 74.50 78.50 73.25 70.00 112.75 110.75 123.00 100.00 126.75 85.25 54.75 71.00 67.25 79.50 76.50 72.75 79.25 82.00 80.25 75.25 120.75 110.25 107.25 96.50 83.50 48.50 53.75 73.50 65.00 63.00 43.75 55.00 39.00 55.00 45.75 56.25 86.00 51.50 54.50 66.25 65.00 89.25 109.75 138.25 125.25 125.00 118.00 96.50 71.75 87.00 114.75 100.00 100.50 93.25 111.75 114.75 77.25 93.25 88.50 102.50 82.75 96.00 62.00 69.00 77.75 69.75 47.75 62.50 49.50 53.00 36.75 38.25 43.25 37.25 36.00 43.00 35.25 24.25 34.75 33.50 28.25 15.25 14.25 13.00 16.25 21.75 18.75 17.50 30.50 44.00 32.75 39.75 46.25 57.75
85.75 77.50 85.00 91.50 87.75 93.50 62.50 95.75 94.50 100.75 51.00 113.00 89.00 73.75 56.00 37.75 19.75 12.75 21.25 19.00 35.75 33.75 23.75 31.50 49.50 39.50 56.75 59.50 109.75 111.00 124.25 129.50 62.75 66.50 75.25 74.50 62.75 69.50 54.25 55.75 51.25 81.25 101.75 111.00 103.00 92.50 110.75 89.00 43.75 53.50 73.00 69.50 75.50 86.75 103.75 84.50 96.75 100.75 72.50 98.50 83.50 78.75 95.50 90.00 84.50 47.75 45.75 47.00 50.00 59.50 64.00 80.75 98.25 119.00 123.00 135.75 139.75 144.50 148.00 117.75 54.00 53.50 59.25 52.75 55.75 47.25 45.25 58.75 64.75 106.75 129.50 115.75 81.75 72.25 50.75 55.00 51.00 68.50 89.25 84.25 80.75 63.00 57.25 46.25 42.25 52.75 90.50 87.00 60.25 84.75 137.00 123.50 92.50 84.25 89.75 69.25 81.25 89.25 70.75 50.25 59.00 59.75 54.25 61.25 55.75 51.75 51.25 74.75 83.50 79.00 83.75 50.50 58.50 50.25 53.75 46.50 34.25 45.25 20.00 20.00 21.50 24.00 49.75 62.75 75.00 59.75 40.25 65.25 62.25 36.75 35.25 58.75 31.50 22.25 56.75 32.50 44.00 44.00 35.75 61.75 70.00 62.50 134.00 202.25 159.50 92.75 105.75 58.25 129.75 191.00 182.50 172.00 178.00 139.75 121.25 131.75 102.75 91.50 66.00 34.00 37.75 61.75 39.75 66.25 49.25 55.25 25.00 77.00 92.75 67.00 79.25 94.00 73.00 82.00 72.25 69.50 87.25 71.50 57.00 74.00 73.25 78.00 71.50 61.75 76.50 60.25 67.25 64.25 91.75 116.75 105.75 115.75 95.00 114.50 126.75 80.00 81.00 82.00 86.50 76.50 87.50 79.25 94.00 62.25 95.00 109.50 117.50 116.00 118.25 90.00 73.25 48.00 68.75 84.50 35.75 50.50 37.25 40.00 36.25 43.75 56.75 57.50 47.75 46.00 80.75 83.00 93.50 84.25 117.00 125.50 112.50 143.00 117.50 114.50 79.25 74.50 89.75 64.75 49.50 66.00 73.75 66.25 74.50 75.25 79.25 75.00 75.75 80.75 93.00 60.00 72.50 86.00 75.25 56.00 58.00 72.25 76.25 55.50 72.75 102.25 64.75 46.50 41.50 47.50 47.25 45.25 40.50 28.75 29.25 30.00 23.50 17.50 28.75 12.50 17.50 23.25 26.50 23.50 40.50 42.50
51.50 65.00 83.25 82.50 86.50 92.25 93.75 90.00 77.75 87.50 56.50 93.25 83.00 80.25 63.25 50.50 56.25 102.75 70.50 57.50 83.00 95.25 77.25 92.25 109.00 70.00 116.50 89.50 77.75 80.25 77.00 90.75 64.25 49.75 41.25 82.75 77.75 72.50 69.75 69.75 91.50 95.00 112.25 95.00 92.25 114.00 82.75 75.00 64.50 48.50 82.25 75.25 62.25 75.50 88.75 77.75 74.25 77.75 80.25 67.50 71.50 39.75 49.50 46.25 56.25 72.25 95.50 96.50 107.75 110.00 134.75 106.50 111.75 108.75 117.75 113.25 101.00 92.50 120.25 147.50 86.75 51.25 41.00 29.00 50.00 52.25 61.25 63.25 54.25 64.25 57.75 68.25 72.00 83.25 83.00 80.00 66.75 64.25 81.00 107.50 94.75 75.50 70.50 45.00 57.50 59.25 106.00 107.75 91.50 79.00 107.50 115.75 105.25 88.25 47.00 52.25 62.00 85.75 66.75 45.75 63.50 57.50 44.00 50.25 55.50 49.50 48.00 55.75 74.25 72.50 76.00 38.25 39.00 60.00 65.00 80.00 57.00 34.50 11.00 13.00 12.00 27.50 43.00 62.00 79.00 70.00 56.25 71.75 48.50 29.25 26.25 40.75 37.00 44.50 50.25 50.00 39.50 102.50 122.75 109.00 59.25 40.75 108.25 182.75 206.50 184.25 181.50 67.50 187.25 145.50 138.75 151.00 128.75 97.25 77.00 66.50 71.25 33.25 16.00 19.00 15.25 25.00 25.75 33.50 38.50 46.00 59.75 72.50 73.00 70.25 76.50 92.00 63.25 81.25 92.00 76.00 69.75 75.75 53.25 69.50 60.75 59.50 86.50 63.75 78.00 97.50 63.50 83.25 100.75 107.75 123.00 104.50 128.50 103.50 97.25 101.75 71.50 84.00 79.00 65.50 87.25 78.50 78.00 97.50 82.75 102.25 126.50 107.50 106.75 70.25 50.75 80.75 75.25 83.75 48.75 41.00 34.50 37.00 33.00 40.50 64.25 101.25 88.75 63.75 102.25 108.25 62.00 86.00 111.25 93.25 81.50 107.75 107.75 81.00 77.25 57.00 70.50 51.00 53.50 39.00 51.75 39.25 59.00 47.75 29.00 39.50 63.75 54.50 70.25 68.75 68.25 98.00 89.00 84.00 86.50 70.50 58.50 85.75 65.25 61.50 85.50 76.50 80.25 74.25 70.50 89.75 64.00 50.75 61.50 40.00 72.50 43.50 29.75 27.00 57.50 19.25 14.25 18.25 11.00 20.50
49.25 46.75 49.25 43.25 55.25 77.50 104.75 98.75 98.00 83.75 94.25 89.75 111.25 97.75 63.75 48.50 75.00 99.00 113.25 83.75 118.25 131.25 78.50 66.75 65.50 91.75 83.00 106.00 100.25 63.00 73.75 67.00 58.50 52.00 76.25 66.75 74.75 59.00 85.25 135.00 138.50 153.75 167.75 148.00 169.50 95.75 94.75 76.25 54.25 63.75 65.75 91.75 76.50 51.50 44.75 55.25 58.00 47.00 71.25 84.00 105.00 103.00 112.75 101.25 130.50 113.00 104.75 105.75 129.00 106.00 121.50 118.00 133.75 145.25 130.50 145.25 161.75 112.50 104.00 163.00 111.00 53.25 55.00 36.75 48.50 39.75 43.25 37.00 35.00 29.50 65.25 69.00 35.50 38.50 65.75 65.25 58.25 59.00 63.75 80.25 83.75 74.50 60.75 35.50 61.25 75.00 119.25 129.00 98.75 81.00 123.50 132.00 98.25 55.00 75.50 77.75 62.50 70.50 96.50 98.25 104.50 73.00 70.00 56.00 46.50 50.75 56.00 50.75 73.75 61.25 66.00 40.00 34.50 42.25 64.00 47.75 27.25 29.75 19.50 27.50 11.00 33.50 54.75 62.25 70.50 57.50 79.75 57.50 58.75 35.00 21.00 24.25 19.25 40.25 44.00 48.75 38.25 49.25 58.50 39.25 21.25 34.75 73.50 122.50 109.25 47.50 48.00 44.75 91.00 74.50 82.25 68.00 55.00 40.75 30.25 13.50 22.25 20.00 17.75 13.25 13.75 23.25 49.00 47.75 59.25 49.25 86.00 116.75 79.75 76.25 66.25 82.75 82.00 90.00 89.50 79.00 64.00 74.75 69.25 92.50 59.00 79.75 93.75 88.00 78.75 89.00 91.25 78.00 90.50 82.75 89.00 120.75 94.50 90.00 86.75 63.50 69.00 70.00 69.75 93.00 105.00 78.50 86.50 84.25 91.75 82.50 85.75 80.75 75.50 40.50 71.50 102.75 63.00 69.00 45.00 55.50 36.00 47.00 31.25 46.75 57.75 75.00 104.25 101.25 101.25 89.00 61.25 70.00 55.75 72.25 91.25 70.25 91.00 78.50 78.50 61.25 32.75 45.25 52.75 48.75 51.50 53.75 57.75 56.25 51.50 49.75 57.00 47.00 55.00 50.50 48.50 54.75 52.50 53.25 60.75 68.50 64.25 54.25 53.75 69.75 68.75 67.25 81.50 71.25 72.25 68.75 82.00 76.25 78.25 83.75 65.75 77.25 65.50 56.25 61.00 51.25 56.75 47.25 44.50 39.00
50.75 64.50 85.50 70.50 63.00 115.25 93.25 86.25 108.25 77.25 81.75 125.00 108.50 121.00 77.00 46.00 56.00 75.75 88.50 65.00 67.50 151.25 163.25 109.00 102.75 56.25 59.25 82.00 105.50 92.50 105.50 83.00 107.75 118.25 128.25 115.75 113.50 92.00 105.00 79.00 103.50 144.25 118.75 158.50 170.25 70.75 101.50 118.50 92.25 63.75 68.00 93.00 133.00 66.25 69.50 77.00 68.25 85.50 119.75 109.50 118.00 97.25 101.75 105.50 115.75 110.00 125.50 155.00 188.25 160.50 168.00 146.25 130.25 142.25 106.00 64.00 76.00 88.75 98.75 143.00 175.75 45.25 69.00 42.00 50.75 44.25 42.75 28.75 37.00 34.25 40.50 54.50 40.75 32.25 52.50 80.00 61.75 68.00 43.25 54.50 71.50 47.00 64.75 58.00 63.50 63.50 92.25 124.75 103.25 101.50 99.50 107.25 71.00 51.50 88.00 106.75 83.75 72.50 75.00 47.75 35.25 46.50 50.25 44.00 41.25 37.00 42.50 46.25 83.50 57.75 41.25 31.50 37.00 21.75 58.50 36.00 25.00 26.75 26.50 23.00 27.50 43.50 61.50 91.50 89.00 72.50 44.00 43.00 50.75 28.25 22.50 27.75 23.00 28.25 34.50 33.75 35.50 32.25 18.75 5.25 7.75 11.50 15.00 48.00 38.25 23.75 12.75 11.75 12.50 12.25 5.50 5.00 3.50 3.50 3.50 3.50 10.00 9.00 9.50 11.25 10.00 31.25 58.25 52.00 36.75 32.25 50.50 83.50 75.50 70.25 56.75 71.25 76.50 65.25 96.25 88.00 67.50 73.25 68.50 55.25 75.75 75.25 93.50 106.25 81.00 119.75 121.25 94.00 76.75 79.00 78.50 63.75 75.75 86.00 79.50 86.75 79.00 72.75 72.00 75.50 59.00 69.50 80.50 77.00 81.75 46.50 55.25 62.75 49.50 71.00 97.00 104.00 82.00 65.50 42.25 36.50 27.00 31.25 40.25 39.25 44.00 70.50 76.00 49.25 82.50 81.00 110.50 82.50 61.75 74.50 77.50 72.00 69.25 55.75 55.25 34.25 36.00 45.50 42.50 61.25 55.75 66.00 56.50 68.00 59.50 54.75 59.00 58.75 65.50 80.00 61.25 50.50 82.00 73.25 83.50 78.50 82.50 80.75 76.25 59.25 69.50 67.25 71.75 67.00 65.25 64.00 72.25 62.75 71.50 79.00 68.00 87.00 87.00 106.00 76.50 79.00 72.75 68.75 65.50 80.75
59.25 88.25 92.75 133.00 107.00 94.50 100.25 82.50 89.75 102.75 90.50 68.25 79.00 94.25 101.00 72.75 68.25 91.50 95.75 125.00 90.25 101.75 104.00 108.50 157.50 167.00 135.50 115.25 173.75 138.50 206.25 124.00 118.50 123.25 112.25 140.00 168.75 105.50 106.00 79.75 65.25 102.75 89.75 114.75 85.25 110.00 100.50 96.75 94.25 88.25 59.75 75.75 112.50 61.50 59.25 65.75 69.75 78.25 103.00 108.00 126.75 139.00 156.25 122.50 147.25 136.50 159.50 203.25 182.00 95.50 137.00 136.25 85.75 43.00 52.00 46.75 37.25 59.50 86.50 123.00 172.25 59.00 73.00 37.50 63.00 70.50 44.25 29.25 24.75 35.00 38.50 71.00 47.25 47.75 57.75 84.25 78.25 81.75 58.50 50.75 83.50 55.75 60.00 35.75 36.00 59.25 67.75 72.50 75.50 83.50 70.50 64.25 42.50 49.75 72.00 83.50 56.25 57.50 77.00 83.25 77.25 58.50 45.25 45.00 43.75 25.50 37.75 38.75 55.75 44.75 43.50 40.75 47.75 47.00 67.50 64.25 41.00 48.50 54.50 40.75 26.00 58.00 76.75 79.75 73.00 55.00 73.25 58.75 56.25 39.75 26.75 37.50 44.00 41.50 26.00 36.25 51.75 38.75 20.25 7.50 7.00 14.75 7.50 10.25 11.25 9.00 10.75 16.25 16.00 13.25 15.50 12.75 6.50 6.50 6.50 6.50 5.25 3.00 2.00 2.00 3.75 6.00 4.50 8.25 22.50 29.50 31.75 60.00 70.00 60.00 44.75 63.50 72.50 78.00 81.25 64.75 71.50 91.25 68.50 77.25 67.50 63.50 85.75 117.25 89.25 101.50 95.00 82.25 90.00 103.75 77.75 73.00 60.00 38.25 68.00 90.25 64.50 64.50 68.50 82.50 79.00 70.50 71.25 72.00 65.75 37.25 37.75 39.25 59.75 98.50 64.00 72.75 86.00 50.50 43.75 47.75 50.25 39.25 31.00 42.50 60.00 58.25 56.00 58.75 101.75 138.75 121.50 115.50 82.25 66.50 110.75 101.00 57.00 75.50 72.25 50.25 55.50 66.50 58.00 55.25 58.50 67.25 43.00 58.00 53.25 57.50 75.50 84.25 72.50 67.25 62.25 56.25 77.25 94.75 92.50 77.00 72.50 55.25 61.75 75.25 72.50 68.75 86.00 66.00 73.50 64.00 55.25 64.75 60.50 61.00 63.25 61.25 74.00 89.75 84.00 77.25 80.00 75.75 67.00 63.75
77.25 95.25 118.50 80.00 81.50 55.25 61.50 91.50 103.25 97.00 114.50 103.25 96.50 78.00 82.50 83.50 61.50 50.50 46.00 97.50 112.50 91.00 95.50 135.75 147.00 172.25 156.75 134.25 179.50 212.25 177.25 79.25 90.75 69.25 155.25 190.00 155.75 107.50 88.00 52.00 49.50 55.25 42.00 51.00 54.25 80.25 61.25 74.50 71.00 38.50 53.00 39.75 70.25 89.75 98.75 84.00 100.25 91.75 82.00 104.75 148.25 105.25 81.50 61.50 47.00 46.50 53.50 114.50 82.75 78.00 70.50 86.50 79.00 60.50 56.50 59.00 56.75 79.00 114.50 131.50 207.25 133.50 155.00 146.50 129.00 32.00 39.00 42.75 44.50 40.50 34.00 17.00 17.75 18.75 31.00 44.00 49.25 80.00 64.00 105.50 105.75 99.00 108.50 71.00 36.25 59.75 70.75 62.00 109.75 107.25 91.50 61.25 47.00 42.50 71.00 85.75 92.25 71.50 96.75 116.50 87.50 80.25 56.50 30.75 36.50 47.75 32.75 33.75 47.00 34.25 41.50 52.25 46.50 50.75 59.00 67.00 53.50 69.75 52.75 48.25 56.25 70.00 89.00 95.25 115.00 93.00 87.00 76.75 54.50 39.00 23.00 12.75 23.75 23.00 14.50 33.00 32.00 24.50 13.75 7.75 5.25 1.50 1.25 5.00 1.75 1.50 1.00 1.50 2.50 1.75 4.25 3.00 1.00 1.00 1.00 1.00 1.00 0.50 1.75 4.00 4.25 33.00 54.25 64.25 52.25 70.75 65.00 90.00 98.50 81.50 64.25 69.25 102.25 80.75 91.00 77.00 91.00 59.50 63.00 56.50 65.75 65.00 39.50 67.00 79.50 69.25 66.50 80.75 82.00 95.75 110.00 96.75 80.75 65.75 59.00 73.25 84.75 74.25 76.25 65.25 72.50 47.25 33.75 32.00 58.50 39.00 32.50 30.25 44.75 88.25 89.75 94.50 88.25 78.00 90.50 46.50 69.50 67.50 61.75 51.75 58.00 47.25 89.75 82.00 96.75 134.50 120.00 99.25 100.25 113.25 150.00 117.25 77.00 63.75 76.25 58.25 40.00 61.25 69.25 62.75 73.00 70.75 47.00 57.50 68.75 60.75 61.25 58.00 70.75 71.75 70.25 62.50 88.75 86.00 82.50 84.50 84.25 61.00 63.75 78.25 80.00 88.50 88.50 81.25 74.00 77.00 94.00 78.50 66.25 73.75 62.25 67.50 62.25 65.50 44.50 61.00 57.75 60.00 67.75 64.00
97.50 71.50 81.75 93.75 121.50 101.75 81.25 89.00 109.25 109.75 106.75 129.00 174.75 182.75 97.50 152.25 66.50 48.25 60.00 72.00 141.25 121.25 103.75 111.50 93.00 78.50 76.75 106.75 95.25 71.25 48.75 42.75 92.75 118.00 141.75 241.00 227.75 67.25 143.25 84.50 50.25 52.25 51.75 46.75 57.00 117.75 86.00 70.75 55.25 45.50 48.00 54.00 76.50 88.50 78.00 66.25 96.50 52.25 72.00 82.50 91.75 70.75 54.25 68.25 66.00 39.00 51.50 77.25 68.25 68.25 77.25 95.00 127.00 110.50 108.00 122.00 137.00 176.25 203.00 165.25 218.00 195.00 120.25 114.00 112.75 58.25 61.00 64.00 51.25 60.50 51.75 53.00 35.50 28.00 54.25 49.75 49.75 86.75 86.00 118.50 131.75 127.50 129.25 79.00 59.50 92.00 72.50 104.00 126.50 102.25 99.75 52.25 52.00 60.25 47.50 67.75 87.75 75.00 120.00 115.25 93.00 69.25 48.75 42.75 39.00 36.50 27.50 26.50 29.50 34.75 43.50 38.25 41.00 47.25 70.25 85.75 53.00 55.75 70.25 66.25 85.00 87.00 107.00 113.50 116.00 106.00 99.25 62.00 75.00 34.75 35.75 30.25 30.00 18.00 11.75 10.50 19.50 23.25 18.25 7.75 6.50 2.50 3.00 1.75 1.75 2.25 1.50 0.25 1.75 4.25 1.50 4.00 1.00 1.00 1.00 1.00 2.50 1.00 0.50 1.50 4.00 12.25 27.25 16.50 35.00 32.25 28.50 68.00 78.00 97.75 39.75 62.75 82.00 76.75 79.25 84.00 71.50 56.00 72.75 62.00 55.50 61.00 63.75 66.50 65.50 61.50 57.25 63.50 98.25 69.75 68.75 65.50 87.25 79.00 78.25 92.50 102.50 90.50 113.50 77.75 61.50 52.75 59.75 70.00 80.50 98.50 89.25 57.75 87.25 77.25 74.00 92.00 138.50 135.25 123.00 141.00 101.25 54.00 54.75 53.75 40.50 39.00 87.00 91.25 71.25 95.75 96.50 100.50 83.00 102.25 87.00 89.25 73.50 60.25 63.00 66.25 60.00 69.75 71.50 57.75 79.75 63.25 55.50 56.75 54.50 51.00 58.25 59.25 58.25 61.00 55.75 75.00 64.75 70.50 76.50 51.00 62.00 59.50 66.25 65.50 75.50 67.75 79.75 69.50 67.00 67.25 74.00 82.00 71.25 68.00 83.75 91.25 62.00 62.00 64.75 72.00 55.25 53.25 69.50 70.50
98.50 97.50 73.25 109.50 105.25 169.75 95.50 143.25 117.50 106.75 126.25 100.00 153.75 224.50 114.00 82.50 61.75 54.50 67.50 55.75 41.25 39.25 44.25 56.00 63.50 53.25 76.25 71.75 65.25 62.25 39.50 51.50 75.50 121.25 117.50 182.25 192.50 60.00 61.50 59.25 56.75 110.75 145.50 108.00 138.75 115.00 63.50 75.25 118.00 92.00 74.50 73.75 74.75 73.25 63.25 47.50 100.50 50.25 55.25 70.75 90.00 87.00 58.00 46.25 74.75 69.50 97.50 116.00 121.00 131.50 138.25 123.75 198.00 195.00 129.75 115.00 117.75 144.25 123.00 110.75 116.75 172.25 154.00 148.50 204.75 111.00 90.50 91.75 80.50 71.75 58.50 41.00 35.00 41.25 42.50 45.75 52.25 88.75 60.00 83.00 127.25 108.25 93.75 67.25 46.50 82.50 63.00 79.25 92.75 116.75 85.50 57.25 51.75 37.50 66.00 57.25 70.75 66.75 76.50 58.25 58.25 81.25 67.00 35.50 36.25 41.25 34.75 40.50 53.75 44.25 45.50 38.25 32.75 72.75 63.25 56.25 64.00 53.00 67.50 54.75 63.50 97.00 86.25 85.75 86.75 103.00 92.25 115.25 60.25 39.50 32.75 37.25 48.50 12.75 9.00 8.25 16.25 36.25 32.50 19.50 18.00 9.00 10.75 10.00 3.50 2.75 1.25 0.75 1.00 1.00 1.00 1.00 1.00 1.00 1.00 1.00 0.25 7.25 14.00 16.50 13.50 22.75 71.00 94.00 55.75 39.25 34.25 79.75 82.75 79.75 70.00 66.50 76.75 86.50 72.25 91.00 83.00 50.50 70.00 58.75 65.75 49.25 44.75 62.25 63.25 47.75 61.50 65.75 75.50 39.50 40.25 67.50 80.75 90.25 76.00 73.00 73.50 110.25 87.00 100.75 83.50 86.75 89.25 78.00 94.00 111.50 131.25 116.75 110.75 57.00 80.50 102.50 105.00 128.25 136.25 154.00 107.00 39.75 46.00 49.25 50.50 66.00 104.50 136.00 107.50 109.50 108.00 118.50 76.00 59.25 55.50 58.50 58.25 33.25 55.75 51.75 45.25 52.00 61.00 47.00 55.75 64.50 60.25 60.75 49.25 47.25 82.75 60.75 78.00 70.75 61.25 67.75 70.00 92.25 71.25 56.25 76.75 65.75 64.25 52.25 64.50 67.25 76.00 88.00 88.75 72.75 99.25 60.25 68.75 57.75 50.50 73.75 66.75 63.50 59.50 72.75 62.00 81.50 65.00 67.00
135.25 81.50 109.00 99.50 125.50 111.75 108.50 142.00 149.75 127.00 95.00 78.00 140.50 176.00 110.75 85.25 84.75 81.25 103.25 100.25 75.00 76.25 59.00 58.75 63.75 71.75 85.00 59.75 45.75 38.25 44.50 46.50 62.75 135.25 110.75 164.75 200.25 90.50 102.75 104.00 61.25 54.50 117.50 135.75 127.25 131.50 105.25 85.75 74.50 78.00 75.50 89.25 71.00 58.50 92.25 75.25 92.00 63.75 76.00 90.25 126.75 114.00 121.00 108.00 144.25 101.75 169.00 159.25 81.00 88.00 82.00 87.50 105.25 142.25 114.25 110.00 123.50 109.00 89.25 108.25 138.75 214.75 149.25 136.00 88.25 81.50 74.25 49.00 74.00 58.00 40.50 35.50 34.50 35.75 44.50 51.75 48.75 76.75 84.00 98.00 90.25 108.00 87.25 107.75 63.75 59.25 50.75 87.75 90.50 74.50 66.00 39.75 49.00 32.50 33.50 35.75 40.75 69.25 38.50 53.00 69.25 77.25 90.25 75.25 43.25 43.50 43.00 49.25 63.50 63.50 35.00 24.00 26.50 53.50 63.50 62.50 65.25 69.50 84.25 89.25 78.75 82.25 81.75 93.00 77.00 68.25 88.25 87.75 53.25 38.25 29.75 36.00 37.25 27.50 20.75 30.00 24.00 31.25 36.75 49.00 48.75 52.25 25.50 22.00 17.75 15.50 5.75 3.25 1.00 1.00 1.00 1.00 1.00 1.00 1.00 1.00 4.50 1.75 0.75 0.75 2.75 8.50 5.75 13.00 6.25 7.25 14.00 20.25 26.75 38.25 54.25 61.25 66.50 82.50 87.75 96.75 88.25 63.00 75.75 61.75 79.50 65.25 60.50 53.75 59.00 41.75 63.00 77.75 78.00 47.25 46.25 76.75 81.50 97.75 106.25 119.00 87.50 58.25 47.75 77.75 94.00 72.25 76.25 78.25 75.50 73.00 87.75 86.00 73.00 69.25 100.75 104.00 120.50 133.50 119.75 94.50 101.25 96.25 67.50 50.50 38.50 119.00 114.50 117.00 121.50 106.50 117.00 110.75 71.00 54.50 45.00 52.75 58.25 44.50 47.25 49.25 55.00 53.75 61.00 64.00 38.00 64.75 51.75 43.75 57.00 45.00 62.50 83.00 54.25 55.25 57.50 72.50 78.50 63.25 60.75 63.25 61.50 76.00 57.25 65.50 58.50 64.00 60.00 74.50 74.00 58.25 50.25 56.50 69.75 69.75 60.00 79.00 69.25 57.00 64.00 56.75 59.00 68.25 72.50 68.75
173.75 81.75 118.00 112.25 116.00 71.00 84.50 125.50 76.75 59.75 69.50 56.00 101.25 129.75 186.25 89.25 90.00 89.75 113.75 110.00 62.75 43.25 23.00 23.50 39.50 52.00 49.50 59.75 27.50 37.25 36.50 60.75 51.75 110.50 109.50 178.25 222.25 162.75 48.75 81.25 88.00 97.50 156.50 135.25 116.00 98.75 110.00 62.25 85.00 76.00 88.00 68.50 74.25 93.50 97.50 144.50 146.75 164.50 117.25 163.75 179.25 204.00 187.75 160.00 149.00 147.50 96.50 99.00 71.50 111.50 105.25 77.75 87.25 109.00 88.25 83.75 80.50 92.75 90.75 92.25 86.25 77.50 105.25 128.00 114.50 97.00 53.75 40.75 30.00 42.00 27.00 14.50 21.50 22.25 36.50 36.25 48.00 64.50 90.50 93.50 90.00 79.00 75.00 81.00 58.25 51.00 63.00 83.25 88.75 73.00 43.25 37.25 35.25 42.00 63.75 37.75 54.50 90.25 70.25 92.00 55.75 89.50 86.25 73.50 68.00 51.50 42.25 38.50 47.50 48.00 43.00 32.00 57.50 53.25 73.50 69.00 39.50 64.75 78.50 112.00 122.75 83.75 74.00 63.75 69.50 76.50 76.75 49.50 42.25 47.00 33.75 31.25 18.75 26.50 12.25 9.50 24.25 52.25 66.25 70.25 79.75 107.00 34.00 23.75 23.00 20.25 4.50 1.75 1.00 1.00 1.00 1.00 1.00 1.00 1.00 1.00 0.50 4.50 7.25 7.50 5.75 37.00 25.25 28.25 37.00 50.00 37.50 55.75 65.25 53.50 58.25 55.75 81.00 63.00 83.00 80.75 90.25 64.50 90.75 62.50 78.25 83.25 98.50 68.75 56.25 73.25 72.00 70.00 72.75 93.25 67.25 77.00 94.50 88.00 106.25 89.00 69.25 49.75 51.75 89.75 87.25 89.00 80.75 76.75 74.75 76.25 79.00 57.00 59.00 96.75 77.50 101.25 91.50 90.75 95.25 78.25 71.50 120.50 101.00 74.75 66.00 101.25 108.00 116.25 96.25 92.25 67.00 71.50 68.75 51.50 34.50 48.75 38.50 64.00 69.75 52.75 47.25 53.00 52.50 54.25 63.75 56.00 42.00 50.50 55.50 53.75 65.25 50.00 57.50 55.75 54.75 67.00 62.00 64.25 76.00 65.25 56.25 49.00 64.50 44.75 68.75 65.00 60.25 65.75 61.50 62.25 69.50 61.75 64.50 63.75 62.00 60.50 76.25 51.25 70.75 78.00 67.00 70.00 81.50 78.50
171.50 85.25 63.25 70.50 50.00 49.50 84.50 97.25 84.75 56.00 62.50 58.00 82.25 122.50 179.00 85.75 119.00 77.50 65.75 53.25 25.00 13.50 26.25 19.50 29.50 21.75 39.75 45.00 84.00 45.25 39.50 91.25 112.75 111.00 101.75 126.50 203.50 207.75 85.50 53.25 99.75 85.00 119.00 108.75 105.25 101.50 98.75 113.50 109.25 112.50 115.25 94.00 101.25 55.00 45.75 64.75 105.00 113.75 98.25 139.25 91.00 89.75 110.25 98.50 100.75 86.75 64.75 67.50 61.75 67.75 74.50 64.25 61.25 77.00 70.25 53.25 61.00 68.50 60.75 48.00 88.75 73.00 70.50 111.00 117.50 83.25 50.75 43.50 43.75 57.75 32.00 13.25 12.75 17.50 32.50 17.75 21.50 42.00 73.25 79.50 84.00 52.50 57.00 51.25 56.50 45.50 61.25 56.25 70.50 69.00 51.75 47.25 61.75 62.25 70.50 78.75 96.75 89.25 94.75 73.75 72.75 59.00 56.50 56.50 73.00 57.00 60.50 61.75 73.75 79.25 58.75 66.50 74.50 47.00 73.00 65.00 66.50 86.75 130.00 106.50 122.00 110.25 55.50 59.25 57.75 66.25 87.00 62.50 42.00 48.50 46.50 69.50 64.00 40.00 25.00 29.75 30.25 58.25 60.75 48.25 59.50 56.00 24.00 21.25 20.75 20.00 3.75 3.25 1.00 1.00 1.00 1.00 1.00 1.00 1.00 1.00 2.25 15.75 20.50 13.00 13.50 66.75 63.50 48.00 74.50 78.75 77.75 85.00 90.00 62.50 68.75 73.75 50.00 65.75 66.50 82.00 59.50 72.00 88.25 89.00 109.75 119.25 79.75 82.50 91.25 71.25 94.25 95.75 92.25 82.00 72.00 77.00 93.25 106.75 100.00 84.75 134.75 118.00 60.75 80.00 93.50 85.75 109.50 79.25 90.50 54.00 45.00 44.50 66.75 51.50 68.00 79.25 95.25 72.25 75.50 57.25 68.25 77.00 70.50 58.75 66.00 82.00 70.50 101.00 82.50 66.75 60.25 53.00 70.50 52.75 31.00 49.00 56.75 49.75 59.75 58.75 65.25 57.75 48.75 62.75 81.25 80.00 87.50 76.00 71.50 55.50 41.50 63.50 56.75 53.75 51.00 61.75 60.00 51.00 50.25 55.50 48.00 65.50 63.75 64.25 77.50 59.25 65.75 56.50 58.25 55.25 52.50 59.00 65.75 54.25 67.00 39.50 80.00 63.00 70.25 73.50 61.25 65.25 66.75 70.25
120.00 171.00 68.50 67.75 107.00 70.00 139.75 84.75 99.00 47.25 85.00 44.75 65.25 52.50 87.75 73.25 96.50 72.25 58.00 52.50 43.25 61.75 113.25 85.75 103.25 75.25 58.00 134.25 137.25 81.75 55.75 89.00 65.50 144.25 120.50 118.25 141.50 171.00 79.75 43.25 50.25 89.75 100.75 79.25 70.25 90.25 154.00 80.75 110.75 113.25 94.75 80.75 94.75 64.50 47.50 43.75 99.50 114.25 104.75 95.75 79.50 73.75 69.75 80.25 51.50 39.00 55.50 47.00 36.50 43.25 46.50 52.50 62.00 64.50 59.75 50.50 52.00 62.50 73.00 77.50 71.50 92.25 101.00 175.25 90.00 98.75 69.25 50.50 50.00 39.25 24.50 7.25 4.75 8.50 19.50 31.25 26.00 34.50 57.50 57.00 30.75 23.50 41.00 52.50 47.50 33.25 36.50 51.25 49.25 48.00 46.00 55.25 84.75 104.50 89.50 90.00 67.50 59.75 51.75 37.50 46.50 34.25 58.50 69.25 66.00 62.75 66.00 66.25 72.00 55.00 50.50 49.50 45.25 64.25 53.75 57.25 66.75 102.25 129.75 124.50 138.75 122.00 68.75 43.75 43.25 57.75 55.25 42.25 96.50 66.75 54.50 43.25 41.75 32.25 20.50 27.00 17.75 20.50 17.00 19.75 15.25 9.25 2.75 1.75 1.00 2.75 1.75 3.25 3.25 1.00 1.75 0.25 2.00 1.75 1.50 2.00 2.75 13.75 17.75 15.75 21.50 43.25 70.50 93.25 77.50 71.50 68.25 85.00 76.00 77.75 65.75 68.50 74.25 78.50 64.50 77.00 57.75 74.00 96.50 105.50 100.75 95.75 111.75 103.75 128.75 110.75 86.50 87.25 107.25 83.50 79.00 73.75 94.75 79.00 105.25 109.50 144.00 125.75 83.50 108.00 83.75 87.00 81.25 105.25 103.00 66.50 44.25 60.00 56.75 59.00 82.50 73.25 129.75 86.75 88.25 65.25 57.00 58.75 49.75 63.25 81.50 71.25 103.75 127.00 98.25 81.75 50.00 51.00 58.25 58.75 34.75 41.25 69.00 58.50 34.25 38.25 53.50 67.00 70.00 67.50 65.75 83.25 91.50 93.00 93.00 87.00 61.75 61.00 62.50 69.00 58.25 63.00 66.50 67.50 58.50 64.25 60.75 63.75 82.50 73.50 76.75 64.50 59.25 64.25 43.00 46.25 48.50 59.50 51.50 65.00 76.25 82.50 53.00 71.75 57.25 77.75 61.25 61.25 57.75 74.75
130.25 145.50 69.00 62.25 67.75 85.00 52.50 56.50 66.75 81.25 57.25 45.75 47.00 38.75 80.25 103.25 131.00 104.50 57.25 53.75 74.50 114.00 186.75 182.00 174.50 189.50 125.25 82.50 92.00 68.75 59.00 56.50 60.00 55.75 47.25 46.25 25.25 51.25 47.75 56.75 88.50 114.50 111.25 72.75 62.00 80.25 157.50 123.75 87.25 96.75 72.50 66.75 90.75 102.50 124.25 115.50 134.75 150.00 73.00 60.50 49.00 37.75 43.50 50.50 50.50 44.25 41.75 45.75 53.25 54.50 54.75 50.25 63.00 60.50 69.75 85.50 113.75 109.75 95.00 78.75 56.25 73.00 84.75 86.25 52.00 76.75 45.00 47.25 86.00 50.25 19.75 8.50 14.00 26.00 23.00 10.25 28.25 17.50 46.50 29.50 31.75 18.25 13.50 11.50 16.25 23.50 12.00 30.25 30.75 22.75 43.00 54.50 111.50 116.75 129.25 91.00 63.25 52.75 42.75 38.50 42.50 42.75 48.00 86.25 67.50 56.00 55.25 58.25 53.50 59.50 55.50 43.50 55.00 69.50 61.75 52.00 70.00 76.00 100.50 109.50 127.00 127.25 115.25 84.75 37.25 54.00 49.75 89.75 72.75 82.50 77.50 48.75 40.75 46.50 39.25 24.25 31.25 14.25 30.00 44.50 29.25 23.00 26.50 8.50 7.25 6.25 2.25 4.25 4.75 10.75 16.75 23.00 18.75 19.75 20.75 21.75 25.50 36.00 43.00 23.25 21.25 52.50 73.75 90.00 81.00 77.00 60.00 78.50 63.50 79.25 61.50 78.50 72.00 83.25 83.50 63.75 85.50 72.25 74.25 82.00 84.75 111.00 92.00 111.50 100.50 127.50 73.25 78.00 105.50 81.50 77.50 71.00 75.75 52.75 95.25 116.75 109.50 115.75 129.50 128.75 103.50 142.50 112.00 127.00 70.75 47.50 45.75 41.25 59.25 74.00 97.25 98.50 112.75 83.75 113.75 82.50 71.00 71.50 56.00 82.50 84.00 95.00 91.00 108.50 99.50 99.25 83.00 67.50 75.75 134.50 110.50 71.50 67.00 73.25 60.25 84.75 72.75 60.50 58.75 75.50 55.00 73.50 80.00 66.50 58.25 65.50 65.50 52.00 66.50 63.25 68.25 55.00 72.75 63.25 58.25 69.00 69.25 53.00 61.75 69.75 65.75 62.75 56.25 50.00 50.50 70.25 69.00 72.00 71.00 81.00 62.25 63.25 64.25 70.25 75.00 79.00 98.25 88.50 72.75 60.00
77.75 176.00 42.75 39.00 46.25 47.00 81.75 75.50 102.50 112.75 72.75 106.00 60.00 46.00 86.25 112.25 102.50 120.75 85.00 112.75 116.75 99.50 121.50 100.50 93.75 172.75 158.75 71.00 33.50 81.75 76.25 63.50 38.00 21.25 20.25 36.75 42.50 38.25 56.00 69.00 120.50 87.75 70.00 101.50 116.50 112.00 97.50 153.50 114.00 125.50 100.25 74.25 62.25 83.25 88.75 69.00 77.25 73.00 60.00 41.75 45.25 50.25 52.00 52.75 54.50 43.50 33.75 48.50 60.00 65.25 78.75 71.75 61.50 66.25 70.75 71.50 47.00 37.25 33.00 37.50 51.75 34.75 48.25 44.75 50.75 108.25 188.00 176.50 161.00 67.50 38.00 36.00 32.00 35.50 24.25 26.25 17.25 37.50 40.75 20.50 9.25 25.50 28.50 22.50 24.75 37.25 16.50 32.75 24.25 31.00 31.75 51.25 95.00 112.25 115.25 117.50 77.75 68.75 49.00 46.75 33.00 55.25 49.50 66.75 45.75 55.75 65.25 61.25 48.50 58.75 54.25 53.50 50.50 59.75 72.00 64.00 70.75 89.50 93.25 90.00 111.75 130.50 90.75 85.75 79.50 65.75 75.00 98.00 89.50 87.25 72.00 34.75 54.75 68.25 39.50 18.25 25.50 35.75 23.75 21.25 13.75 11.75 28.75 25.75 5.50 15.75 31.00 10.00 8.25 13.00 6.25 10.25 4.00 3.75 3.50 3.00 4.50 18.75 28.25 25.25 27.00 87.00 68.00 64.50 86.00 74.75 60.25 72.50 92.25 69.00 81.50 80.25 96.75 60.75 56.25 60.50 71.00 85.50 61.75 55.00 68.75 75.50 122.00 117.00 117.00 72.25 75.50 118.50 112.75 98.25 45.75 59.25 61.50 50.00 99.25 103.25 106.75 84.25 94.75 102.75 103.50 89.25 123.75 129.50 114.50 71.25 31.25 42.75 50.25 66.00 82.75 107.25 108.25 107.50 113.00 116.50 108.25 102.25 89.25 109.75 106.00 93.50 77.50 101.75 102.00 94.75 86.25 57.25 94.00 91.00 86.00 52.50 51.00 61.25 55.25 70.50 73.50 72.50 86.50 64.75 71.00 55.75 54.00 47.50 65.50 52.75 58.75 75.75 67.75 76.75 53.00 58.25 66.00 68.00 75.50 76.00 70.25 59.00 58.75 65.25 65.00 59.00 59.75 66.25 70.25 61.00 63.75 66.25 63.75 72.50 67.75 90.00 99.00 88.25 80.25 98.75 99.00 90.25 76.00 79.75
113.25 210.50 72.25 46.50 50.25 48.75 46.75 43.75 58.75 52.25 85.00 147.00 59.00 42.75 89.50 91.75 90.75 118.00 94.25 107.25 113.75 85.75 45.75 71.25 130.75 132.50 136.00 94.50 62.75 109.50 82.50 81.75 96.75 54.25 43.00 42.25 116.25 97.25 83.50 77.75 81.25 73.25 48.50 101.50 113.25 124.75 101.25 104.50 122.25 109.00 102.50 81.75 64.50 60.00 37.25 52.75 37.25 43.00 42.25 57.25 45.50 58.00 59.00 97.00 97.25 94.25 78.50 53.75 40.50 33.50 33.50 10.75 6.25 5.25 3.25 1.25 1.25 4.50 6.25 4.00 4.00 5.50 16.50 18.75 27.50 41.75 21.25 25.00 14.25 29.00 29.25 30.25 32.75 60.25 49.25 38.50 53.75 126.75 73.00 54.00 35.25 39.25 26.75 25.50 16.25 24.75 20.25 40.75 26.50 35.50 51.75 54.50 86.25 109.25 91.75 103.50 74.75 81.50 66.25 65.75 38.25 54.75 62.00 60.25 75.00 72.00 71.00 64.25 64.00 54.00 43.00 65.25 52.25 48.25 70.50 68.00 59.00 74.75 65.00 103.50 92.25 108.50 72.25 96.75 113.75 89.75 69.75 51.25 54.25 80.75 76.75 66.25 78.50 63.00 63.00 30.75 42.25 23.25 16.75 16.25 24.75 18.00 29.00 55.50 36.00 40.50 48.25 27.25 16.25 20.50 3.75 8.00 9.25 12.25 17.25 21.00 31.25 69.00 64.75 64.50 87.50 121.50 115.75 98.25 82.50 70.75 87.75 98.75 119.50 107.75 84.00 122.75 106.25 76.50 75.75 102.00 71.50 81.75 81.75 43.75 46.75 63.00 91.50 92.00 80.00 66.00 125.75 104.00 71.50 122.75 85.50 54.25 48.25 53.00 131.50 148.25 98.00 103.50 97.75 111.50 100.75 99.75 95.50 96.25 99.25 51.25 45.25 74.00 98.25 113.00 91.75 86.25 77.25 70.50 67.25 97.00 115.25 100.75 97.75 95.50 88.25 86.75 95.75 76.50 87.75 78.75 99.50 91.25 115.75 134.25 115.75 54.00 46.25 55.50 63.75 54.50 59.25 82.00 73.75 66.50 91.25 67.75 71.50 68.50 63.75 66.75 52.75 59.75 52.00 47.25 53.00 63.50 49.00 50.50 76.00 91.00 72.25 88.00 84.50 71.50 72.00 70.25 62.50 52.75 70.50 80.75 55.75 81.00 79.50 86.50 82.50 73.50 59.00 102.00 71.75 85.00 73.50 87.25 57.00 62.50
94.00 157.50 97.75 49.00 57.50 55.75 38.25 61.00 67.50 64.25 105.25 93.25 62.00 79.25 119.75 109.75 73.75 107.00 73.00 119.75 122.25 70.25 59.00 142.00 187.25 142.25 82.75 85.00 137.00 107.75 146.50 149.00 119.00 93.75 44.75 78.25 157.00 89.75 68.50 115.25 157.00 83.75 143.25 204.25 205.00 158.75 144.25 119.25 95.50 79.25 54.25 61.75 41.25 71.25 41.25 42.75 47.75 70.75 63.25 71.25 68.00 51.25 46.50 46.50 30.00 20.00 14.50 11.00 8.50 5.00 12.75 9.25 4.75 13.75 9.00 8.50 3.75 4.25 6.75 15.00 16.50 20.00 35.00 28.50 22.00 31.25 42.50 26.25 39.25 96.75 38.00 31.00 40.75 27.75 33.00 46.50 44.25 82.00 87.00 60.75 33.50 52.50 18.50 30.25 11.25 10.00 28.00 34.50 28.50 39.00 44.25 60.50 61.75 83.75 61.00 70.00 75.75 84.00 57.50 49.75 67.25 55.50 48.75 77.50 75.50 79.00 77.25 89.25 67.75 73.75 55.25 60.00 48.00 51.75 76.00 103.00 92.50 56.50 84.75 64.50 85.25 107.50 106.25 90.25 79.75 72.00 67.50 48.75 57.75 64.00 82.00 60.75 51.25 43.25 52.25 39.50 49.00 35.25 34.50 45.25 52.75 67.75 65.00 71.00 77.00 61.25 50.75 59.75 73.00 81.75 84.25 83.50 78.25 80.25 75.50 80.75 78.50 68.00 66.75 93.25 99.75 123.75 128.50 124.75 97.75 105.75 128.25 113.75 97.00 101.25 113.00 134.75 115.75 117.25 105.25 94.75 86.75 61.75 73.25 52.25 39.00 61.25 38.25 36.00 75.00 82.00 70.00 93.00 165.50 117.00 113.50 90.50 55.75 55.00 84.25 99.25 79.25 88.00 87.00 84.50 97.50 100.75 86.00 77.00 79.75 83.25 72.00 144.25 129.50 94.25 107.75 91.75 74.00 77.25 69.25 96.00 118.75 99.25 120.25 98.00 81.00 72.00 65.25 64.75 60.00 64.50 57.25 75.50 111.50 96.00 106.50 73.75 59.00 72.25 63.75 78.00 83.75 68.75 69.50 50.75 56.50 66.50 69.75 66.75 73.00 75.25 63.00 75.50 79.25 61.50 67.75 71.00 61.50 58.25 80.00 66.75 72.25 71.50 59.50 60.25 75.75 68.00 66.75 87.75 70.00 82.50 72.00 73.25 68.00 64.50 50.75 52.75 49.50 43.25 42.50 29.75 13.00 13.25 15.75 20.50
67.75 90.50 137.50 46.00 61.75 107.00 59.50 62.50 67.25 83.25 104.00 101.25 124.25 131.00 102.25 187.25 87.75 139.00 92.00 113.75 69.25 48.50 48.25 114.75 137.75 161.25 122.25 87.75 106.25 112.25 107.50 82.50 93.75 116.75 67.25 58.75 98.75 111.75 110.50 126.00 77.00 82.50 124.00 123.25 162.75 179.25 108.75 121.25 73.50 65.50 52.00 45.00 53.50 68.75 37.00 38.00 32.25 51.25 24.25 19.75 21.00 8.50 17.25 14.75 5.50 7.25 4.75 28.00 16.25 38.50 46.50 56.75 66.25 87.25 60.25 29.75 20.25 21.00 31.25 40.75 30.50 72.25 144.25 41.25 28.75 38.25 61.25 40.00 48.00 62.50 88.75 30.75 33.75 76.50 53.00 42.25 53.00 97.50 67.00 88.25 58.75 61.75 41.00 35.00 34.50 38.00 44.00 40.50 27.50 30.75 56.50 97.50 107.25 88.25 78.75 78.75 62.75 77.00 67.25 63.25 66.00 75.50 68.00 75.00 54.75 58.25 116.25 123.50 90.00 72.50 77.75 61.75 63.50 64.50 94.00 110.00 115.25 68.00 63.75 52.75 62.00 78.25 82.00 67.75 75.75 68.75 56.25 25.25 71.75 80.50 50.25 74.25 69.25 54.50 68.00 91.50 54.25 56.25 38.25 50.50 51.75 56.50 39.50 35.50 47.50 57.50 49.50 69.75 104.25 89.50 94.25 86.25 93.50 94.50 100.50 58.75 72.00 67.75 77.00 77.25 88.25 104.25 120.25 99.00 87.25 111.50 116.75 95.25 111.50 105.00 102.75 108.75 115.25 126.00 104.00 105.00 109.50 77.00 72.25 81.75 46.50 53.75 68.50 64.50 84.25 63.50 80.50 104.50 84.75 102.00 113.25 90.50 70.00 71.50 88.25 106.25 98.50 73.25 86.00 79.00 117.00 145.50 96.50 94.00 123.25 120.25 111.50 126.00 132.50 115.75 112.50 99.50 93.50 86.00 74.50 94.75 112.25 101.75 108.00 89.75 87.00 53.00 38.25 51.00 53.75 77.00 74.50 81.00 68.25 62.75 81.75 59.00 66.75 73.50 73.75 102.00 101.75 59.25 67.25 58.25 54.75 71.75 63.50 72.50 78.75 59.50 80.50 60.25 51.00 64.50 49.25 58.25 63.00 94.75 100.00 108.50 107.75 61.50 79.25 86.75 62.25 68.50 49.00 65.50 61.00 57.00 56.00 54.25 43.50 27.25 15.75 10.75 5.75 6.75 2.75 10.25 18.75 23.00 5.25 13.50
42.25 93.50 97.25 47.50 37.50 57.50 41.50 64.25 96.25 126.25 113.25 129.50 115.25 96.50 112.00 141.00 91.50 96.00 91.00 88.00 66.25 81.00 82.75 66.75 98.75 114.25 122.50 118.00 74.00 60.50 69.50 82.75 105.00 120.00 82.75 55.00 100.75 98.75 115.75 75.50 66.25 79.25 102.25 120.75 119.00 90.00 94.50 70.00 58.50 44.50 51.00 45.25 34.00 49.50 44.25 66.00 25.50 28.00 39.00 23.75 4.25 7.75 5.00 11.75 1.25 2.75 1.50 24.00 37.25 75.25 79.25 83.50 95.50 86.75 90.50 51.00 40.25 41.75 64.50 74.75 106.50 72.75 164.75 97.25 44.50 33.00 65.75 80.00 75.00 66.75 107.00 47.25 47.50 66.25 62.25 87.00 117.00 76.50 76.75 76.50 81.00 71.00 65.50 46.00 36.50 40.75 36.00 32.75 39.75 32.00 58.00 94.75 99.00 92.75 70.75 90.50 98.50 122.50 97.00 95.75 110.50 75.25 66.00 66.75 60.00 50.00 72.00 58.00 99.25 66.75 59.00 57.00 50.50 73.00 96.75 99.00 88.00 82.00 44.50 59.50 38.75 54.00 79.50 79.00 53.25 44.50 43.75 31.50 52.00 70.50 62.50 74.50 91.25 84.50 37.00 46.50 46.00 68.00 39.75 51.75 68.25 66.75 41.50 31.00 37.25 57.50 49.00 59.25 57.50 54.00 59.00 39.75 51.75 103.00 90.25 78.25 104.00 81.75 82.25 88.50 100.75 72.75 85.25 69.50 92.25 112.00 115.25 96.25 111.50 96.00 115.25 105.25 108.25 124.75 96.00 81.00 63.50 67.75 82.75 100.00 109.00 84.25 54.00 68.00 69.00 69.75 87.00 89.50 98.00 107.25 137.00 129.75 82.00 112.75 118.50 124.00 74.75 77.25 66.25 64.75 90.00 132.75 123.25 128.50 128.25 111.75 129.50 96.00 119.00 97.50 92.50 96.50 105.75 105.00 105.25 118.25 108.75 107.50 96.25 93.75 61.25 48.00 42.00 46.25 65.50 95.00 101.25 64.75 74.50 64.00 84.50 137.25 103.75 92.75 65.25 60.75 63.25 56.50 70.00 66.00 64.25 60.75 63.50 58.75 65.00 44.50 60.25 68.00 60.75 77.75 62.25 83.00 90.00 111.50 113.00 94.25 101.50 53.00 77.50 82.50 43.50 50.50 27.75 38.50 25.50 22.00 23.00 22.50 26.25 23.25 22.50 36.75 25.75 28.50 25.25 34.75 26.75 43.00 27.25 26.00
38.50 54.00 60.25 56.75 61.75 117.75 82.25 42.25 88.00 128.25 102.25 146.75 106.00 81.75 117.00 119.00 113.50 86.50 85.25 62.75 67.50 60.00 83.00 50.50 105.50 113.00 87.25 106.50 50.00 57.75 60.75 115.00 102.25 60.50 86.25 75.50 47.00 32.75 86.00 86.25 67.50 77.75 93.50 78.00 81.50 86.25 90.25 73.50 85.50 65.50 103.00 123.50 87.25 83.00 68.75 85.25 36.25 30.25 34.25 30.75 10.75 6.75 21.75 18.25 5.25 6.00 14.00 21.25 35.75 45.25 54.25 72.75 81.25 68.75 107.75 133.75 102.75 94.75 112.50 113.50 108.25 110.75 125.75 93.75 46.75 46.25 96.25 144.50 124.00 121.50 115.25 80.00 76.00 79.50 109.75 97.75 96.00 55.75 68.50 54.25 34.25 33.50 50.75 40.75 31.00 35.50 32.25 43.00 43.75 41.25 67.25 87.00 96.75 93.50 61.25 62.00 112.00 118.00 119.00 92.75 110.50 123.50 83.50 62.00 60.25 91.25 87.50 110.25 125.75 123.00 69.50 73.00 58.50 81.25 86.00 108.25 128.75 94.50 48.25 55.75 46.50 84.25 114.50 88.00 59.50 33.50 38.00 51.00 62.75 76.25 68.50 64.25 57.00 58.25 46.50 52.50 66.25 54.75 65.25 29.00 62.00 73.00 64.25 65.50 36.00 55.00 59.25 53.75 51.50 42.00 25.25 17.00 64.25 71.50 113.50 93.25 67.50 96.75 104.00 102.25 109.25 103.50 64.50 89.25 97.25 94.50 112.50 103.25 101.25 89.50 115.25 104.25 93.50 88.75 74.25 67.00 50.00 61.50 91.50 99.50 114.00 76.75 39.75 54.25 78.25 99.00 77.50 73.25 81.00 101.00 91.75 89.00 82.25 101.00 73.50 67.25 71.75 81.00 73.50 80.25 101.25 129.50 97.25 96.25 92.50 98.50 101.25 93.50 96.00 115.25 75.25 104.50 106.50 104.50 95.00 83.00 83.00 94.75 73.50 79.50 44.00 42.50 42.00 41.75 79.75 79.25 107.25 63.75 47.00 43.25 74.75 78.50 88.75 59.50 71.25 69.00 72.75 91.75 76.50 80.25 83.75 82.25 67.00 69.25 72.25 57.25 67.75 70.50 61.75 73.75 63.75 54.50 105.50 69.25 47.25 65.75 36.75 28.75 34.50 28.50 26.75 22.00 12.25 19.50 15.50 31.50 24.75 29.25 17.50 24.00 8.25 37.00 35.25 32.50 35.50 25.50 30.00 27.00 29.00 37.75
40.50 69.00 120.50 107.00 155.25 146.50 115.75 54.50 87.25 86.50 68.50 77.50 84.75 116.50 75.75 129.00 73.00 81.50 94.75 83.25 97.25 88.00 91.50 71.25 104.50 97.25 112.50 65.25 57.25 71.75 78.00 86.75 39.00 45.00 74.25 64.50 102.75 102.50 89.75 107.25 114.00 105.25 75.50 72.00 48.75 74.50 94.75 81.50 61.50 97.00 88.75 99.75 106.25 85.25 81.75 62.25 50.75 28.25 44.25 35.50 32.75 44.50 97.50 100.50 73.00 62.75 64.25 62.75 62.50 101.50 52.25 43.25 59.00 52.00 72.00 106.50 66.75 76.50 64.50 74.25 58.75 55.00 56.00 127.75 52.75 55.25 114.50 154.00 117.00 108.75 90.25 76.75 60.25 86.00 115.00 101.25 92.75 84.00 63.25 35.50 31.50 39.25 35.25 34.75 34.75 49.00 42.00 52.25 51.50 64.50 77.75 99.00 81.75 141.50 110.75 78.50 81.50 93.25 114.25 128.25 115.25 111.75 98.50 73.50 64.75 102.00 126.50 91.75 90.75 105.25 103.25 95.50 57.75 86.75 106.50 100.00 94.50 68.00 36.50 45.25 40.25 69.75 90.00 69.25 22.00 47.75 52.25 70.00 72.75 58.00 73.75 53.50 58.25 55.50 49.75 24.25 36.00 67.25 85.75 35.00 67.50 40.75 54.75 43.25 28.25 36.50 61.50 101.00 92.25 86.00 88.50 97.75 115.50 61.75 69.50 67.25 60.75 80.25 113.50 119.25 94.50 79.25 58.00 77.75 86.25 73.75 79.00 95.00 70.75 67.50 87.75 114.25 89.75 93.75 92.75 70.50 105.25 136.25 85.25 100.00 109.50 76.00 70.75 78.50 67.00 35.25 35.50 48.00 72.25 77.75 94.25 79.25 54.75 67.50 60.75 46.50 65.50 81.25 78.50 83.50 88.25 98.75 108.50 100.75 121.25 98.00 112.00 82.75 83.25 66.00 89.50 102.50 96.75 106.00 102.25 82.25 75.50 95.75 63.25 52.75 44.25 29.50 38.75 33.25 26.00 32.75 37.25 44.75 47.75 43.75 53.00 72.25 60.75 42.25 105.50 81.00 90.50 92.25 86.25 93.25 82.75 73.25 68.75 77.00 71.75 99.50 67.75 76.25 60.75 50.50 44.25 35.00 32.50 27.25 11.00 25.25 22.75 21.00 21.75 21.00 11.00 25.25 32.00 39.25 36.25 22.75 29.50 37.75 31.75 32.25 28.50 40.25 29.25 31.75 28.75 40.75 37.75 41.25 42.50 43.00
44.00 64.50 130.25 108.25 122.25 127.25 135.25 126.50 102.75 66.75 61.00 54.25 114.50 80.25 53.00 88.50 85.75 79.00 113.25 77.75 94.50 80.25 84.75 58.75 45.75 39.25 79.75 86.25 130.25 71.75 95.75 140.00 133.00 131.25 121.75 86.50 149.25 112.50 142.25 128.50 135.00 136.25 79.00 62.50 70.50 129.00 69.75 76.00 88.25 108.25 87.50 73.75 80.75 53.50 72.75 81.75 45.25 42.50 38.50 37.75 43.50 64.00 82.50 93.50 112.00 92.00 99.25 92.00 101.75 54.50 82.25 92.25 47.00 51.00 49.00 42.25 45.75 42.75 45.25 42.25 31.25 39.25 18.50 60.00 43.50 43.50 91.50 106.00 106.25 104.25 105.25 94.00 86.75 119.50 100.25 109.00 108.25 69.75 36.75 33.25 35.00 34.75 43.00 55.50 38.25 45.00 36.25 62.50 104.25 132.00 114.50 103.00 86.50 118.75 89.25 108.00 91.50 104.50 111.00 133.50 96.75 106.00 111.00 108.75 72.50 88.75 81.00 66.00 100.00 107.00 98.75 113.50 108.00 87.50 72.25 69.00 91.50 74.00 40.25 40.50 28.50 39.75 45.50 35.00 42.25 76.50 55.50 86.25 64.75 93.00 101.25 131.25 57.25 121.25 107.25 45.00 49.75 49.25 91.25 81.00 37.75 50.50 30.75 23.75 20.25 51.00 48.25 59.75 98.50 94.25 95.25 101.25 120.00 77.00 32.00 70.75 66.50 67.75 86.50 74.00 88.75 60.00 64.50 72.00 82.00 56.25 76.50 56.75 57.75 71.50 59.75 58.25 87.50 69.25 79.75 130.25 144.00 116.50 109.00 96.75 99.50 80.75 86.50 84.50 83.75 87.50 62.50 61.25 69.25 61.00 94.00 59.75 47.25 35.50 47.25 72.25 93.75 83.25 73.50 95.25 91.25 90.00 91.25 69.50 90.75 81.75 78.00 78.25 57.25 82.75 94.25 81.50 106.00 112.00 114.25 115.75 62.50 76.25 72.50 65.25 28.00 25.50 20.00 26.50 33.00 40.50 43.75 50.00 90.75 123.25 94.75 80.25 63.00 82.25 89.75 106.00 106.00 81.25 81.00 88.00 67.25 45.50 44.75 35.75 53.50 42.50 25.00 35.50 39.00 33.50 45.25 22.75 17.75 30.75 35.75 49.75 46.25 36.00 39.75 29.50 35.75 25.50 14.75 22.75 17.50 19.25 27.75 34.25 36.00 36.50 27.00 41.50 53.00 41.00 35.50 59.75 85.50 43.00 72.25 51.00
65.25 98.50 77.75 68.75 75.25 128.00 127.25 73.00 69.50 57.50 60.00 41.75 43.75 34.00 83.50 83.25 116.50 61.00 97.25 64.50 84.25 53.50 45.75 53.00 78.25 163.75 131.00 110.25 121.00 108.00 99.25 157.50 206.50 203.75 116.75 105.00 94.00 84.75 73.50 90.25 66.00 81.25 84.50 90.00 44.25 56.50 55.00 35.50 37.50 48.00 77.25 61.25 45.75 59.00 115.50 69.75 27.25 43.00 28.00 24.00 28.50 52.00 81.25 94.75 75.50 74.75 52.25 50.75 52.25 37.00 50.00 32.50 35.50 28.75 18.50 11.00 7.25 1.00 8.75 3.25 6.50 7.25 18.25 31.25 33.00 35.00 87.25 89.25 80.00 67.00 98.00 89.50 103.75 78.50 100.25 71.50 72.75 76.25 54.75 41.75 36.00 49.50 42.75 53.25 59.50 40.00 41.25 75.50 120.00 115.75 144.75 115.25 95.00 83.50 83.75 89.00 116.00 126.25 93.75 131.00 89.25 95.25 94.50 103.00 102.50 101.75 76.00 69.75 88.25 90.25 107.25 96.75 115.50 87.50 82.00 62.75 89.75 89.00 90.75 58.00 43.50 41.00 31.25 27.50 31.25 47.50 53.25 73.75 79.50 79.00 93.00 109.25 95.75 91.00 129.50 56.00 61.75 49.50 41.25 38.50 32.50 32.00 37.25 61.50 64.25 55.00 47.50 43.00 44.25 79.75 96.25 84.00 79.25 108.00 68.75 76.25 92.50 84.50 116.75 94.75 106.25 61.25 30.50 59.50 58.50 72.50 83.75 110.25 104.25 84.25 55.25 64.00 75.00 82.25 92.75 117.75 118.25 107.00 88.00 61.50 104.00 99.25 78.25 56.75 69.75 84.50 96.75 70.75 66.25 48.50 38.00 50.75 63.50 41.25 46.75 56.75 67.75 119.00 125.00 106.25 85.50 72.50 62.00 69.25 70.00 92.50 116.75 75.00 64.75 71.50 77.75 76.25 79.25 101.00 72.75 81.75 58.50 56.25 51.25 42.25 64.25 59.75 39.75 44.75 53.50 41.50 46.75 74.50 89.00 112.75 98.50 97.50 73.25 86.75 71.75 111.00 74.00 45.50 39.75 43.25 28.00 18.50 29.50 26.00 39.50 41.75 39.50 24.75 32.00 43.50 39.50 27.00 42.25 40.00 29.75 21.75 14.75 18.50 30.00 33.75 22.25 23.50 23.75 34.25 35.75 43.25 63.25 47.75 42.75 54.75 83.25 57.75 79.00 49.50 54.75 61.75 47.75 50.00 60.50 55.00
80.75 100.75 87.50 65.25 72.50 75.50 62.25 51.00 79.25 84.25 58.00 49.25 71.75 58.50 64.75 82.50 171.00 90.00 103.75 63.75 93.50 106.50 82.25 79.00 91.50 152.25 169.00 122.50 155.75 140.25 142.25 88.00 128.75 139.75 125.50 87.00 97.25 155.50 143.75 102.00 74.25 67.00 35.50 50.50 45.75 23.25 26.75 13.00 19.00 22.00 21.00 16.50 37.75 31.75 62.50 58.75 20.50 12.00 4.00 16.00 6.50 32.25 25.50 38.00 26.50 39.25 36.50 27.50 11.25 22.25 7.25 4.50 3.25 3.50 2.25 3.75 0.50 0.50 2.00 2.00 8.00 4.75 12.50 34.00 33.25 29.25 84.00 84.00 84.75 82.25 79.75 105.00 129.50 90.50 81.75 53.50 95.00 110.50 97.75 96.00 82.25 56.50 65.25 56.75 89.75 40.00 56.50 85.75 118.50 123.25 104.50 91.75 87.50 68.75 69.75 63.50 111.25 113.00 90.75 72.50 87.25 93.00 90.75 108.75 96.50 80.25 77.25 95.75 115.25 101.25 81.25 58.00 71.50 62.75 80.50 78.00 71.25 85.75 84.25 77.00 26.50 33.50 30.00 36.75 35.25 57.50 81.50 111.75 80.50 97.50 125.50 111.25 80.50 80.75 109.50 102.00 120.25 77.00 54.50 38.25 33.75 42.50 37.50 63.00 46.00 42.25 98.75 77.50 41.25 51.75 66.75 78.00 80.75 70.00 71.25 96.25 83.50 106.50 68.25 77.25 70.25 56.75 75.75 81.75 85.50 63.25 97.00 120.00 116.75 97.25 81.25 73.50 69.75 79.25 88.00 73.50 82.50 74.25 60.25 68.00 67.50 99.75 73.00 63.50 86.50 64.75 75.50 74.00 49.75 48.50 39.50 91.75 125.00 70.00 63.25 76.75 68.50 94.25 94.50 94.00 117.25 80.50 92.50 74.00 80.75 64.00 80.75 69.50 50.00 66.75 102.25 98.00 75.00 66.25 54.25 58.25 42.50 45.50 39.00 44.75 46.50 37.25 26.50 27.00 35.00 36.25 59.25 98.50 59.00 40.25 50.50 46.00 37.00 35.50 45.00 44.75 26.75 30.25 26.50 35.00 23.00 28.00 33.00 39.25 30.25 29.50 24.00 21.00 23.75 26.25 40.75 27.75 24.50 27.00 38.00 43.50 33.50 45.00 36.00 47.50 62.00 52.50 55.00 80.25 79.00 52.75 92.25 80.25 76.75 65.50 74.00 56.00 54.50 64.00 56.75 76.25 99.25 74.25 120.50 84.75
62.50 56.75 145.75 76.75 61.00 81.25 99.50 90.50 81.25 104.75 117.50 95.75 75.00 67.00 135.50 99.00 120.50 80.75 87.75 90.50 119.00 117.50 84.75 129.75 110.50 88.00 129.50 105.50 135.00 88.00 69.25 90.00 109.75 99.75 81.25 92.50 48.25 114.25 122.00 69.50 42.50 80.00 69.50 65.50 38.00 27.50 34.50 26.25 13.50 42.25 36.25 22.50 46.50 27.00 81.75 75.75 26.75 15.75 25.25 23.25 12.75 29.25 21.25 12.25 4.75 6.50 6.50 4.75 1.00 1.00 1.00 1.00 1.00 1.00 1.00 1.00 0.50 2.00 0.25 7.25 10.25 6.25 12.50 35.25 29.25 62.75 92.75 100.75 81.00 73.50 81.50 74.50 55.00 60.00 55.50 75.25 80.50 97.00 109.75 125.25 77.75 59.50 83.50 76.00 50.75 33.00 48.50 57.00 73.25 101.00 104.50 121.00 83.75 70.75 55.25 63.50 88.25 84.00 78.75 78.25 69.75 70.00 93.25 120.25 94.75 70.00 79.50 122.75 129.00 121.00 122.25 80.00 61.00 143.25 88.75 65.25 42.00 87.75 79.75 119.50 64.00 73.75 66.25 55.00 60.75 77.25 74.75 81.75 92.25 95.00 89.00 95.25 91.50 90.25 136.25 131.00 95.25 85.25 57.75 76.75 49.50 38.00 56.75 87.25 85.25 60.75 65.75 95.50 71.00 68.25 57.00 33.75 41.50 28.50 65.75 65.25 73.00 88.50 37.50 54.00 37.25 42.50 52.25 82.75 49.50 57.75 91.75 112.75 89.25 99.00 59.50 65.25 60.75 60.50 110.00 103.00 62.75 73.00 43.50 71.00 64.75 89.50 65.75 79.75 98.25 64.50 79.00 54.00 42.75 39.25 68.25 71.00 111.00 99.75 73.00 93.75 75.25 100.25 128.75 75.75 103.50 114.75 100.00 71.00 58.75 43.50 40.50 38.50 59.25 64.75 101.50 116.00 65.50 59.25 42.50 47.50 35.50 29.00 26.75 50.50 34.75 27.00 26.00 24.00 4.00 13.00 27.50 29.25 31.50 15.25 20.25 46.25 32.50 48.50 45.00 24.75 31.75 22.00 26.75 42.25 42.00 25.25 30.75 23.25 15.75 16.25 11.75 19.50 22.00 40.00 43.00 51.00 46.00 54.75 49.50 46.25 34.75 42.00 42.25 47.75 37.50 40.50 49.00 45.75 35.50 47.00 48.50 41.50 68.50 77.25 71.00 71.75 96.00 71.00 86.50 80.25 89.00 71.25 86.00 85.25
66.75 84.25 161.25 163.00 71.75 88.75 100.25 95.75 69.25 79.50 143.75 192.75 114.25 72.75 90.00 84.00 70.50 113.75 89.25 89.50 101.75 104.75 104.00 74.75 54.50 37.75 58.00 42.00 23.25 19.50 33.25 44.25 37.50 44.25 28.25 47.75 80.50 95.50 76.75 72.25 40.25 74.50 85.75 71.00 44.25 33.00 38.25 16.00 17.50 38.00 18.00 23.50 30.25 26.25 29.25 39.00 4.75 2.25 4.25 6.25 4.25 4.25 2.25 3.50 3.25 0.75 0.75 3.25 1.00 1.00 1.00 1.00 1.00 1.00 1.00 1.00 1.75 0.75 1.50 15.25 9.25 22.00 25.50 74.25 66.50 84.00 101.25 109.00 93.25 69.25 81.25 72.75 46.50 51.25 65.50 67.75 102.50 106.50 111.75 84.50 95.75 80.75 97.50 73.00 96.25 71.50 48.50 44.75 72.75 92.50 83.75 67.50 83.50 51.00 59.75 55.50 54.25 81.00 95.75 115.50 96.50 83.25 84.50 122.25 125.25 109.00 96.75 99.50 96.75 96.75 103.00 83.50 83.75 129.25 81.25 57.50 42.50 80.50 60.00 67.50 80.00 110.00 118.25 98.00 86.50 99.75 102.00 96.25 102.75 121.50 122.75 89.50 91.00 94.75 88.25 84.25 112.75 83.75 36.00 22.25 39.75 46.75 51.75 69.00 75.00 82.25 55.00 101.00 89.75 73.75 106.75 45.00 37.50 74.25 77.50 92.00 81.50 102.75 74.25 36.25 46.25 66.50 77.00 58.25 69.25 54.75 97.50 79.00 64.25 72.00 40.25 48.75 51.50 36.25 57.00 48.75 42.50 71.00 56.25 76.25 76.25 80.75 89.75 90.50 108.00 83.75 96.75 61.50 76.00 38.00 73.75 98.25 102.50 78.00 105.25 128.00 90.75 90.00 96.00 90.75 83.75 96.50 109.50 94.25 75.75 42.25 40.25 58.25 55.75 45.50 52.00 51.00 31.50 39.50 17.00 22.00 18.75 9.00 4.25 15.00 24.75 20.00 17.75 23.50 19.00 21.50 17.50 22.50 32.75 26.25 29.00 38.75 26.50 21.75 19.75 22.00 9.00 8.25 17.25 31.50 36.75 18.75 14.25 6.25 7.75 13.25 12.50 43.25 42.75 41.50 82.25 81.50 88.25 62.00 54.50 36.25 36.00 30.50 22.50 28.75 36.75 36.00 51.25 61.75 77.25 85.50 80.00 89.50 81.00 92.25 75.25 60.25 55.00 77.50 54.25 102.75 59.75 75.50 69.00 73.25
121.75 126.75 137.00 141.00 58.75 113.50 174.50 169.50 129.25 64.75 151.25 135.75 155.25 116.25 41.75 47.25 65.50 104.75 111.75 110.00 52.25 56.25 66.50 84.00 83.50 89.25 58.25 63.00 82.75 67.00 45.50 52.50 50.25 48.25 35.75 54.00 57.75 49.25 46.50 38.00 58.25 57.50 63.75 61.50 59.50 82.50 70.75 72.75 45.75 50.50 40.50 31.50 15.50 18.50 32.50 49.25 23.75 37.75 34.75 45.50 27.00 27.50 26.25 14.25 0.25 1.75 1.75 0.25 1.00 1.00 1.00 1.00 1.00 1.00 1.00 1.00 2.75 0.50 4.00 24.00 23.50 46.50 80.25 82.00 90.75 100.25 101.00 92.25 72.75 62.50 67.00 50.00 42.50 52.50 95.25 66.25 78.75 77.25 83.25 128.25 144.00 117.50 79.25 75.25 65.75 51.00 57.75 36.75 33.00 36.25 47.50 44.00 50.50 44.50 56.50 64.00 66.25 62.00 70.75 96.00 89.25 68.50 91.25 111.75 125.50 116.00 74.00 78.50 70.00 66.25 59.00 56.75 67.75 120.25 124.25 102.50 56.50 75.75 72.50 89.50 112.50 141.75 118.00 119.25 111.00 117.00 110.25 66.50 71.25 106.00 116.50 78.50 65.25 51.00 73.50 96.00 57.25 77.25 57.00 48.25 44.25 70.25 60.50 70.25 84.25 111.50 93.75 67.50 111.00 115.25 89.25 56.25 105.50 122.25 87.25 84.00 101.50 97.75 68.75 41.75 86.00 123.25 112.50 97.50 79.25 103.25 82.00 73.00 54.00 42.75 36.25 33.25 30.50 21.50 27.50 25.00 45.00 56.75 104.50 116.25 81.50 95.75 94.75 90.00 110.75 81.25 78.00 73.25 66.50 58.75 73.50 87.00 94.75 102.75 93.75 106.00 81.25 94.00 77.75 76.25 90.75 91.50 70.75 86.00 52.75 35.50 35.25 39.50 26.25 21.50 24.25 28.75 16.50 10.25 14.50 6.25 18.25 11.50 12.75 13.00 35.50 35.00 32.25 49.25 56.00 44.00 40.75 45.25 20.75 20.00 17.50 14.50 14.75 15.00 20.25 26.75 13.50 23.50 24.25 14.50 18.25 14.25 17.50 22.75 24.50 30.00 31.50 48.75 40.75 60.25 85.25 76.50 71.00 48.75 69.50 70.75 55.00 57.00 59.50 73.00 88.25 88.00 94.75 92.25 93.25 112.75 109.75 94.25 82.00 80.50 145.25 110.25 75.00 97.50 49.75 63.75 42.50 45.50 59.75 56.75
98.00 133.00 114.75 119.00 96.00 79.75 124.25 110.00 107.75 69.25 51.50 118.50 104.25 143.00 61.50 49.25 51.75 59.50 78.00 69.50 48.25 64.00 58.50 62.25 86.75 58.25 37.00 65.75 74.00 47.25 69.00 67.00 38.25 17.25 24.00 40.00 57.00 70.75 67.00 71.00 83.50 50.25 48.00 88.00 120.00 73.25 59.50 116.00 110.50 101.00 123.75 72.50 55.75 57.50 44.00 59.50 42.75 75.25 78.00 102.00 101.50 95.50 74.25 30.00 14.75 24.75 24.75 14.75 1.00 1.00 1.00 1.00 1.00 1.00 1.00 1.00 1.75 1.75 7.50 28.75 31.00 64.75 114.25 104.00 112.75 95.50 70.50 51.25 56.25 50.50 41.50 45.25 63.50 84.25 83.75 75.75 69.00 87.50 122.25 185.00 133.50 154.50 163.25 104.75 79.25 86.50 75.00 42.00 39.50 38.50 61.25 55.50 39.00 58.75 52.00 119.50 101.75 56.00 50.50 51.75 77.00 64.75 48.25 101.25 96.25 87.75 80.50 64.00 38.00 42.25 40.00 60.00 69.50 77.00 94.00 90.75 66.50 74.00 72.25 80.75 100.25 125.00 119.25 114.25 110.00 77.00 82.00 71.00 56.75 88.50 88.50 74.25 65.25 76.50 84.00 73.00 65.25 83.75 39.25 42.25 43.50 87.50 84.50 108.00 111.00 118.00 110.75 75.00 44.00 92.25 96.50 82.25 107.50 99.75 88.75 54.00 70.25 41.75 69.00 65.75 90.00 101.25 109.75 113.25 93.25 76.75 78.00 66.25 81.25 70.25 26.75 29.50 28.75 32.25 30.75 27.75 33.50 49.00 91.25 80.75 86.50 77.50 95.25 102.00 71.00 80.25 88.75 130.75 67.00 61.00 56.00 127.25 96.00 66.00 103.50 65.00 70.00 74.00 49.50 58.00 47.75 46.75 29.50 28.25 30.50 21.75 22.75 20.25 17.00 11.25 5.00 8.50 18.50 13.75 11.00 17.50 34.00 33.50 45.50 42.75 55.00 47.75 30.50 45.00 50.25 24.50 40.50 40.50 44.75 41.75 35.50 30.00 42.50 40.75 53.25 73.75 53.25 80.75 79.50 49.75 47.00 46.25 46.50 55.00 82.50 94.00 109.50 95.50 81.50 72.75 74.00 47.75 56.75 72.25 86.25 63.75 48.00 55.50 56.50 62.25 81.00 96.25 99.00 75.00 70.25 78.25 85.50 51.00 33.00 32.75 55.75 31.25 52.00 44.50 70.25 61.00 122.25 124.50 154.75 176.25
88.75 127.00 150.50 76.50 103.50 54.50 48.75 57.25 78.25 55.75 40.75 43.25 70.50 74.25 42.00 52.25 121.00 68.50 59.25 48.25 33.75 34.00 38.00 32.00 29.50 21.25 31.50 56.50 49.00 58.50 69.75 100.75 83.75 74.50 42.25 45.75 70.50 72.50 69.50 54.25 95.25 83.75 95.75 96.00 117.50 73.25 133.25 142.25 93.00 95.50 124.00 106.00 75.75 93.50 71.50 50.25 92.00 93.50 95.25 119.75 102.75 91.25 81.50 45.25 30.75 17.25 29.75 8.00 0.00 2.00 0.75 4.00 2.25 4.50 12.00 17.75 24.75 14.75 13.50 35.25 38.50 57.25 96.75 92.25 93.25 91.25 91.50 61.50 56.25 67.50 62.00 66.25 48.00 72.25 76.50 53.50 82.75 137.50 142.25 145.75 155.00 127.75 168.50 108.00 113.50 104.50 98.75 81.75 29.25 39.75 41.75 27.00 30.25 52.00 74.75 103.75 106.25 53.50 67.50 58.50 59.50 58.75 71.25 49.00 77.00 57.75 83.50 44.75 33.75 53.75 47.75 46.50 67.75 71.25 84.50 94.00 86.50 67.50 85.00 82.25 82.75 113.50 97.75 125.25 113.00 90.50 127.75 97.75 77.50 76.75 75.25 122.00 107.75 113.75 141.50 114.00 48.75 48.25 63.75 51.25 42.75 74.25 86.50 122.00 118.25 97.25 102.50 106.00 74.00 63.00 73.50 90.50 80.75 69.25 86.00 55.50 48.25 67.00 68.00 48.75 73.00 105.75 109.50 101.25 102.50 96.00 73.00 80.50 123.00 164.00 64.00 49.25 54.50 34.75 30.00 48.50 32.00 38.75 46.75 39.25 46.75 66.75 77.00 118.00 85.25 73.50 63.00 56.50 37.25 25.75 21.75 40.25 70.00 35.00 40.25 30.50 46.00 31.50 30.75 32.00 30.25 29.50 20.25 20.25 24.50 21.50 5.50 24.00 15.50 17.25 18.50 14.25 29.50 41.00 75.25 103.75 69.00 80.25 81.25 96.00 110.50 63.25 45.25 45.25 38.50 42.75 39.00 56.75 121.75 100.50 100.50 68.75 91.25 88.75 70.75 80.25 67.50 58.00 121.25 58.00 53.50 45.00 50.50 83.00 90.75 105.00 89.50 81.75 74.00 73.25 42.75 53.00 91.50 88.50 69.50 58.75 40.50 32.75 32.50 50.50 33.75 45.25 46.00 44.75 30.75 55.75 29.50 61.75 29.50 35.25 69.75 52.00 113.25 55.75 86.50 65.75 180.50 180.00 202.00 165.25
52.25 62.75 43.25 54.75 93.50 43.50 44.25 41.50 46.00 78.00 70.75 74.25 98.75 90.50 75.00 68.25 84.00 118.50 91.00 51.25 50.50 25.50 27.75 44.00 40.00 21.75 35.50 19.75 43.25 82.00 101.50 114.50 90.25 69.00 48.50 68.50 84.50 67.00 90.00 108.00 153.75 162.50 129.50 137.25 163.25 107.00 99.25 113.25 100.25 83.75 63.25 118.25 109.00 125.25 85.25 62.25 93.50 122.50 118.00 107.00 84.75 91.75 93.75 89.75 23.25 33.25 23.00 13.75 16.00 7.25 7.75 8.50 7.25 4.75 8.75 16.75 31.75 23.50 30.75 50.00 45.75 48.00 82.75 89.25 79.50 58.50 61.75 79.00 64.75 106.75 100.00 85.75 60.50 47.25 74.75 75.75 174.25 151.25 123.50 111.00 97.50 73.00 130.75 70.25 86.25 95.25 61.00 89.00 39.50 38.75 35.25 35.25 63.75 83.25 74.50 50.00 38.50 38.75 57.25 71.75 78.00 74.75 51.00 59.50 80.25 69.50 112.50 76.50 55.75 47.75 69.75 66.25 94.00 68.50 84.75 82.50 59.00 57.75 48.25 69.25 62.75 82.25 85.00 94.50 102.00 124.50 128.50 100.50 84.75 78.00 107.00 90.00 106.00 85.25 88.00 52.00 46.25 57.50 49.25 58.25 61.00 50.75 78.25 84.75 90.00 109.50 112.25 109.00 98.25 84.75 49.00 49.75 69.75 66.75 82.00 40.50 41.50 47.50 69.25 56.75 59.25 76.00 78.75 74.25 120.50 121.25 81.25 82.00 108.00 111.75 94.00 40.00 50.25 46.00 66.75 71.25 49.75 66.25 85.00 83.00 58.75 52.50 53.75 59.00 56.50 36.50 40.75 41.00 30.75 30.75 26.50 32.50 28.50 13.25 35.75 45.00 39.25 23.25 16.00 8.75 18.25 15.75 15.75 18.50 26.75 29.00 33.25 46.00 67.25 59.00 29.00 24.25 52.50 73.00 93.00 92.00 84.00 80.75 75.75 98.75 133.00 93.00 43.00 46.50 61.75 63.00 51.50 62.00 87.00 130.75 131.00 67.75 63.00 67.25 87.00 92.00 61.75 57.50 41.75 44.25 44.25 39.25 65.75 90.75 92.00 101.50 104.25 93.25 91.50 105.50 129.00 62.75 51.25 84.25 42.50 73.50 41.25 41.00 45.00 38.50 45.75 36.25 60.00 83.75 108.00 127.50 151.25 133.00 105.50 109.00 59.00 162.75 86.00 158.50 159.75 156.00 193.00 167.75 174.00 184.25
25.25 23.25 20.00 16.25 37.75 86.25 106.75 50.75 73.75 100.50 65.00 51.00 40.75 26.00 25.25 23.25 19.00 51.50 28.25 42.75 33.00 23.75 33.00 42.50 41.75 55.75 85.25 73.50 46.75 66.25 68.50 77.25 90.50 103.25 100.00 94.75 85.00 90.25 93.50 126.25 111.25 118.00 73.50 99.50 90.75 98.00 63.25 105.75 123.00 127.50 178.75 164.25 109.75 99.00 76.50 89.75 97.75 110.50 104.25 107.00 123.75 93.00 99.00 88.00 51.75 36.25 34.75 29.00 23.50 21.00 32.50 55.50 37.25 16.00 25.25 60.00 81.25 56.25 33.00 59.00 87.00 75.25 54.50 47.00 66.75 46.25 57.50 67.50 93.50 66.50 96.25 70.50 49.50 68.75 128.75 177.50 142.25 110.75 51.75 36.75 66.00 70.50 116.25 58.00 59.00 55.75 62.25 78.00 50.00 55.50 58.25 76.75 133.75 125.25 108.75 85.00 65.25 39.50 37.75 48.50 65.00 68.75 63.75 106.75 88.75 99.75 75.50 54.50 54.75 55.50 70.00 97.25 123.75 50.75 66.25 45.50 53.00 62.50 66.25 62.50 83.25 78.25 80.75 81.25 88.00 73.75 84.25 84.00 96.00 89.00 72.25 57.25 103.25 97.25 57.00 43.00 33.50 44.50 34.00 56.00 32.75 51.50 82.75 84.25 86.50 87.75 132.75 106.75 98.25 71.50 52.75 57.25 49.25 48.75 59.00 56.25 50.00 59.75 70.75 89.25 70.75 43.25 50.25 79.75 111.50 105.00 92.50 72.00 84.25 84.25 84.75 61.00 68.25 48.75 49.25 39.50 33.75 30.25 30.00 21.25 24.50 39.50 10.50 23.25 21.25 23.75 32.50 33.25 50.00 41.50 29.75 34.75 52.75 67.25 93.50 91.75 94.50 64.00 46.25 39.00 70.50 53.25 82.00 77.75 69.75 83.25 103.75 83.75 80.50 86.75 60.25 45.50 78.75 85.00 103.75 115.25 100.00 102.25 111.50 133.25 98.50 92.50 67.25 54.75 41.75 40.75 71.00 93.00 70.25 83.50 97.25 84.00 81.00 111.00 74.25 94.25 110.75 65.00 57.25 46.00 40.25 45.25 69.75 82.50 104.75 86.50 78.25 80.50 140.00 121.75 131.25 112.50 83.25 99.00 64.00 105.00 44.00 56.75 73.50 137.75 131.00 138.75 159.00 175.50 164.25 161.25 159.50 224.00 207.25 190.00 204.25 202.00 176.75 211.75 197.25 145.50 180.75 182.00 180.75 181.75
39.00 23.25 43.25 31.50 60.75 83.25 66.25 29.50 58.50 94.50 70.75 40.00 35.50 23.25 27.00 47.75 24.50 87.00 87.75 92.25 44.75 61.50 82.00 82.50 56.00 72.00 83.50 125.25 63.75 70.75 60.25 63.25 63.25 55.25 70.25 100.25 74.50 65.50 64.00 80.25 104.25 84.00 63.25 104.50 88.50 112.75 89.00 83.75 93.00 120.25 147.75 165.25 106.75 69.00 61.00 75.00 99.00 87.75 75.00 93.75 98.00 114.25 93.50 33.75 32.50 34.75 32.25 33.75 22.25 33.50 39.50 86.00 81.75 46.00 32.25 47.50 52.75 64.00 87.00 61.75 105.25 86.75 85.75 44.00 77.75 82.25 51.75 70.75 60.50 58.25 70.50 75.50 94.75 157.25 141.00 130.50 83.50 59.00 48.25 47.75 36.75 63.00 94.50 83.50 54.50 41.50 69.25 48.50 36.75 31.25 48.00 109.25 119.00 104.00 107.50 107.75 119.75 92.00 36.75 43.50 61.75 57.50 85.00 125.25 98.50 120.50 69.25 54.75 53.25 79.25 90.50 87.00 118.00 82.75 59.75 38.25 43.00 53.75 54.50 57.50 67.75 81.75 79.50 64.25 82.75 69.25 71.00 82.00 98.50 107.25 65.50 63.25 65.00 72.50 45.75 36.00 45.50 40.50 45.50 61.75 43.00 75.00 113.00 85.75 55.00 95.75 107.00 100.25 82.75 107.00 80.25 67.75 56.75 58.75 29.25 36.25 45.25 37.25 62.25 82.50 78.00 55.75 55.25 56.75 83.50 74.75 52.25 43.75 46.75 39.75 28.50 49.00 35.25 43.75 38.25 26.25 39.75 22.00 19.00 19.75 18.50 29.00 22.50 20.75 33.75 34.75 20.75 35.25 44.00 62.50 71.25 77.25 95.75 102.00 109.00 99.50 102.75 94.50 83.50 64.50 82.50 81.00 93.50 109.50 95.75 71.25 97.50 88.75 99.25 68.50 59.00 70.75 118.25 100.75 97.50 101.25 98.25 102.00 108.25 99.25 86.75 76.00 97.75 77.25 60.50 59.75 57.75 103.50 55.25 48.00 85.50 92.75 125.75 142.00 123.25 63.25 63.75 45.00 58.25 52.50 61.25 45.25 46.25 80.75 71.00 59.25 76.25 141.75 160.50 114.00 164.25 135.00 111.50 66.50 64.50 78.25 79.50 88.75 109.75 159.75 130.25 167.50 169.25 179.75 207.75 183.25 168.00 223.25 160.75 162.00 158.75 185.75 129.00 166.75 189.75 202.25 231.75 212.75 200.75 187.75
28.50 15.75 25.25 16.25 36.25 43.50 57.50 74.75 83.50 152.00 133.50 65.25 80.25 49.25 87.00 116.00 129.25 154.00 113.75 76.75 69.75 78.50 132.75 131.00 81.25 58.50 54.50 53.50 44.50 28.00 29.75 41.75 47.25 62.00 60.00 42.50 71.25 59.25 49.25 103.50 100.25 82.25 70.50 80.00 104.75 97.75 85.50 78.50 76.00 76.25 66.25 89.75 66.00 62.50 50.00 59.00 67.75 61.50 71.75 86.00 90.75 71.50 45.75 44.50 40.25 42.75 54.75 61.75 55.00 60.25 75.75 55.50 43.75 41.25 49.50 47.25 68.50 88.25 68.50 86.25 114.75 45.75 50.50 75.25 100.50 100.75 86.50 48.25 41.50 52.25 67.75 97.75 115.00 100.50 109.75 87.50 48.25 44.00 52.75 44.50 85.25 66.25 66.50 95.25 54.25 50.50 55.50 36.25 43.25 37.00 54.25 77.50 91.50 94.00 132.00 122.75 115.00 103.50 53.50 55.75 34.25 54.50 105.50 88.75 57.00 80.50 89.25 63.25 55.00 66.75 101.25 109.25 95.75 90.50 88.00 76.25 46.00 45.75 44.50 43.25 48.00 60.00 43.50 64.25 69.50 60.25 65.25 74.50 89.25 85.75 56.25 60.50 79.00 69.50 51.75 52.00 56.50 46.75 16.25 24.50 28.50 31.00 55.25 69.25 63.00 78.25 62.50 83.75 85.00 96.25 66.00 43.25 47.00 61.25 46.50 31.25 40.25 27.25 23.00 18.75 26.00 21.75 21.50 18.00 26.75 16.50 10.25 12.00 14.75 24.25 27.50 28.25 23.00 30.50 22.75 25.25 43.75 35.25 25.75 17.00 34.50 35.00 28.00 35.25 45.50 75.25 89.75 70.00 85.00 96.75 92.50 93.00 92.75 95.75 104.25 103.50 114.75 105.25 84.75 87.25 105.50 102.25 114.75 93.25 101.75 84.75 102.50 119.00 106.50 88.25 44.00 48.25 66.75 115.50 85.75 100.00 126.75 95.50 110.00 109.75 78.50 79.25 123.00 123.00 72.00 51.50 40.25 60.25 55.50 59.50 81.00 109.75 110.00 113.00 111.50 102.75 55.00 39.25 71.25 55.75 55.75 43.25 58.50 64.25 57.50 64.50 130.00 194.75 166.75 114.25 124.00 109.75 125.00 67.25 81.25 80.75 63.25 57.00 85.50 83.50 74.00 110.00 185.00 168.25 201.00 196.00 173.75 212.75 216.00 210.50 207.50 239.25 225.50 200.50 184.50 139.25 128.25 108.75 115.00 91.25
29.25 37.00 50.00 60.75 93.50 65.50 79.50 101.00 118.25 111.50 144.75 105.50 90.25 62.00 124.50 150.25 169.50 158.75 122.75 69.25 69.25 80.25 125.25 105.00 75.25 74.75 43.25 70.50 71.50 55.00 43.75 48.75 74.00 57.25 61.25 84.25 52.50 69.00 31.00 84.00 64.50 80.00 59.00 55.50 59.50 100.00 115.00 112.75 67.75 53.25 34.25 58.00 121.50 88.75 66.25 67.25 52.25 42.00 47.75 58.50 56.00 48.00 22.00 43.50 49.00 59.50 72.00 71.00 69.75 67.50 80.50 62.25 56.25 44.00 34.75 50.25 76.00 94.75 88.75 44.75 46.50 56.75 97.25 104.25 85.00 93.25 96.50 51.00 50.25 96.25 112.25 143.00 107.75 89.00 48.75 50.50 38.75 40.00 51.00 52.75 78.25 82.00 104.00 139.25 62.00 50.75 41.75 44.75 36.75 50.00 43.75 72.00 74.00 78.50 73.75 72.25 61.25 64.75 65.00 78.25 68.00 61.00 77.00 48.75 54.00 69.75 98.75 86.25 68.75 55.00 91.00 89.75 95.00 117.00 91.75 54.75 75.50 56.25 44.50 47.00 38.50 59.25 44.25 47.00 70.25 62.50 50.00 45.00 58.75 64.00 48.25 54.25 73.00 72.75 47.50 48.75 81.50 43.25 34.00 20.50 21.00 32.50 27.50 37.00 44.75 46.75 55.75 45.00 30.75 38.75 25.50 18.25 24.75 42.25 42.00 44.50 38.25 26.75 25.25 23.00 17.50 9.50 12.00 29.00 23.00 34.50 32.75 19.50 12.00 21.25 43.75 36.00 30.00 33.75 33.50 29.00 32.75 29.00 20.25 32.25 34.50 34.50 31.25 30.25 65.75 90.00 116.00 84.25 99.00 92.25 99.75 112.50 68.75 81.75 92.00 106.00 104.00 99.00 92.25 74.25 85.00 103.25 100.00 115.50 91.50 119.00 99.25 110.50 88.00 94.75 86.50 71.50 80.50 98.00 89.00 94.25 89.00 102.75 94.50 72.00 77.75 73.25 95.50 128.50 72.25 50.25 41.75 55.50 49.50 75.25 103.25 120.50 104.00 97.75 96.00 87.50 54.25 50.00 58.25 54.25 62.25 95.00 87.50 53.50 60.75 131.25 160.75 142.00 130.00 109.25 106.50 96.00 58.00 94.50 121.50 78.50 68.50 49.75 74.00 70.75 52.25 140.25 211.25 209.50 203.25 226.00 218.25 204.00 179.75 152.25 135.50 118.25 80.75 101.00 88.75 95.75 110.50 111.75 81.50 55.25
69.75 66.25 51.50 50.75 99.25 76.00 106.50 144.75 194.00 161.50 216.75 148.25 89.75 88.75 94.75 111.75 76.50 77.25 95.50 74.75 72.25 96.75 88.25 81.50 89.25 94.00 41.50 68.75 79.75 75.25 58.25 59.50 47.50 58.00 57.00 45.75 70.00 72.25 39.25 79.75 79.25 117.25 73.25 64.50 104.25 97.00 117.75 89.25 64.75 77.00 70.00 84.75 96.25 79.50 84.00 74.00 42.75 68.75 60.25 64.75 40.00 51.50 32.25 44.00 53.75 49.25 57.00 63.00 79.50 68.25 67.25 53.75 55.25 48.25 45.50 66.00 78.50 81.25 51.25 71.50 57.25 74.25 79.50 96.25 96.25 83.50 69.75 88.00 86.75 105.75 149.75 148.25 123.50 75.00 42.00 34.50 45.50 43.75 57.75 33.00 55.25 59.50 58.25 174.50 59.00 49.50 42.25 45.50 55.25 52.50 56.00 47.75 52.25 65.25 84.00 55.50 63.25 49.50 69.25 110.00 94.25 85.75 72.00 19.75 50.00 57.25 66.50 51.25 59.25 70.00 69.25 91.25 71.00 96.25 76.00 43.00 65.00 55.25 52.00 57.25 38.00 62.00 63.00 69.25 75.00 65.00 54.00 69.00 59.50 75.75 66.00 52.25 58.75 79.75 70.50 57.25 82.50 33.75 31.75 23.00 25.50 19.75 12.50 4.50 12.75 26.50 24.00 18.25 22.00 28.75 29.50 27.75 29.50 20.00 32.50 29.00 37.25 24.00 21.25 17.50 29.75 43.25 45.50 56.00 81.50 104.75 110.00 94.25 88.00 100.50 102.00 62.50 49.50 42.25 76.25 48.75 40.50 30.25 42.75 26.25 44.25 50.00 41.25 61.50 86.50 100.00 102.00 96.00 103.25 110.00 102.75 98.50 78.25 84.00 100.50 114.00 92.75 120.25 107.50 99.00 90.00 116.00 96.50 98.00 98.75 86.50 82.75 91.00 105.25 136.50 152.75 131.50 98.00 73.25 63.50 83.50 90.25 78.50 70.50 72.75 74.25 80.50 73.75 88.25 64.50 44.25 45.00 53.75 65.25 56.75 97.25 116.50 113.25 74.00 82.00 54.25 31.50 40.50 43.75 52.50 60.00 79.25 48.50 66.00 103.25 165.50 152.50 121.25 90.50 127.00 49.00 57.75 52.25 73.00 77.75 66.75 60.75 41.25 96.75 84.25 89.00 93.75 162.50 174.50 146.25 134.00 139.25 91.25 78.00 107.00 75.75 106.00 131.25 116.75 105.50 115.50 97.00 104.75 109.50 76.00
78.50 94.25 130.25 160.50 200.75 166.25 86.25 153.25 139.00 118.50 107.25 128.50 165.00 135.25 76.50 63.25 49.25 55.00 82.50 80.50 80.25 87.00 65.75 124.75 111.50 120.75 151.25 107.00 87.75 78.25 81.00 125.75 107.75 72.25 58.00 73.50 66.50 63.00 78.75 82.75 78.00 93.00 95.25 71.50 84.75 75.25 92.50 73.75 73.25 116.00 106.50 85.75 79.25 91.75 109.75 68.50 58.00 62.75 74.25 58.25 29.50 35.50 40.75 57.00 60.75 69.50 83.75 87.50 85.50 83.00 83.75 88.75 70.00 69.00 79.00 78.00 74.50 48.00 69.75 109.50 152.75 105.50 89.75 81.75 95.00 91.25 115.50 154.50 111.50 127.25 165.00 125.00 124.50 76.50 59.00 52.75 57.25 47.00 52.75 106.00 116.00 86.25 89.25 132.00 104.25 64.00 58.25 61.50 31.25 42.50 62.75 53.75 45.25 53.25 67.25 39.50 48.00 62.00 63.25 73.25 88.25 83.50 77.75 45.00 41.75 45.00 50.25 79.50 96.50 55.50 86.50 100.00 78.25 71.25 66.25 53.00 89.50 98.50 98.25 89.50 64.25 53.25 31.75 29.75 57.75 54.00 32.50 38.25 37.00 18.75 19.00 37.75 38.75 38.50 45.00 30.00 27.00 33.25 35.25 34.00 42.25 36.75 7.25 13.00 7.25 15.75 21.00 19.00 23.00 30.50 34.25 24.75 22.75 21.75 9.00 26.50 20.25 14.00 20.50 23.75 10.25 37.25 49.75 71.75 86.00 93.75 89.75 75.75 66.00 86.75 89.50 77.50 61.75 99.75 124.50 84.75 50.50 40.00 47.25 46.25 34.00 40.75 66.75 53.50 99.75 108.00 122.50 104.75 99.50 104.25 84.75 110.25 97.75 79.50 97.25 91.75 96.00 87.25 88.00 100.25 98.25 96.75 89.75 78.75 93.75 88.50 110.75 104.25 125.50 117.50 108.00 111.75 110.00 73.75 63.25 66.25 85.75 55.50 70.25 68.75 82.50 98.25 101.75 109.50 79.25 53.00 49.50 47.00 66.75 55.50 57.25 94.75 87.75 60.75 51.50 46.00 34.50 50.25 70.25 86.00 105.50 62.00 78.25 84.25 171.75 194.75 165.00 111.75 89.50 40.00 52.75 56.75 26.50 67.50 57.50 39.00 65.25 44.50 34.50 59.75 47.75 52.25 52.50 81.25 61.75 81.25 57.50 65.75 50.25 64.25 70.50 93.50 99.00 89.00 89.00 101.75 97.50 105.00 111.00 81.50
147.50 158.00 102.00 98.00 108.50 191.50 78.50 105.25 128.75 77.75 69.75 106.00 148.50 110.25 87.75 74.00 44.25 75.00 84.75 81.00 68.25 80.25 78.25 96.50 124.75 131.50 157.00 198.25 128.25 143.00 142.50 123.75 115.50 94.00 73.50 76.50 64.25 66.25 61.50 77.00 65.75 69.25 82.50 51.75 57.00 100.25 80.75 112.00 125.50 115.75 125.75 156.00 153.50 69.75 115.25 55.50 59.50 67.25 38.75 46.00 51.00 75.75 109.00 129.00 112.25 69.50 82.25 69.00 86.25 86.00 83.00 66.25 86.50 72.75 90.75 69.50 78.50 63.50 96.00 81.50 91.50 119.50 109.25 106.00 86.25 84.75 136.25 184.00 106.50 103.50 104.00 99.00 148.50 96.75 123.50 55.25 89.25 121.00 114.25 105.50 145.50 89.75 104.25 100.50 113.00 49.50 53.25 39.00 37.00 44.50 46.50 71.00 30.50 20.75 41.25 49.25 45.00 38.25 86.25 110.25 79.75 63.50 86.50 47.75 37.25 38.75 42.75 43.50 64.00 48.50 66.00 49.50 61.25 42.75 55.00 63.00 68.75 76.75 64.75 59.75 57.50 34.25 10.50 15.75 17.25 12.75 13.00 6.50 10.25 12.00 7.75 6.00 16.00 26.00 38.75 43.25 34.25 36.75 31.00 27.50 35.00 25.50 21.00 12.50 10.50 20.75 15.50 11.00 16.25 23.25 32.75 41.25 42.50 71.00 70.25 40.25 43.50 27.25 23.25 28.00 53.00 48.75 98.75 99.00 87.50 115.75 106.00 85.75 85.00 85.00 90.75 71.75 94.25 112.75 96.75 84.00 79.00 115.50 106.25 100.25 89.75 64.00 86.75 119.75 107.00 90.25 101.25 94.75 97.25 102.25 90.50 92.50 86.25 68.25 63.50 72.00 74.50 76.25 82.00 83.00 83.50 73.25 80.00 70.25 94.50 113.50 106.25 104.75 117.00 76.50 107.00 98.00 90.25 79.75 78.50 59.50 49.75 68.50 70.50 70.00 101.00 118.50 106.75 97.25 66.50 42.75 51.00 47.50 52.50 33.00 74.00 52.00 51.50 49.25 54.25 53.00 65.00 84.50 96.50 110.50 67.50 91.25 81.00 171.50 157.00 146.25 195.75 151.75 77.25 38.25 31.75 41.50 30.50 60.50 62.75 63.25 49.25 38.00 49.50 50.50 67.25 57.50 39.00 46.00 58.50 68.75 55.25 53.50 64.75 90.50 73.50 73.75 130.25 76.75 103.00 83.50 109.50 101.75 98.75 87.25
65.00 94.75 135.25 82.50 115.25 186.25 55.50 61.00 45.00 55.50 41.00 50.75 67.25 50.50 55.50 72.25 85.25 66.25 109.00 112.50 77.25 77.25 50.75 71.75 85.25 92.50 106.25 147.75 131.25 189.25 152.75 122.00 113.50 118.50 90.50 67.00 71.00 70.50 60.00 57.75 75.50 75.50 75.50 97.50 54.50 129.50 124.75 112.75 162.25 158.50 116.25 93.00 152.00 83.25 52.50 76.25 59.50 56.50 57.75 70.50 67.25 108.75 96.50 117.50 128.00 111.75 72.75 108.25 81.75 83.75 75.00 35.75 93.00 71.25 51.75 44.75 58.75 34.50 71.25 82.50 90.25 97.00 92.50 73.00 76.25 91.75 117.25 76.00 69.00 48.75 68.75 57.00 122.25 92.50 108.25 51.25 48.50 60.50 104.00 70.25 107.00 154.00 130.75 96.50 164.00 95.00 69.50 50.75 43.75 55.25 28.25 19.25 21.25 22.00 46.50 59.75 44.75 59.25 134.75 131.50 99.50 94.75 95.75 82.50 85.00 55.00 45.25 36.50 36.75 34.75 56.25 64.50 61.75 36.75 45.50 42.50 45.75 60.25 58.00 48.25 31.75 29.50 4.00 5.50 6.50 11.25 1.25 4.50 1.00 3.00 3.75 5.00 3.25 19.50 16.00 26.50 36.75 40.75 39.25 28.00 27.75 24.75 31.00 18.25 26.50 39.00 27.75 13.00 12.25 32.50 58.25 53.75 67.00 107.75 96.75 73.75 66.25 53.75 44.75 39.50 57.00 69.50 107.50 108.75 90.00 93.50 102.25 110.75 117.25 113.50 82.25 71.75 138.25 105.75 78.25 67.50 99.75 124.75 112.50 102.25 126.25 95.75 113.00 97.00 119.00 84.00 76.00 83.50 91.00 106.00 81.25 117.75 120.50 83.75 55.00 77.00 88.00 82.00 80.50 80.00 110.75 89.75 76.75 83.25 80.75 102.25 87.25 98.25 82.75 80.00 91.50 88.00 92.50 63.00 63.50 52.25 67.25 81.25 72.00 82.50 88.25 107.00 76.75 85.25 87.75 61.75 56.75 59.75 76.50 53.25 48.75 59.00 54.00 46.75 56.75 104.25 101.00 92.25 111.00 95.50 72.25 105.75 185.75 200.00 147.00 190.25 118.75 107.75 72.50 32.00 40.25 39.25 40.75 72.25 57.50 66.75 49.25 31.75 30.75 31.00 68.25 82.00 57.50 46.25 62.75 42.75 74.25 50.75 58.75 46.75 55.50 80.75 93.50 105.50 81.50 97.25 102.00 99.00 92.75 131.25
102.50 153.00 103.00 104.25 117.00 94.00 81.50 66.75 53.50 49.00 39.00 86.75 78.25 53.75 102.00 103.75 67.25 63.50 68.75 94.25 82.00 77.00 74.25 67.25 72.25 70.00 98.00 131.50 154.25 138.25 93.25 130.75 84.00 109.75 103.50 57.75 67.00 62.75 73.75 89.00 78.00 88.75 88.75 100.25 70.00 99.75 120.00 88.75 67.25 66.25 91.25 95.00 103.25 113.50 64.00 54.00 50.00 70.25 65.00 78.25 112.25 123.00 108.00 120.25 113.00 93.00 88.00 94.00 92.50 91.50 95.00 60.50 59.50 46.25 71.25 85.00 70.25 84.50 104.75 119.75 85.50 108.00 83.25 85.75 113.25 103.50 99.50 92.25 90.00 101.25 132.00 102.50 116.75 98.25 200.50 107.75 76.50 71.75 93.25 78.50 125.50 131.50 133.50 74.25 118.50 85.75 55.00 60.75 59.50 42.00 37.75 9.25 9.00 15.75 32.50 45.25 52.25 53.75 84.50 63.25 80.00 119.00 111.75 91.00 70.25 58.00 58.25 61.50 55.00 79.00 46.50 51.50 38.75 33.50 10.25 17.50 17.50 11.25 11.50 10.75 6.75 15.00 6.00 6.00 9.00 17.00 29.75 15.25 17.50 39.00 21.00 29.00 26.25 42.75 72.75 31.50 42.50 39.50 43.25 32.00 29.00 33.25 46.00 69.50 71.00 91.25 90.50 81.00 97.00 117.00 135.25 88.25 76.75 105.50 103.25 104.25 83.50 64.75 81.75 70.00 85.00 71.00 89.25 86.50 65.25 72.50 84.50 109.50 111.00 99.50 79.50 75.50 108.75 81.75 73.50 84.00 106.25 119.25 105.75 89.25 98.25 105.25 96.50 89.50 82.75 57.50 44.75 68.75 71.25 80.50 100.75 102.75 104.25 105.25 58.50 83.00 72.50 55.75 85.75 90.25 93.25 99.25 54.75 88.25 108.75 70.50 78.00 63.75 73.00 68.25 73.75 61.50 62.25 60.00 42.00 58.50 75.50 103.75 95.50 76.75 88.75 64.00 50.75 44.75 48.00 43.50 41.00 58.00 67.75 31.75 37.00 56.25 46.00 31.50 68.50 109.00 93.00 109.00 126.50 84.25 106.00 142.75 206.75 102.50 196.50 133.25 96.25 68.50 69.25 38.25 49.75 44.00 58.50 87.50 93.75 85.25 48.75 59.25 41.75 57.75 61.50 43.00 39.25 55.00 41.50 45.50 82.25 76.00 43.50 78.75 66.25 64.50 89.50 91.75 90.00 98.25 101.50 78.50 94.75 102.50
110.75 98.00 105.50 84.25 99.50 107.25 139.00 40.25 53.50 43.25 36.25 72.50 59.50 48.75 93.75 90.25 51.50 63.50 149.25 144.00 102.00 89.75 69.75 69.75 106.25 82.00 101.25 134.75 116.25 147.00 151.50 124.00 89.25 75.25 92.50 62.50 66.00 54.50 52.75 45.75 76.00 81.50 104.50 85.00 70.50 48.00 48.25 75.50 59.25 63.75 73.50 74.75 117.75 159.25 100.75 82.25 57.00 56.75 67.00 76.25 58.00 89.75 84.25 102.00 102.25 106.25 83.50 54.00 69.50 81.75 95.25 48.25 43.00 43.25 60.75 82.75 69.75 70.50 98.25 80.00 62.50 88.75 75.50 87.50 96.25 70.75 72.00 52.00 48.50 122.75 93.25 109.25 137.75 53.75 147.75 111.50 48.50 48.50 58.75 43.00 34.75 55.75 89.25 75.75 124.25 113.00 111.25 57.25 56.75 49.00 42.75 17.00 10.50 16.00 19.00 25.00 41.75 68.50 54.25 36.50 48.50 64.00 52.25 47.50 35.50 50.75 34.00 31.75 18.00 28.00 10.00 12.50 16.25 21.75 18.25 33.25 12.50 13.25 21.25 15.75 16.50 20.75 39.50 38.25 31.00 34.25 35.50 45.25 39.25 62.50 80.25 66.00 66.75 79.75 69.50 79.00 48.75 33.50 41.75 36.50 42.25 45.75 107.25 119.25 78.25 92.75 92.50 90.50 110.25 106.50 127.50 84.50 71.75 95.50 105.50 95.25 83.25 76.75 71.50 85.50 70.75 90.75 72.50 88.00 84.25 81.00 63.50 103.75 95.25 70.50 92.50 82.50 85.50 82.25 62.75 67.75 85.75 77.00 84.00 108.25 89.25 70.50 56.50 89.25 66.25 58.75 39.00 58.75 57.25 64.50 86.00 82.75 88.75 86.00 72.75 72.25 57.50 86.75 98.75 101.50 87.00 107.00 87.25 108.00 116.75 83.50 59.25 88.25 67.25 67.75 48.00 63.25 39.25 60.25 63.25 75.75 88.00 108.25 112.50 73.75 59.50 58.75 68.00 48.25 63.25 60.00 30.50 30.50 27.00 36.00 40.50 37.50 44.00 61.50 79.75 98.00 92.00 95.00 83.00 81.50 152.50 220.75 115.75 70.50 131.50 90.25 80.25 53.50 30.50 24.50 40.50 49.75 62.25 79.50 68.50 82.25 68.00 64.25 51.75 30.75 51.25 73.25 39.50 53.25 51.75 63.50 83.50 66.75 56.75 56.00 53.00 77.75 80.75 122.00 80.25 96.75 146.50 72.25 87.50 110.75
23.00 23.75 26.25 31.25 40.75 21.50 53.25 29.00 37.50 30.50 18.75 43.25 59.00 81.00 88.25 98.25 67.00 84.50 117.25 165.25 87.25 75.00 115.25 45.50 77.50 59.50 73.00 137.25 154.75 156.00 152.00 99.25 78.25 63.25 65.00 71.00 72.50 58.50 60.00 68.50 121.50 124.00 153.75 123.00 118.25 93.50 49.25 92.25 95.75 66.25 134.00 115.25 185.50 155.25 82.00 68.75 42.75 78.25 79.50 60.50 42.75 40.75 44.75 51.25 65.75 85.50 63.25 65.75 52.75 71.50 46.75 43.00 55.75 72.75 74.75 76.25 97.50 72.75 89.25 88.75 94.75 76.25 52.75 59.00 79.00 41.25 51.75 58.75 44.25 75.00 87.00 106.00 86.00 87.00 81.75 110.75 56.75 40.25 47.75 27.00 17.50 32.00 43.25 44.50 91.75 108.75 98.00 115.50 88.00 48.75 53.50 37.50 23.75 25.75 27.50 25.75 49.50 86.25 41.75 33.25 35.00 35.00 35.75 31.00 24.50 29.25 37.25 38.50 31.75 21.00 52.75 113.75 62.75 43.25 80.75 97.75 83.50 48.00 70.00 62.50 60.00 43.00 57.75 62.25 54.25 71.25 66.50 64.25 76.25 72.75 70.25 58.25 72.25 66.25 46.00 74.75 57.25 54.75 50.25 59.75 54.00 74.25 105.50 93.50 84.25 101.25 98.25 98.50 109.00 113.50 129.25 95.75 102.00 99.75 108.50 108.50 80.50 72.25 64.50 67.50 61.75 71.25 69.00 72.00 90.00 76.00 72.25 69.25 74.75 74.75 81.25 90.25 82.00 69.50 72.50 73.25 82.50 50.25 78.00 67.75 49.75 42.50 45.50 38.25 52.75 48.50 46.00 46.75 68.75 84.50 81.25 80.50 71.75 55.75 62.00 65.50 68.50 80.25 88.75 105.50 79.00 112.75 92.00 83.00 97.25 90.50 71.50 73.25 56.50 48.00 55.75 39.25 52.75 62.25 53.00 67.25 108.00 99.50 84.00 98.50 97.50 104.50 91.75 101.50 119.50 110.25 42.00 47.75 45.00 23.75 38.25 48.75 100.00 87.25 94.75 104.75 87.50 71.75 84.00 129.75 205.75 171.00 102.00 82.25 64.50 57.00 52.75 51.75 35.75 19.00 18.50 37.00 87.25 61.00 10.50 68.75 95.50 84.00 48.75 44.75 36.50 69.25 38.25 52.50 47.50 38.75 83.50 82.25 51.50 53.75 124.50 83.50 67.25 84.00 89.50 91.00 118.75 83.50 60.75 84.50
38.50 10.50 14.75 7.25 26.25 17.25 27.50 12.00 35.75 57.50 50.25 63.75 121.50 90.50 88.00 58.25 88.75 39.75 89.25 111.00 132.50 93.25 110.25 66.00 68.25 69.50 44.50 83.00 83.00 86.50 158.25 125.50 81.00 81.75 83.25 60.00 76.75 71.75 110.00 98.25 151.25 146.50 131.00 111.00 155.25 95.00 79.50 97.00 118.75 92.75 135.00 76.25 101.00 178.50 90.00 48.25 53.00 42.50 60.00 40.75 34.00 39.50 35.50 36.50 48.25 54.25 61.00 46.75 38.50 59.75 98.00 113.00 110.00 65.75 59.50 86.25 98.25 106.25 107.75 109.25 69.25 48.25 49.50 47.50 24.00 46.50 70.75 57.25 99.25 81.00 97.75 67.75 57.50 82.00 42.50 56.75 39.25 40.25 39.50 34.00 30.50 33.75 43.50 53.75 85.50 163.00 112.25 90.50 95.00 49.50 48.00 38.75 33.25 29.50 39.75 21.25 19.75 37.75 35.25 14.25 12.00 23.50 34.25 21.00 40.75 46.25 61.00 105.25 85.50 62.50 63.00 100.75 84.75 62.00 46.25 85.75 101.50 127.25 59.00 78.00 87.25 68.75 64.50 91.00 109.25 97.00 91.75 140.50 120.25 100.00 108.25 82.25 60.00 73.75 60.75 57.25 54.50 55.50 83.75 102.50 88.50 86.75 76.75 97.00 110.25 100.00 116.25 103.00 105.50 115.25 111.00 113.50 91.50 89.75 114.75 114.00 106.00 86.50 85.25 86.25 84.50 87.25 71.75 96.75 105.50 110.00 92.50 96.75 75.25 74.50 109.25 113.50 86.75 92.00 100.00 76.00 106.50 80.50 90.00 80.00 71.75 40.00 34.00 48.75 29.25 31.25 38.25 45.75 50.75 47.25 43.00 48.25 60.50 50.50 60.00 62.75 123.25 115.75 113.25 100.75 75.25 68.25 53.25 65.75 78.50 77.50 98.25 82.00 74.25 48.50 33.25 47.00 36.50 49.50 53.50 83.00 106.75 106.25 81.75 97.25 117.50 100.50 93.00 111.50 93.50 57.00 35.00 45.75 44.25 47.00 34.00 63.00 115.50 94.50 111.25 131.50 104.75 60.75 84.75 132.50 134.25 102.00 126.75 61.50 62.50 51.50 46.25 13.00 4.00 24.75 18.00 23.50 62.25 48.50 57.00 111.75 77.00 56.75 39.00 46.25 44.50 80.75 38.50 45.75 49.75 47.75 52.00 57.00 37.00 46.25 85.25 108.50 72.75 85.25 73.00 57.75 56.25 58.75 61.00 124.00
86.75 84.00 103.50 77.25 51.25 43.00 63.00 42.50 69.00 96.00 89.25 65.00 55.00 51.50 80.00 86.25 89.50 91.25 51.75 78.75 120.75 105.00 111.75 78.25 78.50 88.25 85.75 113.75 153.50 157.50 160.25 151.00 73.00 78.75 86.75 103.00 108.75 95.75 104.00 88.75 64.25 89.00 82.50 93.25 74.25 76.50 79.50 109.75 105.25 107.25 93.25 74.50 53.50 123.25 69.50 50.75 37.75 47.25 50.50 41.00 79.50 44.25 41.50 52.25 27.00 79.75 61.00 64.50 59.50 59.75 101.00 93.25 44.75 88.00 70.25 60.00 91.25 119.75 109.00 73.25 97.50 45.75 41.00 44.00 55.50 59.25 45.50 80.75 73.00 46.50 40.25 37.00 25.50 23.00 18.75 43.75 20.50 40.75 35.25 19.75 12.25 23.00 32.75 35.00 62.50 96.00 61.75 89.25 28.25 50.50 43.50 25.25 19.50 19.50 21.00 35.75 38.25 54.75 41.50 23.00 67.75 57.25 39.50 40.25 51.75 63.00 67.50 91.00 98.25 75.25 62.25 65.75 43.00 48.75 50.00 66.75 92.75 113.50 73.50 82.50 81.25 113.75 102.25 83.25 112.00 128.75 92.25 98.00 104.50 97.00 62.50 45.75 53.50 69.00 86.25 92.25 66.75 78.00 96.00 89.00 101.50 98.00 99.00 87.25 74.25 82.00 101.50 75.75 98.75 80.00 91.75 94.50 85.25 70.75 81.25 89.50 71.25 68.25 68.00 70.50 68.50 84.50 72.50 89.25 101.25 101.50 86.75 115.00 82.50 65.75 99.50 101.25 82.50 106.50 97.00 113.50 95.75 109.50 100.00 72.00 66.75 65.00 49.25 37.75 35.75 22.75 22.25 35.75 49.00 44.25 44.00 40.25 53.25 42.75 62.25 80.00 91.50 96.25 111.25 111.25 94.75 116.00 71.25 67.75 59.50 41.25 72.00 87.50 73.00 54.75 29.00 35.25 45.75 49.00 55.00 96.75 105.75 83.50 75.50 119.00 121.25 103.25 126.75 108.00 98.50 42.50 67.00 65.00 53.25 52.25 52.75 71.25 115.00 115.00 111.50 65.75 90.75 76.25 155.00 135.50 71.25 66.00 68.75 65.00 46.75 45.50 34.75 33.50 34.25 28.00 37.25 43.75 40.50 56.50 63.00 76.25 49.25 38.50 40.50 34.75 25.00 29.50 21.50 26.25 41.25 26.50 43.75 77.75 60.00 54.00 94.50 101.25 104.50 87.00 108.50 83.75 56.75 54.75 144.50 97.00
99.50 108.50 119.50 91.75 69.00 49.00 106.50 70.75 89.00 77.50 86.25 66.00 67.25 95.00 149.00 123.00 114.75 159.25 88.00 116.00 145.75 118.50 100.00 79.00 85.00 123.25 96.75 108.50 156.25 151.25 179.75 131.00 141.75 61.75 72.00 95.25 73.75 63.00 55.00 123.00 54.50 96.00 88.75 81.50 66.75 85.75 76.75 106.25 98.75 90.75 58.25 90.25 54.00 65.75 76.50 56.25 60.50 46.00 48.00 60.50 41.25 48.75 21.00 34.50 30.75 60.75 77.75 83.50 114.50 79.00 101.00 101.75 76.50 91.25 72.25 64.00 81.50 68.00 89.50 85.25 73.50 36.25 32.25 44.00 66.00 68.25 47.50 27.75 30.00 22.00 11.00 13.00 9.50 11.50 6.25 5.50 4.00 4.50 6.25 2.75 7.00 8.25 18.00 32.25 23.25 42.00 45.75 41.25 38.00 23.25 34.00 21.50 19.50 13.50 23.50 21.25 25.25 16.75 29.00 46.75 87.25 87.00 47.50 66.00 92.00 74.25 72.25 81.25 88.00 87.50 102.25 90.25 84.00 79.50 67.25 100.50 108.25 128.25 127.00 100.00 158.50 122.25 123.50 168.75 136.25 158.00 169.50 123.50 121.50 187.00 145.25 67.50 79.25 73.00 77.25 63.25 61.25 83.75 98.25 109.00 114.50 86.00 69.75 60.00 78.75 65.25 56.25 78.00 76.75 93.25 117.00 102.75 98.75 106.25 95.00 96.00 93.00 79.50 54.75 78.50 61.25 72.25 78.00 91.25 81.75 78.25 66.75 80.75 95.00 67.75 86.25 100.25 97.00 106.25 93.75 107.75 105.75 103.50 82.25 87.00 81.50 125.00 120.75 91.25 61.25 30.75 26.50 50.75 51.50 23.50 15.50 12.50 43.75 47.50 63.75 62.25 81.00 97.75 99.00 100.75 91.50 101.50 95.00 61.00 75.50 47.75 38.50 76.00 80.25 60.00 42.00 39.25 38.25 55.50 50.75 62.75 90.25 53.50 67.00 110.50 118.00 115.25 113.00 88.25 78.25 56.75 51.75 61.50 45.00 50.75 47.50 67.75 103.00 85.75 99.00 81.75 80.50 144.25 145.00 97.75 99.25 47.50 66.75 50.25 47.50 39.25 42.00 31.00 47.25 39.50 42.00 76.75 125.75 85.25 92.75 89.00 85.25 60.25 53.25 25.75 25.00 37.75 25.25 27.25 33.00 34.50 25.75 75.25 65.25 49.25 93.00 92.75 129.75 103.00 89.25 97.00 88.00 105.25 174.75 120.00
97.50 83.00 121.75 92.00 90.00 66.00 83.75 97.00 73.75 53.25 46.50 66.25 88.75 124.00 75.25 68.00 99.25 105.00 113.00 110.50 157.25 107.00 115.00 105.25 88.50 80.00 52.00 67.50 153.50 120.25 126.50 92.75 96.25 50.75 84.00 77.25 156.25 174.50 147.00 183.25 72.00 81.25 85.00 96.75 90.75 105.00 60.50 98.00 94.75 108.75 116.50 148.50 91.00 112.50 110.75 90.00 80.75 59.00 79.50 76.50 37.75 52.25 32.50 52.25 42.50 78.75 96.00 98.75 89.00 90.25 94.00 92.00 102.75 70.50 78.50 70.75 50.50 69.25 54.50 66.25 81.50 75.75 52.00 36.25 31.50 33.25 24.25 3.75 4.25 6.00 2.25 1.75 4.25 4.25 4.00 4.00 5.25 1.25 5.75 3.00 1.75 5.00 1.25 10.50 9.50 12.00 40.75 19.25 28.50 14.75 47.25 42.00 38.00 68.25 54.25 75.00 87.25 63.75 53.00 46.25 75.25 81.75 68.25 73.25 87.75 96.00 90.25 83.75 85.25 95.75 92.50 77.00 111.00 128.25 120.25 123.00 129.50 162.25 162.25 144.25 132.75 166.25 131.25 101.50 90.00 136.50 119.50 94.25 87.00 152.50 162.00 84.00 69.00 59.75 62.25 81.00 59.50 107.25 94.00 103.25 106.50 87.75 50.00 52.00 64.25 61.50 53.75 82.75 67.00 79.00 116.25 111.75 115.50 87.50 99.00 100.25 125.00 80.25 82.00 65.00 93.50 80.50 64.50 74.75 71.75 70.50 78.75 89.25 98.75 66.00 82.75 89.50 94.75 78.25 83.00 100.75 83.25 93.25 94.00 103.25 97.00 89.25 100.50 119.50 106.50 54.50 44.50 57.00 23.25 22.75 23.00 21.25 30.00 40.50 43.75 73.00 68.75 80.50 76.50 91.25 79.75 72.75 49.25 47.75 54.25 34.25 30.25 61.00 57.00 37.75 34.50 36.50 59.50 71.75 84.50 99.00 83.25 74.00 106.50 126.75 119.75 100.50 76.00 90.75 57.75 54.50 66.00 46.50 46.25 43.50 33.25 49.75 65.25 64.75 58.25 86.25 116.00 156.25 108.00 101.50 102.00 76.00 57.50 42.50 22.50 30.00 29.00 20.50 27.75 15.50 21.00 48.00 62.00 62.50 57.75 66.00 88.00 50.25 84.50 52.00 55.75 46.25 43.75 42.25 62.50 41.50 42.00 46.25 43.00 49.25 72.00 136.00 78.50 42.00 103.75 61.25 62.75 109.25 106.00 81.75
119.50 70.75 92.50 70.25 43.50 27.75 40.75 78.75 84.50 80.00 80.50 100.75 68.75 84.25 87.75 80.25 99.50 86.00 95.00 101.75 158.25 97.25 72.75 82.50 92.25 95.50 68.75 74.00 142.75 120.50 123.75 97.50 90.75 78.25 111.00 99.25 81.25 82.25 86.75 82.50 57.75 82.25 79.50 128.75 152.50 85.75 84.75 122.25 93.50 120.50 196.75 144.50 67.00 68.75 112.25 91.25 57.00 52.00 71.75 97.25 81.00 49.50 34.75 39.75 55.00 84.50 72.75 87.50 86.50 60.25 105.75 115.25 95.50 74.75 56.25 68.75 73.00 53.00 55.75 31.25 46.75 53.25 44.50 25.25 30.25 35.75 42.25 30.25 24.75 22.75 23.25 22.50 15.75 16.75 17.50 17.50 35.25 34.25 21.00 20.50 23.00 20.75 15.00 17.75 24.00 26.75 59.50 33.00 28.25 24.25 50.25 38.25 95.25 68.25 76.00 69.25 64.25 80.25 82.00 77.00 116.25 103.75 143.75 144.75 122.25 97.75 112.75 122.00 165.50 107.25 161.50 131.25 171.00 154.75 139.50 106.00 140.75 113.25 129.25 132.50 107.50 118.75 120.00 87.00 85.75 76.00 86.50 85.75 64.00 137.25 156.25 80.00 73.50 77.25 75.50 99.25 69.50 107.75 104.50 114.75 91.25 119.25 74.75 66.00 72.50 60.50 55.00 74.25 76.50 84.50 86.00 92.50 109.00 95.25 89.50 96.00 90.50 93.25 58.50 89.25 79.25 76.50 75.50 84.75 84.75 90.25 106.25 98.25 85.25 78.75 68.50 90.50 92.75 80.25 99.75 78.75 68.00 93.50 109.75 115.25 90.50 87.50 101.25 108.25 126.00 112.00 70.50 59.50 51.25 29.00 35.75 31.00 54.00 50.00 93.50 113.00 104.75 79.50 77.50 74.00 79.50 92.75 114.75 112.25 133.50 112.75 69.50 45.50 41.50 35.00 55.25 44.25 65.50 90.25 115.25 113.00 61.25 70.00 112.00 116.25 86.25 74.25 108.75 93.75 72.75 64.50 70.75 60.00 77.50 49.75 48.75 104.25 57.25 70.00 63.50 112.25 158.75 87.25 59.75 57.75 64.50 65.75 53.25 42.75 61.00 51.00 42.00 38.75 38.50 45.75 29.00 38.75 55.50 67.75 52.25 67.25 86.25 58.75 66.00 54.75 41.25 65.25 76.00 47.00 57.00 52.25 43.00 51.50 41.75 40.75 68.00 84.75 68.25 98.00 82.50 76.25 54.75 50.25 82.50 93.50
132.50 91.25 67.75 73.75 98.00 60.00 84.75 108.25 69.25 112.00 95.75 128.75 62.75 50.50 56.00 48.25 105.25 78.00 91.50 135.25 168.50 87.25 64.50 120.75 72.50 97.50 98.75 71.50 94.00 90.25 58.50 94.25 101.00 92.75 146.50 104.75 89.00 79.00 108.50 101.75 119.75 79.00 97.75 137.75 199.25 117.75 139.00 141.25 65.50 78.25 116.25 104.75 53.25 58.75 77.25 87.25 92.50 61.25 47.75 68.75 57.25 29.25 43.25 38.00 34.75 55.75 58.75 71.50 56.75 72.25 66.00 98.00 84.00 56.25 59.00 57.75 48.50 43.25 62.00 29.25 39.75 38.50 45.50 40.50 30.75 29.50 43.50 31.75 27.75 19.50 27.75 27.50 22.50 35.25 37.75 28.00 36.50 34.00 21.00 22.25 19.75 22.75 36.00 43.25 43.50 55.00 108.50 83.75 44.00 52.50 64.75 35.75 80.75 77.25 64.00 72.00 85.25 91.75 134.00 129.25 100.50 141.50 146.75 128.75 146.75 145.50 152.50 159.75 144.00 136.00 116.75 138.00 161.00 79.50 82.00 93.75 60.50 84.00 48.25 95.75 90.25 97.75 115.25 125.50 129.25 109.25 63.75 94.25 114.00 111.50 135.75 50.25 75.00 72.25 83.75 65.50 78.25 118.00 119.50 102.50 94.50 73.25 74.75 98.75 91.25 81.25 87.25 87.50 100.00 97.75 75.75 92.50 103.25 95.50 67.75 104.00 91.50 80.00 72.50 88.75 82.00 77.00 90.25 106.00 108.25 101.50 94.75 83.00 88.25 106.75 61.75 74.75 67.00 60.25 93.25 86.25 98.75 90.00 95.00 102.25 109.00 111.25 124.25 107.50 117.00 108.75 83.75 73.00 71.50 52.25 32.75 37.50 40.75 70.00 107.00 117.00 132.75 102.50 51.50 50.25 69.25 71.50 109.75 124.25 119.75 116.00 110.75 75.00 63.75 58.75 53.00 52.50 77.50 88.25 97.50 103.00 78.25 75.50 88.75 97.00 90.75 91.50 83.50 67.25 65.75 76.25 62.50 71.00 79.75 46.25 50.25 70.50 44.50 65.75 86.50 116.75 102.25 41.50 54.25 48.00 60.25 45.00 60.75 40.50 35.75 35.00 41.50 51.00 41.75 67.25 65.75 80.25 51.25 67.25 66.00 47.25 64.50 77.75 75.00 56.75 52.00 88.25 73.25 29.00 39.00 57.00 51.00 41.50 40.50 34.25 67.25 52.75 52.50 160.25 94.25 71.25 82.50 74.25 76.25 79.25
155.50 77.75 92.75 49.25 76.00 105.75 121.75 147.00 72.25 59.50 93.00 80.50 73.50 37.00 87.75 75.00 59.00 68.75 54.25 54.00 119.25 134.25 85.75 132.50 77.75 78.75 97.50 51.25 79.50 104.25 56.00 61.75 88.50 121.50 158.25 147.25 112.00 75.50 82.00 102.50 101.00 62.50 85.00 122.50 169.50 165.50 101.25 71.00 80.50 82.25 77.00 111.75 93.50 75.00 83.25 88.25 62.00 52.75 56.00 56.50 43.25 42.25 57.75 28.75 38.50 67.50 43.00 55.00 53.00 75.25 84.50 57.75 58.50 48.25 62.50 60.50 46.00 47.25 41.75 45.50 26.25 32.50 47.25 34.25 25.00 22.25 45.50 37.00 55.75 33.25 32.25 22.50 22.00 21.25 24.75 31.00 57.75 40.75 32.25 20.75 27.00 30.25 51.75 59.50 82.75 101.50 71.50 49.00 52.25 48.00 60.50 57.00 57.75 75.75 146.25 178.00 146.00 152.25 169.75 154.50 127.50 147.75 121.00 151.00 158.50 111.25 101.00 84.25 110.50 84.75 100.25 157.50 92.75 112.50 109.00 88.00 83.25 79.50 77.25 69.50 63.50 74.75 59.50 119.75 122.00 97.50 79.75 82.50 115.25 109.00 156.25 61.00 58.50 69.25 97.50 112.75 85.50 106.00 103.75 78.00 106.50 99.00 93.75 72.75 77.25 120.50 100.75 126.25 118.00 94.75 60.75 71.25 85.50 89.50 98.75 82.75 106.75 62.75 79.25 63.50 70.50 72.50 76.75 60.25 90.00 111.00 93.25 84.25 109.25 136.50 69.75 53.75 57.50 55.50 63.75 73.00 100.50 84.00 91.00 98.00 124.50 99.00 108.00 102.00 89.50 106.75 71.50 79.00 53.75 36.00 37.00 34.50 39.25 69.75 102.25 91.75 106.50 101.75 73.25 88.75 99.50 66.75 81.75 121.00 142.75 97.25 121.50 100.25 89.00 116.50 65.00 71.25 82.75 99.25 83.25 92.75 105.25 109.50 87.75 96.00 108.75 90.00 64.25 46.50 50.50 57.75 70.50 61.75 78.75 50.50 81.25 65.75 62.25 72.25 117.25 90.25 56.00 57.25 56.00 36.25 63.75 44.00 58.50 66.00 90.25 60.75 58.25 84.00 63.00 59.25 53.25 56.25 80.25 62.75 42.75 67.75 75.00 118.75 50.25 45.75 38.50 54.75 84.50 41.75 45.00 48.50 57.00 48.75 44.50 44.75 102.00 54.25 54.25 84.50 100.00 100.75 75.75 83.00 51.00 101.50
87.00 73.75 108.50 82.50 56.75 78.50 88.75 109.25 76.00 54.00 81.00 67.25 126.00 108.00 126.25 108.75 73.75 99.25 101.25 77.50 88.25 163.00 92.75 128.25 93.00 86.50 106.25 60.25 101.25 113.75 155.50 147.50 169.25 168.50 150.50 145.50 157.50 76.25 89.25 82.50 114.00 56.00 102.75 69.25 100.75 151.25 105.00 80.50 108.25 103.75 88.50 91.50 107.75 72.25 57.50 60.00 52.25 56.00 57.25 51.50 72.50 46.75 47.75 64.25 60.75 60.25 75.50 62.00 65.75 73.75 54.25 58.50 54.00 67.50 75.25 73.25 61.00 43.75 56.25 45.00 56.75 45.00 50.50 73.25 62.25 46.25 59.50 59.50 83.50 57.00 27.50 35.25 43.50 41.25 35.00 33.25 41.00 111.50 93.50 119.00 130.00 163.50 158.50 129.00 215.25 164.75 86.75 49.00 53.25 58.50 74.75 47.75 72.00 89.00 105.00 91.50 122.50 157.50 153.50 107.25 97.00 101.00 98.00 146.00 101.50 107.25 173.25 85.00 84.25 93.50 122.50 135.00 139.50 181.50 172.25 217.50 174.50 105.00 101.00 64.75 57.00 71.25 70.50 74.00 128.25 166.75 59.75 106.50 158.75 160.50 74.75 55.50 75.50 69.00 86.25 73.00 56.75 79.50 73.75 90.25 76.75 80.50 91.25 99.75 96.00 88.25 98.25 96.50 95.25 66.25 60.50 62.00 69.25 76.75 87.50 54.50 62.75 85.25 75.50 88.50 82.25 66.50 61.00 71.00 78.00 89.00 105.50 105.75 107.75 99.00 89.00 68.75 67.25 43.50 54.00 67.00 84.00 110.75 93.00 85.25 88.00 101.25 105.00 82.75 69.50 67.75 58.00 58.50 56.50 59.50 40.75 44.75 41.00 69.00 97.00 90.25 88.50 78.00 66.75 104.25 124.00 65.00 116.75 111.50 112.25 85.75 108.00 79.75 101.75 121.50 106.00 85.50 68.25 99.00 105.25 113.00 103.25 105.00 86.75 109.50 113.75 84.50 56.50 59.00 53.00 51.50 55.75 61.25 58.25 68.75 82.00 80.75 77.25 79.75 109.75 91.50 66.75 80.50 87.25 56.25 88.00 65.75 59.50 59.50 39.50 57.25 68.75 93.00 115.75 130.50 130.25 120.75 122.00 120.25 89.00 83.50 127.50 183.50 101.50 107.25 62.50 77.50 71.25 45.50 42.00 64.50 68.50 87.25 79.00 57.75 65.00 79.00 80.75 81.25 89.00 97.50 66.50 83.00 76.75 95.50
74.00 54.50 44.50 70.00 73.00 61.50 92.25 90.50 72.50 59.50 104.00 103.50 140.75 121.00 99.25 62.50 61.75 79.00 99.75 150.75 111.00 133.25 126.25 134.25 98.25 96.25 93.00 74.75 78.00 130.50 179.75 134.50 107.00 184.00 170.00 153.75 164.50 108.75 81.75 117.00 170.50 67.00 78.75 53.00 56.25 104.25 124.75 94.75 132.25 98.50 91.00 76.25 65.50 58.75 60.75 58.25 46.50 46.50 40.75 54.25 89.50 58.50 67.25 64.75 71.75 54.00 52.50 40.50 38.00 42.00 37.25 31.25 29.25 39.25 33.50 59.00 44.25 29.25 35.25 46.00 60.25 55.00 80.75 96.50 74.50 66.25 58.50 56.50 41.50 76.75 77.00 88.00 101.00 130.75 164.00 152.50 187.50 176.25 177.75 137.75 139.50 100.75 133.50 177.75 233.75 204.25 66.75 59.25 47.00 64.75 67.25 54.00 54.50 102.25 66.25 62.00 91.25 106.75 130.25 82.50 101.00 172.75 77.00 118.75 96.50 143.00 172.00 176.00 193.50 210.25 167.00 176.50 122.75 109.50 68.00 55.75 67.00 87.00 96.00 60.75 47.50 71.00 73.25 49.25 107.00 146.00 114.25 111.50 140.00 134.75 62.25 74.75 81.50 101.00 111.75 72.00 66.75 104.25 100.75 83.25 81.00 72.75 131.50 100.75 112.75 89.25 76.75 70.00 62.25 51.75 57.25 67.50 67.75 82.00 77.50 71.50 81.00 93.75 73.75 81.00 79.00 79.00 79.75 72.50 73.25 96.00 109.00 92.25 103.50 98.50 76.00 57.50 64.25 65.50 66.25 75.25 90.00 66.50 91.50 92.25 95.50 106.25 111.50 104.50 95.75 98.00 78.25 61.50 59.50 75.25 44.00 42.50 44.50 68.50 81.75 80.25 90.00 98.50 92.50 81.75 78.25 102.00 101.75 94.25 87.50 114.25 113.00 101.75 89.75 92.50 94.50 94.25 82.00 107.00 117.25 89.25 118.25 85.75 100.75 80.00 81.00 59.50 56.25 39.50 52.75 50.50 60.50 51.75 61.75 68.50 67.00 83.50 98.00 122.75 105.25 142.50 129.00 140.25 135.25 61.50 41.00 53.25 129.25 129.50 123.50 122.00 115.25 154.50 156.25 164.50 189.50 173.50 175.75 143.25 133.25 63.75 105.75 172.00 106.25 78.50 67.25 68.75 84.50 56.00 46.25 79.75 56.50 48.00 42.25 46.00 49.50 80.00 69.50 88.25 83.00 102.75 87.25 38.00 49.50 78.00
95.00 139.25 129.50 76.75 128.25 92.50 67.00 81.75 81.00 51.75 65.00 104.75 94.00 116.75 119.75 59.25 47.00 42.25 109.75 111.75 121.75 110.25 121.00 123.50 102.00 75.25 84.00 73.75 111.75 158.00 133.00 112.75 128.50 133.25 149.50 116.50 92.25 76.00 57.50 47.50 51.25 43.50 34.75 47.00 47.25 49.75 90.25 87.25 78.50 88.25 74.25 73.75 70.00 63.00 75.00 87.50 82.25 53.75 65.00 64.25 63.75 60.50 59.75 66.25 62.25 75.50 70.25 76.75 72.50 91.25 48.25 72.25 116.00 76.00 65.50 70.00 83.75 98.50 101.75 127.50 135.75 149.50 173.50 149.00 100.25 83.25 158.50 133.50 122.00 142.25 134.75 133.00 136.00 103.75 116.00 136.25 137.00 122.25 149.50 99.50 121.00 107.75 94.25 154.00 182.75 223.75 101.50 58.50 65.50 73.25 64.75 61.75 60.75 60.25 44.50 50.00 78.50 134.75 121.25 74.75 129.50 155.25 161.25 160.75 153.75 132.50 113.50 79.25 69.50 74.75 50.50 73.75 57.75 57.00 64.00 57.25 68.25 67.25 114.75 102.75 64.50 60.75 73.25 57.50 87.75 140.25 116.50 97.50 156.00 131.50 38.00 43.25 53.00 81.25 79.75 49.00 52.25 107.00 101.25 128.25 87.00 104.00 113.50 107.75 79.50 82.75 62.75 35.25 62.25 64.00 65.50 73.75 67.50 100.00 111.00 108.25 96.25 106.00 72.00 63.25 87.25 79.75 97.00 55.00 53.75 55.00 68.00 72.75 64.25 69.75 55.00 69.00 54.25 62.00 57.75 52.75 93.25 86.50 78.50 65.25 100.50 100.75 78.75 110.50 89.00 92.75 120.75 69.50 62.00 64.50 56.75 35.25 50.00 64.50 50.75 53.75 85.25 70.50 87.75 121.25 111.75 73.00 93.50 105.00 94.00 101.75 100.75 108.25 105.50 90.75 115.25 81.00 118.00 113.25 103.25 110.25 103.75 82.25 102.00 78.25 76.75 62.00 36.25 63.75 57.00 61.00 69.00 66.00 62.50 57.75 65.00 105.25 89.75 144.75 142.75 174.25 198.00 164.50 186.25 108.25 100.00 101.00 149.00 153.75 217.00 175.50 181.50 179.50 151.00 112.75 100.50 62.50 117.75 163.75 187.00 107.75 93.25 133.75 98.75 77.00 46.00 49.25 99.50 54.50 40.00 56.25 40.50 43.75 41.00 35.25 54.00 81.75 109.25 114.75 124.25 96.75 93.75 123.50 104.00 127.50
103.00 139.25 136.50 107.00 113.25 75.00 46.00 41.25 71.00 57.50 89.00 94.50 126.75 96.25 130.25 107.75 120.50 69.75 73.50 139.25 152.00 150.25 99.25 81.50 93.75 62.25 60.50 69.25 43.75 86.25 115.75 97.25 76.50 68.50 73.00 70.00 35.00 35.50 40.00 34.75 42.00 34.50 46.25 29.75 35.75 33.25 40.50 30.25 40.25 52.50 43.00 56.00 54.00 45.00 50.00 54.00 96.00 67.25 58.25 53.25 59.25 55.50 70.00 62.50 67.75 105.00 103.25 98.50 78.25 90.00 86.00 68.50 179.00 137.75 183.00 133.75 163.75 181.25 177.50 224.50 224.50 207.25 153.00 194.00 188.50 157.25 180.50 132.25 141.25 142.25 137.00 112.75 130.00 159.00 149.75 112.25 134.50 146.25 130.50 100.25 76.50 123.75 92.25 193.75 196.75 215.50 144.50 84.50 82.25 66.75 62.00 64.50 53.25 55.75 74.75 61.50 69.25 143.75 90.25 79.75 168.25 236.50 204.25 61.50 60.00 59.50 67.50 52.50 52.75 61.25 48.25 62.50 64.50 59.75 55.75 37.25 29.75 61.00 73.25 119.50 103.00 63.25 72.00 64.25 65.75 81.75 75.00 107.00 122.25 122.75 49.00 61.25 62.25 44.00 79.00 51.75 56.50 119.75 108.50 95.25 89.25 79.00 105.50 99.50 84.25 100.00 77.75 45.75 45.75 56.00 55.00 62.50 112.25 109.25 123.00 105.25 93.75 119.75 92.00 75.75 63.50 75.00 74.50 45.75 60.25 51.00 67.50 87.75 89.00 102.25 61.25 53.75 65.50 57.75 55.75 35.50 59.50 73.00 73.25 85.00 73.50 77.50 95.00 120.75 107.75 93.25 117.75 81.50 63.25 69.50 57.25 48.50 58.00 73.75 51.75 65.25 95.50 94.25 110.50 90.75 99.25 90.75 70.75 81.75 75.75 115.25 107.50 110.25 101.75 73.25 91.00 107.50 122.75 108.00 115.00 109.25 81.25 87.00 52.75 47.00 54.00 58.75 26.75 47.25 55.00 79.25 92.00 123.25 78.75 71.25 76.00 81.25 131.75 158.50 143.00 125.25 118.00 110.00 220.00 150.00 142.25 72.75 83.25 92.25 98.00 64.75 100.75 113.25 115.25 117.00 124.50 99.75 144.25 162.75 169.50 108.25 88.25 141.00 180.25 74.75 59.50 41.00 163.00 57.75 37.25 39.00 46.75 51.75 64.75 56.00 50.25 93.50 95.25 93.00 120.75 105.25 107.50 168.50 158.50 126.00
105.00 101.75 75.75 66.00 94.00 102.50 105.25 64.50 108.00 79.00 133.25 174.75 151.00 65.00 203.25 156.00 170.00 122.25 91.25 121.25 88.00 100.50 112.50 64.50 80.50 63.00 50.00 48.25 30.25 48.25 58.75 69.25 57.50 46.75 45.00 39.25 36.00 43.00 46.50 34.75 46.00 51.00 34.75 26.00 20.50 30.25 20.00 25.25 20.50 42.50 37.00 56.00 37.00 38.25 59.25 70.50 51.50 77.50 63.75 58.00 69.25 95.25 84.00 149.75 180.25 163.75 141.75 143.00 128.00 125.75 125.00 152.00 179.50 185.75 170.00 168.50 163.00 173.50 208.00 217.25 244.50 218.25 189.50 202.25 237.00 212.75 186.75 156.00 159.50 136.25 129.50 132.00 169.00 116.25 117.50 108.75 111.75 108.50 106.25 116.00 107.00 130.25 124.75 139.75 236.50 212.00 166.00 97.50 66.00 75.00 60.25 51.25 54.00 79.00 75.00 72.50 53.25 122.00 107.00 80.50 102.25 232.50 243.25 82.00 63.50 54.75 67.50 50.25 42.50 44.00 37.50 45.50 39.00 25.00 50.50 33.75 38.00 30.00 64.25 60.25 130.75 102.50 96.00 94.75 90.75 95.75 68.75 127.50 116.75 108.25 50.25 54.50 67.00 78.50 108.50 76.00 81.25 83.50 114.00 83.50 77.25 79.50 112.25 98.00 72.50 75.25 61.00 38.75 58.00 47.75 38.50 55.25 108.00 88.75 114.00 90.25 85.75 98.75 113.50 76.50 86.00 74.75 66.00 54.50 37.00 49.75 84.25 82.25 81.00 86.50 102.75 68.50 64.00 71.75 42.75 52.50 59.75 67.00 84.25 78.75 63.00 106.00 76.00 84.25 77.75 85.50 73.75 91.50 72.50 46.75 64.00 44.50 72.25 75.25 53.50 60.25 76.50 101.75 96.75 105.75 121.50 95.00 93.25 115.75 82.00 91.25 116.75 103.75 88.25 63.75 65.75 103.50 109.25 102.50 98.25 82.00 100.25 110.50 46.75 43.00 56.75 39.50 57.00 94.00 91.25 110.00 140.75 116.00 106.25 102.50 68.75 103.50 111.25 119.50 126.00 85.00 163.75 158.00 229.50 127.75 149.00 64.75 81.00 80.50 69.25 76.00 70.75 73.75 63.25 75.25 66.75 53.00 82.00 173.00 231.75 156.75 119.00 154.50 208.00 117.25 99.00 56.25 83.50 59.25 44.50 59.00 63.50 43.50 62.00 43.50 57.75 80.75 88.50 82.50 112.75 109.75 109.50 191.50 202.00 149.00
75.25 111.25 107.75 153.25 192.25 164.75 169.00 109.00 139.75 73.25 80.00 103.50 107.25 83.25 133.00 111.25 93.25 164.50 48.75 69.00 57.00 49.50 69.25 63.50 81.25 77.25 70.50 65.00 55.25 53.00 56.50 63.75 63.25 42.75 44.25 29.00 36.75 46.00 36.25 38.50 42.75 58.25 46.50 22.75 34.25 28.00 27.50 16.75 26.75 32.75 33.00 30.50 38.50 44.00 50.00 70.50 41.75 54.00 54.50 72.25 75.75 149.25 165.50 192.75 150.25 111.00 169.50 147.75 106.25 100.50 108.50 129.50 181.50 181.75 178.00 167.50 188.25 203.50 221.50 220.50 201.25 182.50 201.50 169.50 197.25 155.50 146.00 133.00 126.25 153.25 117.25 131.00 108.25 124.25 159.75 151.25 118.25 122.75 110.25 76.25 62.50 76.25 75.25 130.00 190.00 175.25 172.75 117.25 69.50 95.25 67.50 47.00 47.25 80.50 102.00 115.50 58.75 78.25 136.00 82.75 68.25 170.25 226.00 118.00 55.00 66.50 60.50 53.25 65.75 50.75 56.25 56.50 56.75 42.50 44.75 41.75 36.50 52.00 56.75 55.00 52.25 132.00 159.25 124.00 72.50 74.00 90.75 134.25 107.00 102.50 55.25 57.75 88.75 63.50 74.00 73.25 64.00 84.75 90.25 86.00 71.00 73.25 79.25 95.50 82.25 71.50 51.00 33.50 41.25 41.50 55.00 55.25 70.50 74.00 96.50 80.00 80.00 110.75 93.50 83.50 81.25 89.00 74.25 52.25 59.25 62.50 88.00 71.50 92.50 88.75 61.25 43.00 60.00 59.50 55.75 43.75 73.25 50.00 70.75 77.75 94.75 66.75 70.00 68.25 85.00 68.75 92.50 111.50 72.00 60.00 85.50 84.25 59.00 57.25 32.75 52.75 47.25 46.50 79.00 87.50 75.75 84.00 83.00 94.50 79.75 101.00 77.75 66.50 63.50 73.25 65.00 99.25 87.25 79.25 107.00 116.25 94.75 83.50 56.75 64.25 57.25 87.50 96.00 107.25 93.25 80.00 83.75 93.00 94.25 85.00 59.75 78.50 78.50 81.00 96.50 102.25 85.75 102.00 182.25 168.25 174.00 137.25 91.50 69.25 57.00 63.25 53.00 60.50 62.00 45.25 57.50 66.50 60.00 124.25 197.75 162.25 106.00 135.50 180.50 126.75 139.75 62.25 62.00 80.75 46.00 56.50 56.50 47.00 52.50 51.75 63.25 75.75 111.00 119.50 124.50 94.75 118.25 153.25 224.25 169.50
91.00 79.00 82.25 127.75 89.75 111.75 79.50 56.50 127.75 86.25 56.50 69.75 61.75 56.00 54.00 44.25 63.00 104.25 84.50 71.75 56.00 48.00 58.00 56.50 65.25 55.00 70.50 103.25 74.50 52.25 38.75 75.50 49.50 38.50 41.00 34.25 29.25 22.75 41.00 48.00 41.25 49.75 54.25 43.75 29.75 43.00 45.75 54.50 49.50 32.75 36.75 47.00 45.25 45.00 48.25 69.50 49.25 90.25 96.75 76.75 107.50 83.00 132.25 114.75 101.50 101.25 123.75 112.25 109.75 96.25 117.50 132.50 177.25 174.00 191.25 191.00 166.50 149.75 115.50 156.75 206.50 149.50 96.00 147.50 187.00 133.00 129.25 153.50 85.00 92.50 77.25 90.25 48.50 74.75 57.50 62.25 65.00 70.25 67.75 62.75 61.50 69.00 62.25 97.50 195.75 189.50 190.25 81.75 79.50 61.50 60.00 55.50 46.25 93.50 105.00 74.50 39.75 55.00 156.75 88.75 80.25 128.75 194.25 128.50 53.00 56.00 35.00 47.75 52.25 46.50 47.75 50.25 50.00 27.25 41.50 30.25 32.50 42.00 37.50 45.00 32.75 60.25 54.75 82.75 124.00 141.00 80.50 132.25 145.00 113.50 42.00 72.25 91.50 84.50 76.75 64.00 70.00 59.75 49.75 50.50 69.00 98.00 106.00 97.75 87.00 76.25 61.25 51.25 48.75 65.75 41.50 58.75 81.75 89.25 99.00 108.00 84.00 114.75 92.50 75.00 68.00 64.25 90.00 65.00 42.25 53.25 96.75 81.50 76.75 75.75 81.00 57.25 72.25 66.75 67.00 49.50 61.25 41.50 55.00 64.25 92.00 105.75 93.25 66.75 61.25 53.75 92.75 91.50 57.50 39.50 44.00 102.75 89.50 51.25 38.75 29.50 41.75 34.00 61.75 54.50 80.75 56.50 52.50 76.00 54.00 59.75 59.00 61.00 67.75 82.50 105.00 110.50 97.25 96.00 120.75 85.25 53.75 87.25 48.25 47.50 72.75 107.25 103.75 93.00 142.75 101.00 100.00 91.50 109.50 125.25 90.25 68.75 58.50 70.00 110.25 86.50 62.00 48.25 94.00 115.50 199.00 140.25 84.50 87.25 55.25 40.25 62.00 55.00 41.50 51.75 46.50 53.25 39.75 55.75 144.75 96.50 95.00 110.75 142.50 116.00 114.25 66.00 48.00 110.25 55.00 51.75 36.00 33.25 37.25 57.25 37.25 49.00 102.75 106.50 103.75 100.00 97.50 100.75 141.75 117.00
107.50 101.75 62.75 104.00 97.25 77.75 79.75 54.75 130.75 75.25 61.50 52.50 37.50 76.75 58.75 57.50 63.50 50.25 55.75 50.50 67.25 56.00 60.25 64.25 70.25 65.25 57.00 50.00 54.00 30.00 64.00 89.25 99.75 86.50 53.75 45.00 33.00 47.75 83.50 129.00 115.50 79.25 68.00 68.00 59.00 56.25 70.25 63.00 53.75 47.75 47.00 62.25 91.00 68.25 66.50 70.50 65.00 77.25 77.25 66.00 67.00 51.25 79.75 63.00 64.25 65.00 91.25 102.25 99.25 110.25 140.50 122.00 90.00 105.25 129.00 133.50 125.00 128.50 123.75 141.00 218.25 123.50 87.25 95.50 132.00 105.00 74.50 78.75 50.50 72.00 70.75 56.75 60.25 57.25 43.75 61.00 64.25 62.25 40.00 58.50 99.75 153.50 84.75 78.00 180.00 188.75 214.00 94.00 76.50 88.75 74.50 44.25 39.25 66.00 82.50 67.50 42.25 60.50 136.00 94.50 66.50 123.50 206.00 178.00 48.00 59.00 50.00 60.75 60.00 72.75 42.25 44.50 25.00 25.75 29.75 28.50 24.75 34.25 46.25 33.50 36.00 61.75 59.75 80.25 174.00 155.50 139.50 138.75 147.25 89.25 52.50 77.25 83.00 76.75 62.75 64.00 100.50 90.75 87.25 68.75 93.25 97.25 119.75 89.50 109.00 98.50 77.50 58.25 62.00 52.75 37.75 55.75 65.50 87.25 81.75 89.25 105.50 118.25 120.75 66.75 57.00 80.25 83.00 83.00 54.75 66.00 114.00 93.50 112.50 104.25 116.50 110.75 81.50 76.75 57.00 54.25 67.75 53.00 52.50 83.00 79.75 82.50 91.50 87.25 99.00 120.50 81.25 105.75 68.75 65.50 68.50 63.50 83.75 59.50 50.75 46.00 45.00 35.50 39.00 55.50 71.25 40.25 46.25 45.00 40.00 58.00 57.50 60.25 112.50 116.00 111.75 95.25 83.75 100.75 88.25 97.75 62.50 56.50 48.00 69.00 91.75 106.25 124.00 129.75 129.00 109.25 71.00 95.50 98.25 102.75 59.25 70.75 55.00 42.25 36.75 68.75 60.75 74.50 93.50 105.00 218.50 129.50 98.25 79.00 47.25 37.00 60.75 63.25 28.50 45.75 54.00 38.00 30.25 60.75 136.50 87.50 40.75 53.25 90.25 75.25 64.50 48.25 67.00 102.25 69.25 62.00 42.50 49.75 29.50 70.75 24.00 56.00 82.75 114.25 105.75 88.75 96.75 57.50 113.50 148.00

# LH component
1 43977
2 15542
0 348
3 132
4 1

# HL component
1 27290
2 32171
3 273
0 265
4 1

# HH component
2 53899
1 5840
3 243
0 17
4 1

